Record_ID,Timestamp,Flight_ID,Cargo_Volume,Cargo_Type,Shipment_Priority,Arrival_Departure,Terminal_ID,Gate_Assigned,Handling_Time,Waiting_Time,Workforce_Assigned,Equipment_Used,Equipment_Type,Facility_Utilization,Storage_Occupancy,Queue_Length,Flight_Delay,Peak_Hour_Indicator,Weather_Condition,Operational_Cost,Energy_Consumption,Throughput_Rate,Bottleneck_Flag,Demand_Forecast,Real_Time_Load,Allocation_Strategy,Allocation_Efficiency_Class
1,2024-03-22 01:39:00,FL8546,48.07,Hazardous,Medium,Arrival,T4,17,23.24,8.57,13,6,Crane,47.1,96.06,73,52.07,0,Clear,1362.3,487.29,83.04,0,118.29,28.15,Optimized,Moderate Efficiency
2,2024-01-19 05:05:00,FL9797,114.33,Express,High,Departure,T2,32,106.85,33.66,31,12,Loader,88.56,45.3,47,79.87,0,Clear,1193.42,602.07,25.17,1,123.53,70.81,Optimized,Low Efficiency
3,2024-07-19 06:29:00,FL6490,89.18,Hazardous,Low,Arrival,T1,46,165.06,43.53,48,1,Forklift,63.74,46.02,23,62.79,0,Storm,4419.53,970.64,99.91,1,12.72,27.26,Baseline,Low Efficiency
4,2024-06-27 07:47:00,FL8577,73.85,Express,Low,Departure,T4,7,49.02,36.21,8,12,Forklift,79.16,63.67,75,81.54,0,Rain,4832.66,1024.58,18.09,1,140.04,80.36,Optimized,Low Efficiency
5,2024-06-11 12:53:00,FL7782,22.94,Express,Medium,Departure,T1,39,76.42,110.79,44,9,Loader,60.68,30.52,50,49.71,0,Fog,3300.43,219.5,22.47,1,136.87,18.6,Adaptive,Low Efficiency
6,2024-04-11 14:36:00,FL1917,22.94,Hazardous,Critical,Arrival,T4,14,72.97,31.74,21,7,Forklift,80.14,97.55,65,15.74,0,Storm,4555.65,1246.93,80.0,0,94.18,28.71,Optimized,Low Efficiency
7,2024-03-15 15:13:00,FL9537,11.68,Perishable,Medium,Arrival,T4,15,76.95,58.77,41,8,Loader,93.35,32.26,16,22.17,1,Clear,4167.0,992.04,32.46,0,58.84,55.52,Baseline,Low Efficiency
8,2024-03-04 07:21:00,FL5904,104.61,Express,Medium,Departure,T2,44,26.7,115.1,7,7,Crane,82.08,71.73,50,15.88,1,Storm,1193.06,558.29,35.2,0,61.66,81.56,Optimized,Low Efficiency
9,2024-11-03 05:37:00,FL6169,74.13,Hazardous,High,Departure,T3,12,64.64,106.11,8,5,Crane,80.28,54.78,13,30.17,1,Storm,1503.36,416.9,106.4,1,84.93,26.05,Adaptive,Moderate Efficiency
10,2024-01-24 03:26:00,FL9779,86.43,General,Critical,Departure,T3,8,67.18,40.56,44,5,Conveyor,85.44,37.21,84,42.98,1,Clear,804.92,944.32,50.06,0,50.83,133.07,Adaptive,Low Efficiency
11,2024-01-22 16:44:00,FL1306,7.37,Hazardous,High,Arrival,T2,16,158.54,42.55,20,7,Conveyor,70.01,31.72,80,23.03,1,Fog,2633.26,1074.24,111.34,1,89.25,49.25,Adaptive,Low Efficiency
12,2024-03-09 05:26:00,FL4412,116.54,General,Critical,Departure,T4,41,76.34,73.23,15,7,Loader,53.22,48.37,80,42.81,0,Storm,1957.77,1399.77,21.96,1,96.51,91.74,Optimized,Low Efficiency
13,2024-06-08 04:58:00,FL6434,100.73,Express,Low,Arrival,T3,34,91.55,110.55,31,2,Loader,88.93,37.47,35,32.79,0,Fog,2417.21,358.99,112.48,1,111.99,29.88,Optimized,Low Efficiency
14,2024-06-18 10:02:00,FL6793,29.42,Hazardous,Low,Arrival,T3,46,80.92,6.15,30,2,Crane,78.91,95.82,32,49.98,0,Fog,538.99,804.09,110.62,0,19.21,113.41,Baseline,Moderate Efficiency
15,2024-01-20 07:44:00,FL2084,25.91,Hazardous,High,Arrival,T3,24,39.31,50.21,35,7,Forklift,58.83,47.13,87,38.57,1,Clear,3745.6,1437.25,69.37,0,19.35,85.55,Optimized,Low Efficiency
16,2024-05-24 18:56:00,FL3446,26.09,General,High,Departure,T2,29,178.46,102.72,38,5,Loader,56.55,36.59,25,39.07,1,Storm,1402.57,1373.35,93.42,1,139.15,140.79,Baseline,Low Efficiency
17,2024-11-01 11:38:00,FL5595,39.99,Hazardous,Low,Arrival,T1,16,152.13,52.2,12,2,Forklift,70.0,83.88,43,44.16,0,Storm,2157.2,769.05,58.09,0,114.23,106.21,Adaptive,Low Efficiency
18,2024-06-09 12:28:00,FL1510,65.35,Hazardous,Low,Departure,T1,5,106.55,87.81,43,1,Conveyor,52.44,59.0,28,88.91,0,Fog,2310.69,872.86,94.23,0,57.88,147.42,Baseline,Low Efficiency
19,2024-11-23 02:29:00,FL6556,54.67,Express,High,Arrival,T1,5,96.22,84.57,5,9,Crane,92.69,89.06,66,50.09,0,Storm,798.1,1383.1,36.74,0,13.46,123.74,Optimized,Low Efficiency
20,2024-07-21 13:44:00,FL7147,38.49,Hazardous,Low,Departure,T1,30,123.88,28.63,6,11,Loader,87.31,88.69,67,65.1,0,Fog,2144.82,144.97,109.35,0,95.31,84.2,Adaptive,Moderate Efficiency
21,2024-01-05 17:34:00,FL9753,75.36,Perishable,Medium,Departure,T1,5,72.23,56.7,31,8,Conveyor,58.5,99.47,95,37.51,1,Clear,4549.31,1466.68,96.73,0,44.86,41.5,Baseline,Low Efficiency
22,2024-04-26 06:14:00,FL3719,21.04,General,Medium,Arrival,T3,43,28.05,70.11,49,2,Loader,42.96,86.27,97,29.33,1,Clear,4519.42,1467.79,90.58,0,18.13,57.66,Adaptive,Low Efficiency
23,2024-11-03 17:43:00,FL7382,38.6,Hazardous,Medium,Departure,T3,13,84.69,87.28,47,2,Conveyor,43.11,44.99,33,82.49,0,Clear,610.65,1422.11,98.53,0,115.71,62.56,Adaptive,Low Efficiency
24,2024-09-04 18:18:00,FL4070,47.13,General,High,Arrival,T4,35,177.44,99.57,7,3,Crane,57.83,71.05,47,66.81,1,Fog,634.05,1451.71,47.93,0,146.73,137.84,Baseline,Low Efficiency
25,2024-07-21 08:09:00,FL2914,57.45,General,Medium,Arrival,T3,49,49.18,92.39,38,4,Loader,48.85,66.84,35,52.42,0,Storm,3172.85,525.7,30.89,1,114.6,46.03,Optimized,Low Efficiency
26,2024-04-23 05:12:00,FL6050,95.3,General,High,Arrival,T2,25,104.43,8.26,20,9,Loader,92.4,65.57,64,30.28,1,Storm,1421.7,151.9,49.03,1,25.7,111.1,Adaptive,Low Efficiency
27,2024-06-05 18:52:00,FL6152,27.96,Hazardous,Medium,Arrival,T4,14,21.36,82.12,5,12,Forklift,65.25,50.78,90,23.21,1,Rain,4543.3,498.08,14.26,1,61.48,92.34,Baseline,Low Efficiency
28,2024-09-02 02:24:00,FL1518,64.14,Hazardous,Medium,Arrival,T3,44,39.53,62.19,11,6,Forklift,60.88,44.71,12,22.69,0,Rain,2672.84,583.93,39.73,1,44.75,34.06,Adaptive,Low Efficiency
29,2024-03-15 10:15:00,FL5448,73.13,General,High,Arrival,T4,46,113.95,70.99,39,3,Loader,53.07,80.18,53,45.34,1,Clear,1966.07,593.45,76.8,0,62.36,47.56,Optimized,Low Efficiency
30,2024-03-08 12:51:00,FL7780,10.34,Perishable,Low,Arrival,T4,26,67.59,47.89,26,14,Crane,90.47,37.12,44,78.73,1,Storm,4789.75,1052.64,103.12,0,88.06,49.75,Baseline,Moderate Efficiency
31,2024-10-03 15:42:00,FL2422,74.87,General,Low,Departure,T1,18,164.91,87.11,36,8,Forklift,87.55,33.47,46,79.29,0,Fog,1930.68,1309.06,112.34,1,98.88,35.09,Baseline,Low Efficiency
32,2024-03-11 10:14:00,FL9143,24.61,Perishable,Low,Arrival,T4,20,84.99,82.5,30,6,Loader,63.06,56.69,11,67.05,0,Fog,1943.73,410.78,89.44,0,53.15,119.83,Optimized,Low Efficiency
33,2024-09-18 09:37:00,FL4893,12.48,General,Low,Arrival,T3,34,53.29,71.64,10,8,Loader,50.16,82.07,70,48.82,0,Fog,1098.94,726.2,108.1,0,104.4,53.85,Baseline,Low Efficiency
34,2024-09-07 11:03:00,FL7088,114.12,Express,Medium,Departure,T1,7,107.29,104.08,15,10,Conveyor,97.12,90.8,89,21.14,0,Storm,1500.13,629.92,42.05,1,105.81,84.73,Adaptive,Low Efficiency
35,2024-07-11 14:50:00,FL8404,116.05,General,High,Departure,T3,47,147.2,16.72,35,12,Crane,58.95,67.81,46,43.1,1,Storm,3922.21,1170.44,84.55,0,149.03,113.15,Optimized,Low Efficiency
36,2024-02-01 15:21:00,FL5958,97.97,General,High,Arrival,T1,10,23.11,39.62,25,2,Forklift,86.27,88.8,59,62.53,0,Clear,3918.86,545.05,117.44,0,77.35,145.62,Optimized,High Efficiency
37,2024-11-30 13:01:00,FL4541,40.03,Hazardous,High,Arrival,T3,15,100.88,61.94,26,8,Forklift,67.78,31.77,59,53.55,0,Rain,2239.69,178.7,77.19,1,56.02,137.42,Optimized,Low Efficiency
38,2024-03-31 21:29:00,FL9603,16.23,Perishable,Medium,Arrival,T1,17,143.75,115.24,5,11,Conveyor,86.9,61.88,34,46.26,1,Storm,2072.19,567.33,57.07,1,130.1,39.7,Adaptive,Low Efficiency
39,2024-10-02 15:22:00,FL5953,83.69,Express,Medium,Departure,T1,11,36.57,13.28,25,5,Loader,68.9,39.34,99,38.54,0,Fog,2382.78,595.56,38.9,0,33.55,135.17,Baseline,Low Efficiency
40,2024-02-27 09:07:00,FL3867,55.62,Perishable,Medium,Arrival,T2,34,164.45,43.76,49,10,Forklift,95.53,70.79,21,67.73,0,Storm,1853.77,1251.34,44.62,0,72.56,128.46,Baseline,Low Efficiency
41,2024-08-01 11:39:00,FL2838,19.03,Express,Low,Departure,T3,27,62.32,111.48,24,14,Loader,88.03,94.47,82,75.8,0,Rain,3235.07,867.05,32.27,0,97.72,14.19,Optimized,Low Efficiency
42,2024-09-20 08:01:00,FL7131,61.95,General,Low,Arrival,T4,21,47.3,108.26,13,14,Forklift,55.62,30.5,72,65.06,0,Rain,4264.62,832.92,87.32,0,29.95,133.85,Adaptive,Low Efficiency
43,2024-05-20 00:29:00,FL1612,8.95,Hazardous,Medium,Arrival,T1,31,114.28,104.5,31,12,Forklift,65.82,76.78,98,84.41,1,Fog,542.18,938.36,89.64,1,17.64,84.82,Adaptive,Low Efficiency
44,2024-02-20 15:33:00,FL4311,109.57,Hazardous,Critical,Departure,T3,4,48.0,40.46,33,4,Loader,46.04,85.46,52,70.19,1,Clear,4712.03,886.04,95.75,1,65.6,36.82,Adaptive,Low Efficiency
45,2024-02-03 08:50:00,FL2517,34.76,Perishable,Low,Arrival,T1,41,128.75,102.39,47,3,Loader,94.21,82.11,48,40.55,1,Rain,1030.79,1054.31,61.42,0,58.98,149.35,Optimized,Low Efficiency
46,2024-06-14 22:48:00,FL8270,81.19,Hazardous,Low,Arrival,T2,49,98.42,63.11,37,12,Forklift,44.16,31.38,78,55.51,0,Rain,4548.68,1365.45,25.21,0,114.3,53.66,Baseline,Low Efficiency
47,2024-07-29 17:25:00,FL9290,40.85,Perishable,High,Arrival,T2,17,37.59,76.27,49,9,Conveyor,41.09,42.17,19,45.39,0,Rain,1551.01,1326.89,56.41,0,84.64,36.27,Adaptive,Low Efficiency
48,2024-02-28 02:27:00,FL1408,64.81,Perishable,Low,Departure,T2,49,166.0,32.46,5,10,Conveyor,69.79,36.61,84,49.17,0,Rain,4626.65,793.45,92.34,0,13.18,34.22,Baseline,Low Efficiency
49,2024-06-18 12:18:00,FL8907,67.87,Express,High,Arrival,T2,48,127.71,86.27,7,7,Conveyor,76.19,35.98,4,80.61,0,Rain,4042.99,1285.5,104.14,0,138.68,83.69,Adaptive,Low Efficiency
50,2024-03-14 13:07:00,FL9192,26.26,Perishable,High,Arrival,T4,20,107.36,42.69,36,7,Conveyor,53.39,81.11,32,27.08,0,Storm,1711.26,1308.24,18.93,0,130.52,34.47,Adaptive,Low Efficiency
51,2024-10-03 19:11:00,FL3524,116.5,Express,Critical,Departure,T4,25,79.89,44.55,24,6,Conveyor,74.23,59.74,90,1.18,0,Fog,627.24,1205.37,36.83,0,20.46,82.78,Optimized,Low Efficiency
52,2024-07-21 09:56:00,FL4116,94.14,Hazardous,Medium,Departure,T1,40,41.58,78.23,21,9,Loader,93.73,80.74,28,62.61,1,Storm,3721.29,158.88,115.82,1,45.69,113.21,Optimized,Moderate Efficiency
53,2024-11-26 03:55:00,FL6572,113.04,Perishable,High,Arrival,T3,23,133.2,32.58,41,3,Forklift,77.57,55.25,76,16.29,1,Clear,4197.93,1026.87,57.52,0,97.34,142.81,Optimized,Low Efficiency
54,2024-09-22 15:54:00,FL8921,107.91,Perishable,Medium,Arrival,T2,15,150.18,30.81,42,14,Conveyor,67.34,38.19,58,13.88,0,Rain,3558.94,538.5,17.77,1,35.26,61.46,Baseline,Low Efficiency
55,2024-04-28 10:35:00,FL9579,73.76,General,High,Departure,T2,33,40.13,47.45,14,1,Crane,48.67,80.29,74,89.32,1,Clear,2217.5,1322.59,32.41,1,146.34,146.63,Optimized,Low Efficiency
56,2024-09-26 13:22:00,FL6084,111.02,Perishable,Medium,Arrival,T4,19,99.13,94.48,47,7,Forklift,50.14,73.82,41,24.01,0,Clear,1073.26,497.55,101.03,0,68.9,148.45,Optimized,Low Efficiency
57,2024-09-15 16:48:00,FL6363,15.18,Perishable,Low,Arrival,T4,15,97.58,30.84,49,9,Crane,69.06,37.91,99,18.34,0,Fog,2061.72,1386.08,93.54,0,108.64,92.32,Adaptive,Low Efficiency
58,2024-06-01 13:24:00,FL3347,27.54,General,Medium,Departure,T2,41,75.99,95.54,33,6,Loader,67.79,94.71,33,17.19,0,Storm,1708.63,961.17,33.92,0,81.57,52.35,Optimized,Low Efficiency
59,2024-07-13 09:46:00,FL2609,10.2,General,Medium,Arrival,T3,5,146.29,84.99,46,10,Forklift,71.34,51.62,14,37.11,1,Clear,3753.9,1003.08,21.17,0,53.16,129.43,Baseline,Low Efficiency
60,2024-02-21 23:50:00,FL9456,42.41,Hazardous,High,Arrival,T1,16,35.92,83.09,36,2,Loader,70.47,75.83,87,36.85,1,Clear,1217.12,1342.83,18.73,0,107.57,17.45,Optimized,Low Efficiency
61,2024-05-04 14:51:00,FL3174,49.7,Perishable,High,Departure,T1,45,52.8,59.6,17,13,Crane,60.48,32.24,82,56.92,0,Clear,4187.94,1479.56,64.96,1,76.55,71.69,Baseline,Low Efficiency
62,2024-06-27 06:22:00,FL4361,36.21,Hazardous,High,Arrival,T1,48,20.26,90.78,35,8,Forklift,81.75,61.01,53,9.33,0,Clear,3253.74,532.61,86.51,1,99.01,98.73,Optimized,Moderate Efficiency
63,2024-04-28 23:39:00,FL1598,100.3,Hazardous,Low,Arrival,T1,32,79.68,6.55,8,9,Forklift,52.73,97.51,76,57.19,1,Rain,2671.56,224.41,45.61,0,65.03,147.38,Optimized,Low Efficiency
64,2024-12-02 14:34:00,FL8526,46.03,General,High,Arrival,T3,22,66.59,40.14,22,10,Loader,91.14,92.06,42,40.83,0,Fog,2121.04,1112.69,19.48,1,149.63,107.35,Adaptive,Low Efficiency
65,2024-10-03 07:27:00,FL7350,37.31,Express,Medium,Departure,T3,43,158.72,83.1,15,8,Forklift,51.66,45.49,36,18.69,1,Fog,2783.72,198.25,64.12,0,38.92,42.36,Optimized,Low Efficiency
66,2024-07-15 13:40:00,FL9558,67.41,Hazardous,Critical,Arrival,T3,32,139.33,118.54,46,9,Crane,64.95,91.54,25,70.04,1,Fog,2930.67,847.41,34.09,0,35.64,129.49,Optimized,Low Efficiency
67,2024-06-08 22:03:00,FL2897,21.21,Express,Critical,Departure,T4,13,33.52,5.29,22,1,Loader,52.64,50.51,52,42.67,0,Clear,1566.43,583.35,29.9,0,11.32,102.08,Optimized,Low Efficiency
68,2024-08-24 03:15:00,FL1067,97.25,Perishable,Low,Departure,T2,38,138.55,63.65,45,3,Crane,77.11,89.66,40,64.54,0,Clear,4949.4,645.99,95.21,1,131.88,131.02,Optimized,Low Efficiency
69,2024-02-10 17:35:00,FL6095,13.57,General,High,Arrival,T3,26,128.06,111.24,41,3,Forklift,68.66,81.05,86,82.85,0,Rain,4592.96,429.68,76.48,0,32.0,107.42,Optimized,Low Efficiency
70,2024-06-15 18:54:00,FL1721,118.49,Perishable,Low,Departure,T1,17,65.08,104.31,37,14,Crane,62.46,54.64,70,31.81,0,Clear,2258.59,1079.08,44.66,0,44.53,58.67,Optimized,Low Efficiency
71,2024-01-24 08:59:00,FL2426,93.81,Perishable,Medium,Arrival,T3,5,22.47,7.66,41,9,Forklift,68.51,93.76,80,80.81,0,Storm,1643.1,900.66,60.66,0,38.89,26.32,Optimized,Moderate Efficiency
72,2024-08-17 16:56:00,FL6460,27.85,General,Medium,Arrival,T2,49,38.43,65.9,7,3,Crane,65.27,63.97,62,18.03,1,Storm,1881.7,1433.42,34.63,1,147.09,106.85,Adaptive,Low Efficiency
73,2024-10-19 02:51:00,FL8649,5.64,Perishable,Low,Arrival,T4,33,59.99,5.49,5,14,Crane,91.31,52.24,87,19.99,0,Clear,4910.76,597.75,71.78,0,129.43,38.44,Baseline,Moderate Efficiency
74,2024-07-13 23:06:00,FL1755,98.78,General,High,Departure,T1,27,150.66,95.8,23,10,Conveyor,47.46,49.58,9,59.73,0,Storm,2331.79,652.01,93.27,0,114.87,19.16,Baseline,Low Efficiency
75,2024-02-18 04:43:00,FL2689,86.29,Express,Low,Arrival,T4,5,94.45,40.52,10,1,Forklift,87.59,95.73,99,9.24,0,Storm,4603.69,331.01,57.12,1,64.34,50.98,Optimized,Low Efficiency
76,2024-06-02 15:11:00,FL9529,88.84,Perishable,Low,Arrival,T3,37,166.94,93.04,14,3,Conveyor,79.32,83.1,93,40.93,1,Fog,765.61,956.33,52.21,1,10.95,54.38,Baseline,Low Efficiency
77,2024-08-17 03:23:00,FL6119,93.7,General,Medium,Arrival,T1,7,146.26,113.65,41,2,Conveyor,60.9,54.49,78,19.24,0,Clear,3995.58,232.93,37.69,1,145.5,148.95,Baseline,Low Efficiency
78,2024-06-03 19:55:00,FL1368,13.52,Hazardous,High,Departure,T1,48,65.94,117.25,16,9,Loader,95.15,47.79,69,51.38,0,Fog,3929.57,1455.43,45.58,1,38.46,88.88,Adaptive,Low Efficiency
79,2024-12-29 12:41:00,FL6114,46.22,Perishable,Critical,Departure,T3,18,155.26,107.82,48,14,Loader,50.62,44.81,21,72.61,0,Storm,3429.44,1374.1,49.61,1,19.21,148.6,Baseline,Low Efficiency
80,2024-10-15 02:10:00,FL4438,18.32,Express,High,Arrival,T3,31,38.68,28.48,21,1,Crane,58.62,47.11,53,3.82,1,Fog,1045.03,1079.57,44.41,1,63.24,118.14,Optimized,Low Efficiency
81,2024-11-30 03:01:00,FL6257,104.26,General,High,Arrival,T2,6,25.78,27.38,31,11,Forklift,62.49,37.77,70,37.2,0,Storm,4916.3,544.2,19.93,0,49.02,79.23,Adaptive,Low Efficiency
82,2024-04-14 00:51:00,FL4285,76.68,Perishable,Medium,Arrival,T3,2,117.37,76.96,6,2,Loader,78.87,63.93,1,65.76,0,Fog,1457.51,598.61,26.26,0,142.17,49.79,Adaptive,Low Efficiency
83,2024-07-11 21:06:00,FL4154,43.05,Perishable,Low,Arrival,T3,13,74.68,67.57,29,1,Conveyor,96.78,32.88,31,30.8,0,Clear,3693.7,221.98,119.59,0,13.82,41.39,Adaptive,Moderate Efficiency
84,2024-04-11 16:13:00,FL5695,12.31,Perishable,Low,Departure,T3,42,72.71,6.1,48,9,Forklift,75.61,30.81,45,3.75,1,Storm,3881.64,445.84,49.93,0,147.04,42.8,Adaptive,Low Efficiency
85,2024-06-28 14:07:00,FL5532,40.76,Express,Medium,Departure,T1,11,129.95,50.05,32,7,Crane,91.38,73.27,28,53.22,0,Clear,3919.64,594.23,98.59,0,92.14,130.6,Adaptive,Low Efficiency
86,2024-07-10 07:44:00,FL9720,42.4,General,High,Departure,T2,26,156.02,109.27,49,14,Crane,94.3,36.19,3,10.81,1,Rain,4217.02,727.1,88.9,0,51.98,65.49,Optimized,Low Efficiency
87,2024-11-07 23:25:00,FL6228,88.9,Hazardous,Medium,Departure,T1,21,71.55,108.31,41,13,Loader,67.99,89.16,87,33.29,0,Storm,4951.06,749.98,72.06,1,131.54,73.16,Optimized,Low Efficiency
88,2024-10-17 20:01:00,FL8227,78.32,Hazardous,High,Departure,T3,2,72.0,28.45,41,1,Loader,68.35,37.47,40,89.15,0,Fog,931.96,1339.15,59.48,0,68.39,96.41,Optimized,Low Efficiency
89,2024-09-20 14:20:00,FL2927,107.03,Hazardous,Medium,Departure,T2,40,105.42,48.93,21,13,Loader,55.0,67.99,4,35.82,0,Rain,2624.85,729.75,83.18,0,84.56,17.85,Adaptive,Low Efficiency
90,2024-06-08 16:54:00,FL5467,59.3,General,Low,Departure,T3,20,124.51,69.44,9,13,Crane,76.1,77.29,70,75.86,1,Clear,4886.78,1440.4,74.26,0,29.98,76.47,Adaptive,Low Efficiency
91,2024-04-10 17:31:00,FL3446,18.75,Hazardous,Low,Arrival,T1,17,52.46,103.07,23,10,Conveyor,47.2,46.04,76,77.38,0,Clear,4469.38,217.34,90.73,0,133.24,12.24,Adaptive,Low Efficiency
92,2024-12-25 08:48:00,FL3580,87.02,Express,High,Arrival,T1,16,166.03,66.18,8,12,Loader,78.06,92.18,12,23.65,0,Clear,4957.79,395.37,119.32,1,132.96,114.28,Baseline,Low Efficiency
93,2024-03-07 04:45:00,FL5483,92.49,General,High,Arrival,T3,42,124.71,116.34,43,6,Crane,93.57,63.7,62,53.6,0,Rain,3120.96,643.18,44.64,1,115.23,13.2,Optimized,Low Efficiency
94,2024-02-04 07:25:00,FL2875,69.55,Perishable,Critical,Arrival,T2,5,120.03,96.89,47,5,Forklift,85.65,52.07,71,85.27,1,Storm,3527.82,1343.42,46.73,0,111.64,108.71,Baseline,Low Efficiency
95,2024-03-20 20:15:00,FL1249,93.66,Express,Low,Arrival,T1,14,164.67,114.61,42,10,Crane,78.95,93.08,92,54.57,0,Storm,1687.12,271.1,85.81,0,38.03,38.11,Adaptive,Low Efficiency
96,2024-04-21 07:05:00,FL9422,61.79,Perishable,Critical,Arrival,T3,24,165.16,89.12,49,14,Forklift,90.3,90.08,90,73.19,0,Clear,2562.49,597.09,102.9,0,71.97,123.76,Baseline,Low Efficiency
97,2024-04-26 11:53:00,FL2677,65.11,Hazardous,Low,Departure,T4,4,41.69,105.93,48,11,Forklift,83.79,79.67,48,41.63,0,Clear,594.27,257.04,30.89,0,22.87,54.3,Baseline,Low Efficiency
98,2024-11-03 09:46:00,FL4384,54.17,Express,Low,Arrival,T3,48,43.21,100.57,34,5,Conveyor,71.78,50.33,7,64.74,0,Clear,3738.74,1183.59,104.02,0,92.81,136.63,Optimized,Moderate Efficiency
99,2024-02-16 06:13:00,FL9888,7.92,General,Critical,Departure,T3,24,141.91,34.19,36,4,Loader,71.26,57.31,57,1.97,0,Rain,4666.45,495.45,108.61,0,39.56,113.41,Optimized,Low Efficiency
100,2024-10-07 04:17:00,FL6739,17.41,Express,Low,Arrival,T2,47,173.1,31.4,41,3,Forklift,46.42,78.28,56,70.87,0,Rain,1004.67,708.13,53.43,0,51.79,39.4,Optimized,Low Efficiency
101,2024-10-04 21:16:00,FL6218,8.61,Perishable,High,Departure,T3,9,126.64,104.4,31,14,Loader,66.06,42.97,67,60.47,0,Clear,2544.7,1244.41,39.32,0,124.19,133.86,Adaptive,Low Efficiency
102,2024-12-06 19:45:00,FL5440,78.19,General,Low,Departure,T4,3,85.81,14.74,36,13,Crane,71.35,64.66,13,32.3,0,Fog,3304.25,334.98,54.06,0,147.92,12.86,Baseline,Low Efficiency
103,2024-07-02 01:46:00,FL3319,41.15,Express,Medium,Arrival,T3,9,129.36,51.98,46,8,Loader,68.2,81.64,52,37.53,1,Storm,3344.8,1426.03,30.53,0,63.17,96.91,Baseline,Low Efficiency
104,2024-01-09 08:38:00,FL5641,63.49,Express,Critical,Arrival,T4,18,56.61,99.38,15,7,Crane,86.56,76.04,63,29.4,0,Rain,1879.39,651.5,16.51,0,121.21,127.78,Optimized,Low Efficiency
105,2024-03-24 09:56:00,FL5011,109.37,Express,Medium,Arrival,T1,36,179.67,98.52,45,5,Forklift,49.66,80.4,41,47.19,0,Storm,589.03,562.56,97.7,1,28.48,28.13,Baseline,Low Efficiency
106,2024-07-13 07:06:00,FL3806,33.67,Express,High,Arrival,T3,19,88.97,20.96,17,12,Conveyor,87.69,92.43,75,9.78,1,Rain,4495.17,367.06,72.68,0,84.04,16.33,Baseline,Low Efficiency
107,2024-09-04 16:59:00,FL2167,52.19,General,Low,Arrival,T2,24,169.07,61.09,39,9,Forklift,84.5,97.78,23,76.04,1,Fog,913.0,754.52,64.35,0,87.17,134.43,Adaptive,Low Efficiency
108,2024-03-22 05:30:00,FL6101,91.89,Perishable,High,Departure,T3,4,88.93,60.18,21,12,Crane,94.05,62.09,47,43.02,0,Rain,1299.56,1472.98,33.54,0,134.35,51.5,Baseline,Low Efficiency
109,2024-08-01 17:17:00,FL6549,31.31,Express,Medium,Arrival,T4,9,168.5,42.23,34,7,Forklift,62.41,34.2,65,3.88,1,Storm,4832.54,787.38,70.77,0,43.8,103.13,Optimized,Low Efficiency
110,2024-11-12 14:04:00,FL9856,13.85,General,Low,Departure,T4,33,73.71,110.48,22,10,Conveyor,50.59,88.4,98,49.77,1,Fog,2751.68,732.99,54.18,0,18.99,127.26,Optimized,Low Efficiency
111,2024-04-25 04:00:00,FL8268,38.32,Perishable,Medium,Departure,T2,1,141.69,80.11,41,2,Loader,85.52,38.26,31,83.75,0,Fog,4433.17,110.68,65.68,0,58.98,25.44,Baseline,Low Efficiency
112,2024-11-26 09:23:00,FL1831,23.54,Express,Low,Departure,T4,35,172.16,117.72,34,7,Crane,75.31,45.36,97,7.87,0,Fog,4536.25,502.74,19.99,0,114.47,62.84,Optimized,Low Efficiency
113,2024-01-03 08:42:00,FL3131,111.92,Perishable,Critical,Arrival,T3,10,123.36,12.68,30,7,Loader,82.75,75.72,36,11.09,1,Fog,4952.49,419.07,111.51,1,16.44,111.77,Optimized,Low Efficiency
114,2024-07-10 19:03:00,FL1475,97.93,Perishable,Medium,Arrival,T4,12,128.41,50.35,20,4,Conveyor,99.8,82.2,14,34.85,0,Storm,683.16,154.57,94.06,1,30.46,20.74,Baseline,Low Efficiency
115,2024-12-30 12:22:00,FL8712,77.84,General,Low,Arrival,T3,18,36.46,101.04,15,12,Forklift,51.67,78.63,37,66.21,1,Fog,738.5,724.44,91.53,0,16.35,114.78,Baseline,Low Efficiency
116,2024-05-10 02:10:00,FL1826,105.22,Perishable,Medium,Arrival,T3,14,95.88,53.61,8,12,Conveyor,64.66,60.69,32,54.42,0,Storm,1358.25,289.85,74.0,0,79.5,133.29,Baseline,Low Efficiency
117,2024-03-18 11:39:00,FL2735,97.42,General,Medium,Arrival,T4,10,161.88,35.12,45,8,Crane,51.56,94.26,53,41.22,0,Rain,3453.79,804.17,35.04,1,125.5,121.28,Optimized,Low Efficiency
118,2024-08-05 07:42:00,FL7284,26.46,Express,High,Arrival,T2,10,58.55,119.75,19,4,Crane,91.64,88.25,28,89.35,1,Storm,1678.85,736.5,21.39,0,47.31,43.47,Adaptive,Low Efficiency
119,2024-05-24 20:13:00,FL1881,107.64,Perishable,Critical,Departure,T1,18,146.14,105.41,16,7,Forklift,41.02,76.46,65,16.72,1,Clear,2730.31,411.8,49.75,0,14.4,127.41,Adaptive,Low Efficiency
120,2024-04-21 07:03:00,FL2410,67.02,Perishable,Medium,Arrival,T2,24,128.11,67.84,31,4,Crane,48.11,60.88,47,73.96,1,Fog,4038.61,1217.68,55.41,0,34.71,106.61,Baseline,Low Efficiency
121,2024-09-29 06:37:00,FL7987,97.86,Hazardous,Critical,Departure,T1,1,55.68,69.6,8,13,Conveyor,54.87,62.47,71,11.15,1,Storm,1336.06,1397.54,93.71,0,21.72,114.61,Optimized,Low Efficiency
122,2024-04-27 15:16:00,FL7421,108.05,Express,Medium,Departure,T2,30,65.25,5.79,39,8,Crane,86.28,42.32,80,16.16,0,Rain,1786.48,287.68,26.29,0,87.48,114.66,Optimized,Low Efficiency
123,2024-01-01 09:59:00,FL3932,41.57,Express,Low,Arrival,T3,15,88.41,117.81,25,14,Loader,77.71,84.58,32,26.59,0,Clear,3773.87,236.32,99.85,0,80.02,72.99,Baseline,Low Efficiency
124,2024-08-24 01:02:00,FL8304,17.66,Hazardous,High,Arrival,T3,8,40.02,97.72,40,14,Conveyor,63.32,90.62,24,78.58,0,Clear,534.59,582.72,58.72,0,44.31,136.15,Adaptive,Low Efficiency
125,2024-12-21 19:00:00,FL6826,31.21,Hazardous,Medium,Arrival,T4,35,166.14,9.22,6,3,Conveyor,49.52,87.91,14,39.98,1,Rain,3908.21,954.62,98.0,0,127.92,27.35,Baseline,Low Efficiency
126,2024-01-15 04:22:00,FL6119,54.12,General,High,Arrival,T1,18,138.3,25.28,43,2,Crane,59.3,68.3,47,35.62,0,Clear,3543.25,984.78,64.42,0,67.52,144.22,Optimized,Low Efficiency
127,2024-03-22 11:01:00,FL6444,99.07,General,Critical,Arrival,T1,41,78.39,99.42,32,10,Forklift,84.61,88.66,79,44.17,1,Clear,1083.14,974.95,15.67,0,145.67,10.94,Optimized,Low Efficiency
128,2024-09-21 07:32:00,FL4246,103.98,Perishable,Medium,Arrival,T4,16,67.95,14.99,38,6,Forklift,62.92,85.33,1,56.78,0,Storm,1597.36,906.0,76.89,0,42.64,117.56,Adaptive,Low Efficiency
129,2024-08-11 22:11:00,FL9740,5.8,Perishable,Critical,Departure,T2,21,130.33,113.31,37,7,Forklift,67.76,88.27,92,38.11,0,Fog,569.32,640.09,56.99,0,97.16,36.06,Baseline,Low Efficiency
130,2024-06-23 08:43:00,FL2286,63.74,Perishable,High,Departure,T4,15,87.88,119.99,12,7,Crane,76.52,98.74,19,86.63,0,Storm,3116.36,1194.8,60.52,0,121.37,19.04,Adaptive,Low Efficiency
131,2024-02-12 04:18:00,FL8629,53.0,Perishable,Medium,Departure,T2,5,56.69,106.94,12,6,Crane,94.77,86.7,58,12.18,1,Fog,2286.92,1434.5,96.08,1,36.47,79.9,Adaptive,Moderate Efficiency
132,2024-06-24 09:32:00,FL3159,30.54,General,High,Departure,T4,45,88.82,89.97,46,11,Crane,55.01,48.95,7,42.81,1,Storm,2405.45,925.48,34.48,0,121.06,81.93,Baseline,Low Efficiency
133,2024-02-27 08:22:00,FL2522,18.78,Express,Medium,Departure,T1,7,159.41,61.04,26,8,Conveyor,66.88,87.46,82,37.39,0,Rain,964.33,407.2,12.82,0,133.8,103.62,Optimized,Low Efficiency
134,2024-03-03 08:54:00,FL8672,43.83,Perishable,Critical,Departure,T1,48,30.98,14.48,31,12,Conveyor,58.62,56.29,77,62.34,0,Fog,2085.39,886.48,41.48,0,103.48,93.23,Adaptive,Low Efficiency
135,2024-12-19 21:17:00,FL2593,113.43,Express,High,Arrival,T2,7,78.94,89.0,32,6,Crane,67.97,66.13,64,86.68,0,Clear,4635.49,1157.76,27.06,1,135.43,14.38,Baseline,Low Efficiency
136,2024-02-20 09:34:00,FL8464,42.17,Perishable,Low,Arrival,T1,27,173.97,50.64,15,6,Forklift,81.79,85.75,18,25.96,1,Clear,791.31,1261.56,47.82,0,64.95,38.61,Adaptive,Low Efficiency
137,2024-04-01 13:49:00,FL6085,64.66,Hazardous,Medium,Arrival,T1,25,22.37,70.58,31,3,Loader,68.92,52.17,63,85.98,0,Storm,4887.31,1105.55,32.88,0,66.25,110.24,Optimized,Low Efficiency
138,2024-04-03 11:48:00,FL8625,85.85,Perishable,High,Departure,T1,22,162.5,38.74,5,12,Forklift,90.07,31.83,68,74.49,1,Fog,4316.04,1346.7,20.67,0,12.58,141.94,Optimized,Low Efficiency
139,2024-12-12 02:09:00,FL8709,46.82,Perishable,Low,Departure,T1,48,79.97,32.85,43,2,Conveyor,73.2,80.27,50,72.94,0,Rain,1413.45,1432.83,101.03,0,121.86,117.25,Baseline,Moderate Efficiency
140,2024-04-30 05:48:00,FL4796,116.75,Perishable,Low,Departure,T3,13,50.32,42.29,32,7,Conveyor,63.15,93.15,68,6.58,0,Rain,3674.4,788.81,33.04,1,14.64,147.99,Optimized,Low Efficiency
141,2024-07-12 00:12:00,FL4666,115.68,General,Medium,Arrival,T4,17,22.4,98.59,31,6,Forklift,86.94,94.95,91,84.65,1,Fog,909.26,857.36,50.02,1,46.94,27.4,Baseline,Low Efficiency
142,2024-11-04 02:52:00,FL3354,33.95,Hazardous,Medium,Arrival,T4,41,31.28,54.05,12,1,Forklift,65.88,85.92,16,75.5,0,Rain,1218.5,572.52,10.21,0,96.83,144.18,Baseline,Low Efficiency
143,2024-06-03 05:26:00,FL5227,62.18,Perishable,Medium,Arrival,T3,44,47.49,40.85,28,2,Conveyor,70.93,95.46,14,61.61,0,Storm,2695.83,1022.45,94.89,1,95.08,62.36,Baseline,Moderate Efficiency
144,2024-05-26 11:22:00,FL6954,39.6,Perishable,Low,Departure,T1,13,24.07,54.79,44,2,Conveyor,99.68,87.45,62,11.51,0,Rain,2302.05,933.91,60.96,0,77.27,88.46,Optimized,Moderate Efficiency
145,2024-08-14 23:38:00,FL7423,37.76,Express,Low,Departure,T4,26,73.74,8.71,40,1,Crane,87.19,32.11,78,37.8,0,Clear,4167.63,350.2,105.11,0,96.47,146.7,Baseline,Moderate Efficiency
146,2024-10-17 12:53:00,FL4004,9.24,Hazardous,High,Departure,T4,9,27.18,107.42,28,3,Loader,91.31,54.48,7,75.62,1,Fog,4726.65,1072.1,15.81,0,55.12,72.66,Baseline,Low Efficiency
147,2024-09-28 21:59:00,FL6412,75.1,Perishable,Medium,Arrival,T4,5,130.75,68.45,46,5,Crane,75.57,53.53,56,39.38,0,Fog,4742.67,1227.03,28.02,0,38.52,54.06,Adaptive,Low Efficiency
148,2024-11-15 00:21:00,FL6320,62.81,Express,Low,Departure,T2,39,151.03,17.06,26,4,Crane,60.89,45.34,14,39.28,0,Clear,1161.51,353.46,38.35,1,51.02,120.71,Optimized,Low Efficiency
149,2024-11-24 18:17:00,FL8426,10.92,Express,Medium,Arrival,T3,33,161.99,38.17,14,12,Forklift,99.48,85.86,42,24.31,0,Clear,3588.03,329.9,107.7,1,44.66,108.66,Baseline,Low Efficiency
150,2024-03-29 02:42:00,FL8987,37.04,General,Medium,Arrival,T2,4,107.86,118.11,8,2,Forklift,54.64,66.41,70,4.61,0,Fog,3068.54,994.71,48.94,0,70.08,13.06,Adaptive,Low Efficiency
151,2024-06-29 12:27:00,FL1495,109.45,Express,Low,Arrival,T2,28,171.44,73.2,12,8,Loader,92.37,88.54,62,46.17,0,Fog,2166.04,262.64,30.56,0,116.16,77.92,Baseline,Low Efficiency
152,2024-06-12 14:52:00,FL2070,32.55,Perishable,Low,Arrival,T3,26,20.9,38.51,43,9,Crane,94.68,72.09,43,69.7,0,Clear,4976.73,1233.39,98.16,0,55.53,139.25,Adaptive,Moderate Efficiency
153,2024-02-16 14:56:00,FL8787,21.66,General,Low,Arrival,T4,4,41.44,54.03,19,8,Crane,89.05,71.34,57,13.15,0,Rain,2552.2,1000.16,43.26,1,59.81,86.59,Adaptive,Low Efficiency
154,2024-09-03 04:28:00,FL2849,61.29,General,High,Arrival,T2,16,66.91,34.72,12,7,Conveyor,46.85,56.89,91,80.44,0,Storm,3493.99,145.37,48.46,0,107.64,95.88,Adaptive,Low Efficiency
155,2024-01-16 07:36:00,FL6758,118.35,Perishable,High,Arrival,T4,37,146.24,8.66,33,10,Conveyor,91.25,85.27,75,49.98,0,Clear,2762.79,1178.57,82.01,0,137.86,78.3,Optimized,Low Efficiency
156,2024-06-16 13:32:00,FL8842,32.84,Hazardous,High,Departure,T2,22,161.66,101.83,46,2,Loader,79.83,77.82,31,73.11,1,Storm,963.07,813.86,52.22,1,46.44,92.04,Baseline,Low Efficiency
157,2024-06-09 08:34:00,FL8556,82.3,Express,High,Arrival,T4,36,118.9,38.64,43,6,Forklift,80.85,53.71,51,60.03,1,Rain,1134.95,794.62,11.81,0,112.99,51.41,Optimized,Low Efficiency
158,2024-01-06 05:40:00,FL3798,92.59,General,High,Departure,T1,38,81.32,101.42,39,11,Conveyor,87.19,99.55,67,12.15,0,Fog,3875.64,536.65,118.81,1,97.33,38.46,Optimized,Moderate Efficiency
159,2024-02-21 16:41:00,FL5624,32.33,Hazardous,Medium,Arrival,T1,35,126.54,60.03,45,4,Loader,69.43,62.4,1,81.59,0,Fog,4107.58,496.86,36.25,0,82.98,64.9,Adaptive,Low Efficiency
160,2024-02-12 20:53:00,FL6711,88.74,Perishable,High,Arrival,T1,25,48.94,26.03,18,5,Crane,56.03,52.16,80,64.63,1,Fog,2137.18,800.44,36.88,0,12.67,42.52,Adaptive,Low Efficiency
161,2024-06-15 17:02:00,FL3087,47.3,Express,Low,Arrival,T3,8,93.26,97.21,36,9,Loader,74.5,78.15,44,3.2,0,Fog,801.32,104.41,24.73,1,63.3,137.49,Baseline,Low Efficiency
162,2024-02-19 01:54:00,FL9322,77.72,Express,High,Departure,T1,17,101.21,48.37,11,13,Loader,46.52,45.6,91,52.2,0,Fog,4806.52,1213.16,27.38,1,38.75,30.8,Adaptive,Low Efficiency
163,2024-01-23 20:58:00,FL2686,77.86,General,High,Arrival,T2,18,36.78,86.39,48,9,Conveyor,80.49,88.15,50,43.21,0,Clear,2736.83,1197.62,65.22,1,29.63,43.6,Optimized,Low Efficiency
164,2024-08-28 14:39:00,FL7646,66.61,Express,Medium,Arrival,T4,12,25.42,101.28,37,4,Conveyor,68.98,77.63,60,77.32,0,Fog,1103.67,1129.78,113.37,1,48.57,120.51,Baseline,Moderate Efficiency
165,2024-02-21 14:19:00,FL2752,15.38,Express,Medium,Departure,T4,33,140.02,115.74,39,8,Crane,70.14,90.9,3,11.05,0,Storm,1393.07,943.52,86.69,0,101.43,24.28,Optimized,Low Efficiency
166,2024-06-22 07:25:00,FL6339,101.06,Express,Low,Departure,T4,23,105.55,14.87,31,11,Crane,51.15,53.03,72,53.18,1,Fog,704.12,513.81,82.33,1,85.38,121.56,Optimized,Low Efficiency
167,2024-07-21 18:44:00,FL2162,41.89,Express,High,Departure,T4,12,73.16,5.96,5,5,Crane,42.48,89.81,80,27.93,0,Storm,3694.35,1021.18,49.76,0,71.17,90.96,Adaptive,Low Efficiency
168,2024-12-19 11:13:00,FL5949,26.45,Perishable,High,Departure,T2,11,89.96,68.07,10,9,Loader,76.68,65.07,54,22.11,0,Storm,3668.42,280.81,99.44,0,30.31,74.48,Optimized,Low Efficiency
169,2024-06-05 00:03:00,FL9728,9.69,Hazardous,Critical,Arrival,T4,13,173.23,35.39,6,2,Loader,79.53,34.14,2,2.03,1,Fog,3211.27,468.75,62.07,0,118.96,131.88,Adaptive,Low Efficiency
170,2024-04-06 08:19:00,FL8552,72.95,Perishable,Medium,Arrival,T2,35,81.59,58.95,11,4,Conveyor,69.9,43.59,29,29.9,0,Fog,2958.35,163.27,60.33,0,77.36,65.82,Optimized,Low Efficiency
171,2024-12-10 04:31:00,FL7566,82.92,Perishable,High,Departure,T2,27,36.56,13.36,12,3,Crane,85.94,45.24,16,35.65,0,Rain,2216.71,1303.26,119.4,1,100.33,48.29,Adaptive,High Efficiency
172,2024-06-25 22:41:00,FL7773,6.91,General,Medium,Arrival,T4,25,94.18,62.68,49,7,Conveyor,73.82,83.76,93,40.3,0,Fog,4777.85,1259.69,76.98,0,15.15,86.02,Baseline,Low Efficiency
173,2024-12-10 09:48:00,FL4908,63.89,Express,Critical,Departure,T4,40,123.69,19.36,33,14,Crane,90.89,44.22,95,66.12,1,Storm,4102.35,731.19,105.5,0,134.92,88.09,Adaptive,Moderate Efficiency
174,2024-10-23 09:53:00,FL4992,31.05,Perishable,Medium,Departure,T4,3,21.94,101.44,20,2,Crane,57.29,69.33,59,36.32,0,Rain,4584.3,712.64,67.7,0,82.52,27.2,Adaptive,Low Efficiency
175,2024-05-18 15:39:00,FL9977,79.19,Express,Medium,Departure,T2,49,73.17,92.34,33,3,Conveyor,54.59,75.68,11,17.57,0,Storm,1902.47,1396.39,27.79,0,58.92,119.94,Adaptive,Low Efficiency
176,2024-03-09 16:27:00,FL3605,25.05,Perishable,Medium,Arrival,T3,25,82.96,13.52,35,9,Conveyor,55.67,84.17,96,35.83,0,Rain,4902.28,1045.21,118.6,0,125.77,62.39,Adaptive,Moderate Efficiency
177,2024-03-11 13:59:00,FL8903,84.46,Perishable,High,Departure,T2,45,94.19,101.18,26,8,Conveyor,41.83,84.87,24,6.26,1,Storm,1244.08,1093.03,82.12,0,123.64,27.65,Optimized,Low Efficiency
178,2024-11-09 21:09:00,FL7288,49.47,General,Critical,Arrival,T3,10,68.27,42.37,14,2,Crane,94.04,80.23,83,87.49,0,Fog,753.23,602.95,26.36,0,40.81,23.92,Baseline,Low Efficiency
179,2024-09-14 23:47:00,FL2082,112.72,Hazardous,Low,Arrival,T4,17,126.71,45.58,8,6,Loader,99.95,44.92,32,5.96,1,Rain,1939.28,508.29,91.41,1,61.95,89.13,Baseline,Low Efficiency
180,2024-11-04 10:34:00,FL6582,20.81,Hazardous,Low,Arrival,T2,3,171.15,25.68,29,14,Conveyor,88.99,68.04,74,18.17,0,Storm,1405.79,260.12,58.31,0,94.78,62.33,Baseline,Low Efficiency
181,2024-10-26 08:31:00,FL4411,44.22,Perishable,Critical,Departure,T4,45,166.24,101.06,17,3,Conveyor,64.76,50.31,54,38.52,0,Fog,2828.86,201.53,100.46,0,149.8,54.43,Optimized,Low Efficiency
182,2024-12-06 01:50:00,FL8063,18.05,General,Medium,Arrival,T3,22,126.3,51.54,21,12,Loader,61.24,84.26,56,84.01,0,Rain,2075.9,1367.73,40.48,0,120.1,74.39,Adaptive,Low Efficiency
183,2024-02-09 10:42:00,FL8132,111.34,Express,High,Departure,T3,38,101.1,10.62,44,13,Loader,86.48,82.37,96,16.09,1,Clear,1272.86,1368.9,113.66,0,16.99,120.92,Optimized,Moderate Efficiency
184,2024-03-12 15:58:00,FL6606,105.89,Express,Medium,Arrival,T2,14,152.13,116.12,12,6,Forklift,70.6,46.08,87,35.98,1,Fog,4299.16,417.83,42.7,0,113.07,33.87,Adaptive,Low Efficiency
185,2024-02-14 03:16:00,FL9921,34.66,Perishable,Low,Arrival,T2,27,153.75,34.43,27,14,Conveyor,96.37,74.89,97,89.04,1,Storm,2785.87,152.33,119.7,0,78.69,26.62,Optimized,Low Efficiency
186,2024-10-20 04:19:00,FL4869,80.9,Hazardous,High,Arrival,T2,42,152.73,112.66,11,5,Forklift,56.77,34.09,94,54.18,1,Fog,992.88,585.03,87.02,1,12.56,131.93,Adaptive,Low Efficiency
187,2024-09-04 01:44:00,FL3835,98.98,General,High,Departure,T2,20,45.26,39.64,36,10,Forklift,59.43,83.8,94,55.31,0,Storm,839.0,1432.65,116.84,0,73.4,123.59,Baseline,Moderate Efficiency
188,2024-03-20 13:36:00,FL2276,68.85,Hazardous,Medium,Departure,T1,48,24.07,100.61,28,4,Loader,99.93,84.61,71,87.67,1,Storm,2224.31,527.08,89.66,0,55.83,32.9,Baseline,Moderate Efficiency
189,2024-06-30 01:35:00,FL8972,65.91,Express,Medium,Departure,T1,18,177.31,81.39,5,12,Crane,98.69,54.29,80,45.55,0,Storm,4585.92,1311.33,92.96,0,24.61,88.2,Baseline,Low Efficiency
190,2024-05-19 12:16:00,FL2873,32.81,Hazardous,High,Departure,T4,13,173.54,104.05,40,7,Crane,93.11,86.44,43,0.23,0,Storm,2786.0,1242.91,23.35,0,84.65,86.12,Baseline,Low Efficiency
191,2024-05-18 12:08:00,FL8584,15.71,Express,Low,Arrival,T3,42,110.3,117.25,31,11,Loader,64.28,90.08,53,2.79,0,Rain,1126.11,1422.18,11.65,0,141.84,118.38,Baseline,Low Efficiency
192,2024-11-22 16:05:00,FL6330,108.18,General,Critical,Arrival,T3,6,178.89,105.22,10,10,Forklift,90.26,43.3,1,61.33,1,Clear,1609.85,795.39,19.5,0,132.46,56.09,Baseline,Low Efficiency
193,2024-04-12 01:51:00,FL2599,108.55,General,Low,Departure,T4,10,143.29,51.42,46,7,Forklift,57.0,54.56,94,19.04,0,Fog,722.66,1390.74,58.1,0,88.47,18.98,Optimized,Low Efficiency
194,2024-11-03 04:54:00,FL8294,77.81,Perishable,Medium,Departure,T4,37,102.78,98.67,35,4,Forklift,55.29,48.28,98,43.06,1,Storm,4243.28,1138.56,54.23,1,38.93,36.16,Baseline,Low Efficiency
195,2024-05-13 14:41:00,FL3886,43.99,Perishable,Critical,Departure,T4,29,82.29,86.84,16,3,Forklift,72.79,56.21,61,49.62,0,Rain,4757.24,1315.18,30.22,0,26.05,39.67,Adaptive,Low Efficiency
196,2024-07-21 19:55:00,FL6046,45.16,Hazardous,High,Departure,T1,6,114.86,12.08,30,4,Conveyor,91.62,61.28,34,60.06,1,Rain,850.16,1126.69,14.78,1,105.73,75.11,Baseline,Low Efficiency
197,2024-12-02 21:00:00,FL7648,88.48,General,Medium,Arrival,T4,39,102.53,111.92,29,2,Forklift,45.85,65.7,61,7.54,0,Storm,1278.41,745.66,86.13,0,64.87,80.49,Baseline,Low Efficiency
198,2024-06-30 21:41:00,FL2140,108.17,General,High,Departure,T3,11,179.01,58.59,8,4,Loader,73.92,32.46,61,68.4,1,Fog,1269.81,1386.69,31.76,1,83.07,38.73,Adaptive,Low Efficiency
199,2024-02-24 21:26:00,FL2781,107.01,Perishable,Medium,Departure,T4,48,98.47,20.46,10,4,Forklift,76.58,33.86,95,82.82,0,Storm,4116.68,1220.76,117.64,0,118.85,54.63,Baseline,Moderate Efficiency
200,2024-11-18 16:16:00,FL7208,94.69,Express,Low,Arrival,T2,25,153.75,53.92,17,12,Forklift,74.79,75.87,8,23.02,0,Rain,4276.73,997.61,21.38,0,94.37,119.78,Optimized,Low Efficiency
201,2024-03-12 07:04:00,FL6364,78.83,Hazardous,Critical,Departure,T3,44,150.18,74.36,29,5,Loader,53.11,60.99,54,34.24,0,Fog,2386.73,776.25,49.99,1,20.74,16.07,Optimized,Low Efficiency
202,2024-02-06 20:05:00,FL9098,14.68,Hazardous,High,Arrival,T3,44,31.43,70.89,35,1,Forklift,43.85,36.28,53,66.94,0,Clear,4861.99,232.48,62.68,1,148.04,114.06,Adaptive,Low Efficiency
203,2024-01-11 17:54:00,FL2007,23.59,Perishable,High,Departure,T3,30,33.92,71.1,26,2,Crane,93.7,57.04,20,22.36,0,Clear,1667.65,1241.67,34.03,1,30.15,146.89,Baseline,Low Efficiency
204,2024-03-08 21:53:00,FL2483,108.33,General,Medium,Arrival,T1,20,125.57,34.42,39,8,Loader,74.47,63.28,46,48.8,0,Clear,2863.04,682.92,65.37,1,147.21,116.61,Adaptive,Low Efficiency
205,2024-06-21 03:01:00,FL4565,74.74,Perishable,Low,Departure,T1,37,61.46,77.76,25,8,Conveyor,86.07,74.49,93,59.4,0,Clear,4983.3,603.2,23.69,0,81.08,140.46,Baseline,Low Efficiency
206,2024-05-01 02:29:00,FL3276,6.06,Perishable,Low,Departure,T3,16,125.2,109.35,19,8,Conveyor,61.87,38.28,31,79.13,0,Storm,4221.97,422.9,10.18,1,127.44,46.85,Baseline,Low Efficiency
207,2024-10-22 22:36:00,FL1003,16.67,Perishable,Medium,Departure,T2,31,43.14,49.7,7,5,Loader,42.55,99.64,85,31.08,1,Rain,2692.33,858.28,86.8,0,27.35,82.49,Baseline,Low Efficiency
208,2024-12-19 15:11:00,FL3403,81.3,Perishable,High,Departure,T3,29,83.53,77.52,41,8,Conveyor,55.57,63.23,26,44.34,1,Rain,988.37,1261.82,101.8,0,130.58,68.05,Adaptive,Low Efficiency
209,2024-12-16 12:20:00,FL3444,5.58,Express,Medium,Departure,T1,6,36.4,33.06,49,9,Conveyor,44.4,77.66,95,16.61,0,Rain,4569.58,505.44,73.22,0,28.12,48.24,Optimized,Low Efficiency
210,2024-06-04 15:30:00,FL8421,23.49,Express,High,Arrival,T2,29,65.13,10.55,30,14,Conveyor,44.69,93.58,63,27.68,0,Fog,2939.57,1388.92,35.14,0,134.61,15.68,Baseline,Low Efficiency
211,2024-10-19 00:41:00,FL9704,68.1,General,Low,Departure,T3,32,34.13,72.36,21,4,Loader,52.87,32.23,20,8.54,1,Clear,1887.56,655.72,53.4,0,71.97,116.31,Adaptive,Low Efficiency
212,2024-02-12 16:43:00,FL5775,84.57,Perishable,Medium,Arrival,T1,9,175.29,10.47,42,4,Forklift,78.01,72.1,22,17.79,0,Fog,2530.48,1457.18,78.89,0,130.6,111.43,Optimized,Low Efficiency
213,2024-04-29 21:14:00,FL7389,79.98,Express,Low,Arrival,T2,37,83.21,88.21,39,7,Conveyor,89.07,67.82,57,31.16,0,Clear,1899.18,1047.28,13.58,1,48.6,89.24,Adaptive,Low Efficiency
214,2024-10-02 23:02:00,FL8326,30.79,General,Medium,Arrival,T4,23,164.19,82.09,45,5,Crane,89.28,34.02,57,38.18,1,Fog,2979.75,614.1,20.36,0,109.15,146.35,Adaptive,Low Efficiency
215,2024-01-02 13:40:00,FL4205,86.9,Perishable,Low,Arrival,T4,16,175.39,47.47,12,11,Forklift,96.27,78.51,26,63.62,0,Rain,1728.21,1477.08,115.4,0,118.36,131.4,Optimized,Low Efficiency
216,2024-10-11 07:06:00,FL4369,32.28,Hazardous,Critical,Departure,T3,18,165.53,52.3,15,10,Forklift,79.38,45.45,17,41.26,1,Rain,2506.93,932.03,84.64,0,79.98,88.77,Optimized,Low Efficiency
217,2024-07-12 02:45:00,FL6187,42.42,Express,Low,Departure,T4,19,92.79,110.54,28,1,Conveyor,41.19,79.13,89,4.41,0,Rain,2418.17,1176.1,86.67,0,131.08,138.88,Optimized,Low Efficiency
218,2024-11-27 07:50:00,FL5910,90.85,General,Critical,Departure,T1,44,144.62,6.51,47,8,Conveyor,62.64,55.38,27,68.02,0,Fog,3272.31,732.51,21.28,1,105.61,88.35,Adaptive,Low Efficiency
219,2024-07-26 17:05:00,FL5989,79.71,Hazardous,Medium,Departure,T2,2,44.59,69.78,12,4,Forklift,46.69,83.91,67,47.95,0,Storm,563.75,267.01,35.62,0,54.04,127.26,Baseline,Low Efficiency
220,2024-11-04 00:35:00,FL8122,102.66,Perishable,Critical,Arrival,T3,10,35.17,111.19,34,8,Conveyor,86.65,95.92,56,84.55,0,Rain,3194.38,1449.65,53.03,0,140.13,80.19,Baseline,Low Efficiency
221,2024-12-20 09:11:00,FL6640,80.63,Perishable,Medium,Arrival,T2,12,160.3,110.11,5,2,Loader,47.18,90.24,24,57.17,1,Rain,3169.01,550.42,32.58,0,57.59,122.9,Baseline,Low Efficiency
222,2024-04-22 17:16:00,FL2462,70.36,Perishable,Critical,Arrival,T2,46,24.98,72.24,38,12,Loader,46.36,63.78,25,48.05,0,Clear,2265.3,1385.09,99.04,0,112.34,72.57,Adaptive,Moderate Efficiency
223,2024-05-18 06:42:00,FL1133,15.77,Express,Low,Departure,T2,18,175.57,48.84,24,12,Conveyor,41.69,45.77,10,26.5,0,Fog,1611.05,1370.58,76.71,1,106.97,90.02,Optimized,Low Efficiency
224,2024-08-04 01:20:00,FL9362,47.29,General,High,Departure,T1,19,127.54,16.37,40,4,Forklift,97.33,99.47,36,21.28,1,Fog,4276.63,233.0,31.65,1,28.49,37.43,Adaptive,Low Efficiency
225,2024-06-07 12:35:00,FL7622,35.5,Hazardous,Critical,Departure,T3,38,87.14,24.99,38,2,Conveyor,87.14,76.16,82,20.7,1,Rain,2051.53,260.58,94.8,0,69.92,96.56,Baseline,Moderate Efficiency
226,2024-02-12 14:04:00,FL3089,33.06,General,Low,Departure,T4,37,42.62,83.16,38,5,Crane,60.0,57.72,45,36.64,0,Storm,1902.78,956.87,69.48,0,90.4,121.71,Baseline,Low Efficiency
227,2024-02-14 09:18:00,FL5819,116.9,Express,Low,Arrival,T2,27,135.72,6.91,17,10,Loader,62.59,63.71,17,15.42,0,Fog,2584.25,150.25,32.86,0,36.08,127.27,Baseline,Low Efficiency
228,2024-08-16 08:38:00,FL2022,50.21,General,Medium,Departure,T2,48,110.1,106.6,10,10,Forklift,43.57,38.96,78,75.98,0,Storm,1750.95,689.63,102.71,0,23.92,117.66,Optimized,Low Efficiency
229,2024-02-11 15:02:00,FL7049,107.59,Express,Critical,Departure,T2,14,133.78,72.61,40,14,Crane,49.48,65.37,58,72.47,0,Storm,4238.44,838.91,33.1,0,86.47,11.56,Optimized,Low Efficiency
230,2024-02-06 12:18:00,FL9992,77.58,Perishable,Medium,Arrival,T1,45,86.87,10.19,29,8,Conveyor,58.69,42.12,83,65.6,1,Rain,3042.27,375.5,85.97,1,31.46,140.56,Baseline,Low Efficiency
231,2024-12-13 04:28:00,FL1870,96.4,Hazardous,Medium,Arrival,T4,34,30.6,32.57,31,11,Loader,63.27,55.6,82,4.39,1,Storm,3894.71,1178.24,53.99,0,120.33,18.17,Baseline,Low Efficiency
232,2024-04-24 15:20:00,FL1013,62.8,Perishable,Low,Departure,T2,2,70.4,73.33,35,7,Crane,77.2,64.42,23,6.47,0,Fog,3854.22,704.21,92.44,1,129.75,109.29,Baseline,Low Efficiency
233,2024-02-11 10:02:00,FL6885,71.34,General,Low,Departure,T1,44,70.4,9.09,7,11,Forklift,61.02,96.35,8,57.28,0,Storm,4046.93,692.4,56.58,1,23.13,125.09,Baseline,Low Efficiency
234,2024-02-28 08:02:00,FL2797,61.64,Perishable,High,Arrival,T1,33,21.39,94.7,32,5,Loader,97.28,73.73,50,67.41,1,Clear,4411.43,428.09,41.53,0,108.43,117.39,Adaptive,Low Efficiency
235,2024-05-15 07:31:00,FL5623,27.45,Hazardous,Low,Departure,T2,19,21.53,110.79,8,11,Conveyor,60.57,56.03,16,2.4,0,Fog,4637.59,1342.92,115.71,0,112.51,118.07,Baseline,Moderate Efficiency
236,2024-02-19 21:29:00,FL1510,88.08,Perishable,High,Arrival,T2,27,72.92,115.54,21,7,Conveyor,96.5,37.92,89,26.15,0,Rain,2226.24,115.71,93.46,0,19.27,41.31,Adaptive,Low Efficiency
237,2024-02-19 11:42:00,FL4854,37.29,Hazardous,Critical,Arrival,T1,48,136.42,89.37,42,5,Loader,83.79,82.3,43,12.27,0,Fog,2496.73,109.65,101.04,0,93.48,22.16,Baseline,Low Efficiency
238,2024-06-20 06:29:00,FL8073,7.8,Hazardous,Low,Departure,T1,30,119.85,103.53,38,7,Crane,93.99,62.68,96,20.82,1,Fog,725.27,1493.64,44.42,0,97.04,76.28,Baseline,Low Efficiency
239,2024-10-21 00:29:00,FL7459,79.23,Perishable,High,Arrival,T2,7,58.24,75.23,24,4,Loader,82.19,34.77,83,46.65,1,Storm,4665.68,129.52,48.27,0,81.68,98.44,Optimized,Low Efficiency
240,2024-03-28 07:10:00,FL6212,25.37,Express,Low,Departure,T1,27,116.44,57.73,17,4,Loader,74.12,75.98,82,9.83,0,Clear,3142.15,317.2,29.01,1,106.58,125.41,Adaptive,Low Efficiency
241,2024-06-28 06:55:00,FL7271,113.15,General,High,Departure,T1,21,123.58,87.01,9,10,Loader,70.54,54.51,96,20.69,1,Storm,3705.42,1336.09,59.14,0,44.57,59.35,Baseline,Low Efficiency
242,2024-01-29 22:32:00,FL7652,114.7,Express,Low,Departure,T2,7,103.61,30.78,28,4,Crane,57.48,58.27,46,50.84,0,Storm,2462.02,962.01,119.67,1,46.58,125.35,Optimized,Low Efficiency
243,2024-02-29 16:45:00,FL7251,110.21,Express,High,Departure,T2,48,103.42,17.63,42,11,Loader,57.89,88.72,49,45.73,1,Storm,2632.32,974.99,74.84,0,139.34,80.22,Baseline,Low Efficiency
244,2024-11-01 06:29:00,FL8130,47.57,Perishable,Medium,Arrival,T3,25,79.16,92.61,21,8,Forklift,53.39,39.61,15,77.18,1,Storm,2944.29,766.02,89.67,0,105.08,120.06,Adaptive,Low Efficiency
245,2024-08-18 08:57:00,FL9931,6.78,General,Medium,Departure,T4,38,39.74,115.19,35,1,Conveyor,63.13,53.83,49,13.55,1,Storm,4079.11,310.84,91.12,0,65.58,41.77,Optimized,Low Efficiency
246,2024-07-08 21:12:00,FL4460,111.76,General,Medium,Departure,T2,18,81.68,71.41,32,10,Crane,47.62,55.46,21,33.29,1,Fog,3258.36,613.97,32.31,1,104.03,117.1,Optimized,Low Efficiency
247,2024-05-28 17:41:00,FL3841,54.24,Express,Low,Arrival,T2,33,75.25,60.49,5,5,Forklift,63.26,30.23,75,83.19,0,Clear,4150.45,1105.08,16.16,1,114.75,39.78,Baseline,Low Efficiency
248,2024-08-16 18:45:00,FL8780,116.17,Perishable,High,Departure,T2,33,114.72,66.46,6,12,Loader,90.02,89.17,93,71.62,0,Clear,1475.09,779.51,23.38,0,52.31,21.34,Adaptive,Low Efficiency
249,2024-06-22 19:20:00,FL3278,115.82,General,Medium,Departure,T4,32,157.0,60.02,37,10,Forklift,92.22,88.47,96,53.76,0,Clear,1426.27,1121.73,89.17,0,82.76,120.03,Baseline,Low Efficiency
250,2024-07-12 09:57:00,FL4083,103.1,Express,High,Departure,T3,25,80.06,55.85,44,2,Crane,78.57,76.33,6,69.21,0,Rain,1430.66,110.15,60.14,1,26.06,119.38,Optimized,Low Efficiency
251,2024-10-15 04:51:00,FL7301,38.86,General,Low,Departure,T1,14,133.56,113.91,33,10,Conveyor,55.41,92.93,55,40.35,0,Clear,521.8,1018.07,109.51,0,94.17,25.43,Baseline,Low Efficiency
252,2024-04-05 07:15:00,FL6902,49.29,Perishable,High,Arrival,T4,38,149.89,60.17,8,4,Crane,54.42,49.1,83,81.96,1,Fog,1305.79,930.13,50.32,0,106.31,69.59,Baseline,Low Efficiency
253,2024-08-06 10:49:00,FL7835,102.88,Perishable,Low,Arrival,T2,38,53.88,14.33,22,5,Loader,56.68,45.44,80,53.97,0,Storm,1034.36,1464.15,21.29,0,114.05,14.35,Adaptive,Low Efficiency
254,2024-11-28 22:34:00,FL3527,41.45,Perishable,Medium,Departure,T2,4,164.26,93.03,28,8,Loader,70.0,34.8,76,62.61,1,Storm,2541.89,1369.82,116.53,0,144.47,111.08,Adaptive,Low Efficiency
255,2024-08-18 05:35:00,FL5726,24.49,General,Low,Arrival,T3,44,31.27,50.03,36,2,Conveyor,98.59,71.44,15,58.68,0,Fog,1072.58,940.46,54.08,1,33.35,119.05,Baseline,Moderate Efficiency
256,2024-02-22 19:46:00,FL3056,69.03,Hazardous,High,Arrival,T3,18,164.28,86.73,13,2,Crane,46.55,64.74,11,60.55,1,Storm,2371.33,906.68,103.3,0,19.72,103.96,Adaptive,Low Efficiency
257,2024-01-07 18:47:00,FL3200,112.66,General,Low,Arrival,T3,10,46.18,71.65,20,2,Crane,70.03,86.73,39,57.7,0,Storm,4997.76,229.6,15.07,0,141.95,83.74,Optimized,Low Efficiency
258,2024-11-29 17:07:00,FL1190,85.04,Hazardous,Critical,Arrival,T1,35,73.95,87.02,25,14,Crane,80.93,63.69,74,6.64,1,Clear,2765.15,1417.49,49.53,1,100.81,29.04,Adaptive,Low Efficiency
259,2024-03-13 19:17:00,FL2175,70.56,Perishable,Critical,Departure,T4,35,116.84,12.13,34,8,Forklift,54.74,44.23,51,54.35,1,Clear,4660.91,1089.65,75.38,0,88.84,148.24,Optimized,Low Efficiency
260,2024-02-23 08:19:00,FL1257,16.18,Express,Low,Arrival,T4,40,164.91,8.9,7,12,Conveyor,98.15,86.67,37,70.51,1,Clear,3658.59,803.1,67.65,0,69.26,45.86,Baseline,Low Efficiency
261,2024-06-04 05:08:00,FL3359,75.73,Hazardous,High,Departure,T3,23,60.91,48.53,37,14,Crane,60.94,61.88,49,0.04,0,Rain,4524.44,1300.43,90.05,0,71.71,127.4,Baseline,Low Efficiency
262,2024-07-12 02:42:00,FL8974,118.86,Perishable,Low,Departure,T1,25,142.17,84.71,35,3,Conveyor,95.94,96.91,57,80.25,1,Clear,3315.11,1122.98,107.13,1,51.58,20.69,Baseline,Low Efficiency
263,2024-04-06 10:50:00,FL8155,21.11,Perishable,Medium,Arrival,T4,1,133.67,30.72,49,5,Forklift,75.84,67.41,88,85.7,1,Clear,4145.43,889.0,93.45,0,97.45,36.72,Baseline,Low Efficiency
264,2024-09-11 03:22:00,FL3224,64.61,Hazardous,High,Departure,T2,18,45.55,54.84,18,2,Crane,40.24,38.17,65,11.54,1,Clear,1862.6,854.77,44.11,1,12.16,106.23,Baseline,Low Efficiency
265,2024-02-20 02:12:00,FL2387,105.9,Express,High,Arrival,T2,15,96.71,117.79,10,6,Forklift,58.67,89.57,17,48.15,1,Clear,2173.59,1396.79,116.63,1,86.18,15.87,Adaptive,Low Efficiency
266,2024-06-26 21:10:00,FL3248,90.19,Perishable,High,Departure,T2,25,97.04,29.71,9,10,Loader,41.29,91.49,63,9.95,0,Clear,4821.17,1218.74,111.1,0,18.13,11.0,Adaptive,Low Efficiency
267,2024-09-26 01:57:00,FL7813,85.16,Hazardous,Low,Departure,T4,32,68.74,102.51,33,6,Loader,62.89,61.18,14,25.47,0,Fog,1703.9,664.32,79.3,0,111.36,96.18,Baseline,Low Efficiency
268,2024-07-26 12:30:00,FL8471,85.79,Express,Medium,Arrival,T3,20,144.79,99.93,41,2,Loader,95.95,31.82,38,55.93,0,Fog,2396.17,980.36,66.1,0,144.7,104.35,Optimized,Low Efficiency
269,2024-04-24 20:49:00,FL7974,46.34,Express,Low,Departure,T2,17,168.15,107.51,40,4,Conveyor,86.74,32.08,25,27.26,1,Fog,3430.21,374.9,66.81,0,35.93,109.29,Adaptive,Low Efficiency
270,2024-11-15 01:49:00,FL3945,38.76,Perishable,High,Arrival,T3,11,134.65,110.24,25,11,Crane,77.21,54.58,37,32.9,0,Storm,2265.81,1406.56,90.87,0,48.42,130.95,Baseline,Low Efficiency
271,2024-08-08 06:52:00,FL8444,98.08,General,Medium,Departure,T1,13,175.67,63.34,16,2,Crane,72.31,80.14,99,67.15,0,Storm,594.25,1073.35,63.18,0,85.41,54.38,Baseline,Low Efficiency
272,2024-01-06 16:43:00,FL9346,98.16,General,High,Departure,T2,25,28.07,83.42,27,14,Forklift,62.35,53.17,86,51.75,0,Rain,4065.04,1444.04,118.51,0,78.58,22.14,Adaptive,Moderate Efficiency
273,2024-08-06 00:01:00,FL7948,104.71,Perishable,Low,Arrival,T1,20,25.96,76.17,18,10,Forklift,52.69,30.54,56,46.62,0,Storm,2010.42,508.75,88.15,1,124.28,65.68,Optimized,Low Efficiency
274,2024-03-16 10:18:00,FL8373,110.02,Express,Medium,Arrival,T3,25,163.02,40.53,47,4,Loader,43.75,89.4,7,29.18,1,Rain,1524.49,541.25,36.2,1,27.59,45.6,Adaptive,Low Efficiency
275,2024-04-07 18:54:00,FL7303,63.8,Perishable,Medium,Arrival,T4,42,163.65,37.18,46,13,Conveyor,51.41,97.81,11,63.37,0,Fog,2775.05,1264.95,82.43,0,87.45,144.17,Baseline,Low Efficiency
276,2024-07-11 13:52:00,FL6821,62.67,Hazardous,Low,Departure,T3,45,37.14,44.28,14,13,Conveyor,61.09,54.25,74,38.16,1,Clear,537.95,466.56,63.29,1,139.11,38.12,Adaptive,Low Efficiency
277,2024-03-25 01:15:00,FL4698,96.8,General,Medium,Arrival,T2,49,77.19,30.12,31,11,Forklift,71.2,35.12,78,80.89,0,Clear,4387.52,600.7,27.58,0,103.39,107.98,Optimized,Low Efficiency
278,2024-03-18 22:35:00,FL4044,79.75,Hazardous,High,Arrival,T2,31,153.66,92.1,45,7,Forklift,52.26,50.4,35,54.14,0,Rain,1676.07,1338.02,67.07,0,47.64,139.13,Adaptive,Low Efficiency
279,2024-04-23 04:38:00,FL7959,85.73,Perishable,Critical,Arrival,T3,1,40.57,115.93,6,5,Crane,98.46,85.93,36,48.45,0,Rain,4652.36,824.85,104.49,0,18.77,103.72,Optimized,Moderate Efficiency
280,2024-07-17 07:37:00,FL1121,96.52,Perishable,Medium,Arrival,T2,16,62.79,104.79,18,10,Crane,44.61,67.96,70,72.28,0,Clear,3549.91,520.54,12.71,0,68.67,19.3,Adaptive,Low Efficiency
281,2024-07-24 04:02:00,FL9161,107.35,Express,Medium,Departure,T2,48,128.96,30.06,11,4,Forklift,45.69,56.88,52,43.69,1,Rain,2968.92,673.06,103.64,0,75.38,139.66,Adaptive,Low Efficiency
282,2024-06-02 09:01:00,FL4878,43.87,Express,Low,Departure,T1,28,177.1,10.97,21,10,Crane,80.96,53.4,69,25.14,1,Clear,4128.15,1096.68,85.37,0,28.63,30.73,Adaptive,Low Efficiency
283,2024-09-06 16:16:00,FL9220,48.19,Express,Critical,Departure,T4,21,147.54,92.07,24,10,Forklift,85.3,38.08,42,13.96,1,Fog,4969.65,322.13,89.82,0,77.23,37.97,Baseline,Low Efficiency
284,2024-05-28 06:07:00,FL5411,15.81,Hazardous,Low,Departure,T3,30,144.37,49.87,12,3,Conveyor,98.35,53.77,71,50.56,0,Rain,1630.44,1447.02,108.19,1,104.74,112.03,Adaptive,Low Efficiency
285,2024-07-11 05:27:00,FL7731,71.5,Express,Critical,Departure,T1,3,74.83,99.83,24,13,Loader,71.83,62.91,15,38.24,1,Fog,2097.93,790.09,113.81,0,76.57,78.97,Adaptive,Low Efficiency
286,2024-12-21 17:42:00,FL9948,9.13,Perishable,Medium,Departure,T2,34,125.81,94.61,40,13,Forklift,49.96,77.12,21,35.76,0,Rain,2679.91,1170.89,42.47,0,41.73,118.92,Adaptive,Low Efficiency
287,2024-07-01 20:39:00,FL7012,58.54,Express,Medium,Arrival,T1,6,38.09,76.92,9,13,Forklift,96.28,48.35,82,31.45,0,Fog,2927.65,1082.75,111.1,0,144.18,33.02,Baseline,Moderate Efficiency
288,2024-02-06 23:46:00,FL1548,67.4,General,Critical,Departure,T4,43,178.76,34.36,17,6,Crane,98.81,92.82,1,60.45,1,Fog,2988.37,1053.03,33.82,1,26.09,129.93,Adaptive,Low Efficiency
289,2024-03-08 05:01:00,FL1620,37.95,Express,Low,Arrival,T3,29,96.89,16.96,43,2,Forklift,95.41,63.94,68,46.71,1,Storm,2970.38,688.07,25.88,0,95.17,52.59,Baseline,Low Efficiency
290,2024-11-04 10:31:00,FL8917,72.95,Hazardous,Medium,Arrival,T4,3,122.21,34.05,42,4,Conveyor,92.3,58.36,11,48.35,0,Storm,4227.09,159.29,71.03,1,112.1,82.99,Adaptive,Low Efficiency
291,2024-07-20 11:20:00,FL7038,8.51,General,Medium,Arrival,T4,33,160.19,63.62,21,12,Loader,44.65,71.58,10,27.73,0,Rain,2320.7,1138.03,112.04,1,47.78,25.9,Optimized,Low Efficiency
292,2024-02-02 02:28:00,FL2854,9.3,General,Low,Arrival,T1,11,20.15,117.64,10,8,Crane,91.29,41.73,45,55.23,0,Rain,549.37,1435.29,15.98,1,63.14,59.15,Adaptive,Low Efficiency
293,2024-01-03 13:57:00,FL8889,99.6,General,Medium,Departure,T1,45,176.16,12.32,23,2,Conveyor,97.19,37.46,56,36.32,0,Fog,4440.62,807.04,68.08,1,71.08,60.46,Baseline,Low Efficiency
294,2024-08-30 21:19:00,FL2311,46.42,Hazardous,High,Departure,T4,5,77.47,28.01,29,9,Loader,73.14,54.26,19,69.25,1,Fog,3480.13,1435.36,84.64,0,100.58,145.36,Baseline,Low Efficiency
295,2024-04-05 06:14:00,FL3327,19.61,Perishable,High,Departure,T2,32,74.33,77.14,7,2,Crane,86.36,32.8,42,47.66,0,Clear,1352.67,848.86,92.0,0,81.72,126.34,Baseline,Moderate Efficiency
296,2024-07-09 18:00:00,FL9624,65.06,Express,Low,Arrival,T3,47,43.21,40.0,45,8,Conveyor,79.65,56.43,94,26.05,1,Storm,633.2,334.32,65.43,0,36.77,18.09,Baseline,Moderate Efficiency
297,2024-04-27 15:50:00,FL5578,93.55,General,Critical,Departure,T2,18,157.31,103.73,32,8,Forklift,57.28,77.0,41,13.3,1,Fog,1921.01,435.25,73.24,0,134.95,49.99,Adaptive,Low Efficiency
298,2024-11-17 17:38:00,FL8617,29.82,General,Low,Departure,T2,47,159.33,21.03,30,7,Crane,75.25,86.85,20,62.99,1,Rain,1060.01,1310.61,59.9,0,61.02,38.94,Baseline,Low Efficiency
299,2024-11-07 10:22:00,FL9469,76.63,General,Low,Departure,T3,20,23.2,115.76,12,14,Forklift,93.36,70.58,27,33.4,1,Clear,4535.71,970.14,89.56,0,63.56,54.65,Adaptive,Moderate Efficiency
300,2024-01-08 00:59:00,FL2281,14.81,Perishable,Low,Departure,T1,39,28.92,109.92,19,13,Crane,69.78,78.39,12,5.9,0,Storm,1750.4,680.15,51.72,0,121.98,11.84,Optimized,Low Efficiency
301,2024-03-22 11:08:00,FL9574,10.94,Perishable,Low,Departure,T2,49,166.93,107.07,5,10,Loader,75.41,88.32,78,82.34,0,Clear,3675.5,1219.14,40.84,0,84.96,119.5,Baseline,Low Efficiency
302,2024-02-24 18:58:00,FL2449,66.11,Hazardous,Low,Departure,T1,40,39.66,24.9,44,6,Crane,71.89,84.12,98,34.8,0,Fog,3460.95,998.39,38.9,0,42.39,29.37,Baseline,Low Efficiency
303,2024-04-18 12:54:00,FL5017,67.17,Perishable,Critical,Arrival,T3,28,119.35,42.89,27,1,Crane,56.94,52.4,64,67.13,1,Clear,3712.89,1321.2,81.87,0,138.03,38.38,Baseline,Low Efficiency
304,2024-01-27 05:38:00,FL8740,78.3,Express,Medium,Arrival,T2,13,119.14,97.47,40,2,Conveyor,78.62,70.14,38,41.3,1,Rain,2885.19,1459.32,111.7,0,122.73,101.85,Adaptive,Low Efficiency
305,2024-09-25 20:31:00,FL2279,88.5,Hazardous,Low,Departure,T1,26,159.16,97.9,46,7,Crane,70.57,48.54,66,80.18,1,Rain,3783.56,1011.73,40.1,0,93.99,98.26,Optimized,Low Efficiency
306,2024-04-17 20:07:00,FL9834,117.22,Hazardous,Low,Arrival,T1,16,111.62,86.1,20,13,Loader,53.95,70.34,58,2.62,0,Fog,2805.76,1459.01,37.48,0,81.69,125.66,Adaptive,Low Efficiency
307,2024-11-08 23:04:00,FL6119,64.37,Express,High,Arrival,T2,25,89.44,56.53,8,11,Conveyor,93.72,59.82,96,23.35,1,Clear,2199.23,758.54,88.72,0,104.55,29.19,Optimized,Moderate Efficiency
308,2024-04-02 19:16:00,FL1864,42.14,Express,Critical,Departure,T3,10,175.9,40.83,12,4,Forklift,97.0,56.1,82,49.12,1,Fog,4362.99,1275.98,11.01,1,60.52,40.81,Baseline,Low Efficiency
309,2024-01-31 11:00:00,FL6628,96.45,Express,Low,Arrival,T4,29,56.61,115.74,40,9,Crane,43.32,42.85,85,29.09,1,Storm,2564.27,1369.02,101.76,0,107.17,132.67,Adaptive,Low Efficiency
310,2024-08-12 11:12:00,FL9765,36.15,Hazardous,Low,Departure,T1,46,62.03,21.02,14,3,Loader,77.34,69.32,11,66.84,1,Fog,3056.17,163.24,51.72,0,15.36,103.26,Adaptive,Low Efficiency
311,2024-09-22 12:44:00,FL1176,55.48,Hazardous,Low,Arrival,T3,38,33.56,10.03,34,4,Loader,64.9,81.05,30,61.96,0,Fog,2592.52,1311.13,109.18,0,65.97,21.05,Optimized,Moderate Efficiency
312,2024-01-30 01:12:00,FL8681,14.02,Hazardous,Low,Departure,T2,20,176.05,6.05,40,3,Crane,71.56,69.99,64,2.3,0,Storm,3989.74,672.16,87.94,0,96.44,23.16,Adaptive,Low Efficiency
313,2024-09-17 13:10:00,FL8438,7.92,Express,Low,Arrival,T1,26,133.02,94.13,20,7,Crane,62.43,34.85,83,54.05,1,Clear,2928.89,657.52,97.2,0,96.99,84.68,Baseline,Low Efficiency
314,2024-06-01 23:21:00,FL9399,115.7,Express,Medium,Arrival,T1,32,21.94,11.52,34,2,Forklift,68.46,94.7,48,75.23,1,Rain,2618.51,1194.25,28.83,0,19.99,115.09,Adaptive,Low Efficiency
315,2024-06-30 16:50:00,FL8687,101.14,General,Low,Arrival,T1,39,132.69,66.94,48,10,Forklift,59.41,30.38,40,28.41,0,Rain,1660.21,444.87,50.06,1,110.75,100.07,Optimized,Low Efficiency
316,2024-03-15 20:26:00,FL6431,85.04,Perishable,Medium,Arrival,T3,38,84.66,47.24,14,12,Forklift,47.06,91.95,94,12.54,0,Clear,4601.94,144.14,40.86,0,21.87,104.92,Adaptive,Low Efficiency
317,2024-09-14 12:58:00,FL7897,52.03,General,Low,Departure,T1,49,174.81,21.89,15,12,Forklift,58.12,83.63,99,66.45,1,Fog,4384.27,479.62,88.66,0,113.72,90.08,Baseline,Low Efficiency
318,2024-10-22 21:57:00,FL6782,24.93,Express,Critical,Arrival,T1,24,64.38,90.17,38,2,Forklift,80.22,36.76,68,81.04,0,Rain,2441.72,1007.82,12.5,0,137.68,133.39,Adaptive,Low Efficiency
319,2024-04-22 13:00:00,FL5827,22.99,Hazardous,Critical,Departure,T2,31,133.65,11.33,20,2,Forklift,43.02,46.56,21,59.12,0,Fog,3468.74,1434.8,78.12,1,146.55,135.57,Adaptive,Low Efficiency
320,2024-06-21 09:17:00,FL5738,33.78,Express,Medium,Departure,T1,40,120.39,41.62,23,14,Conveyor,62.96,54.43,5,76.14,0,Storm,2786.51,654.01,105.49,0,94.49,94.78,Adaptive,Low Efficiency
321,2024-04-28 07:55:00,FL3744,68.16,Perishable,Medium,Arrival,T3,12,21.93,69.65,48,12,Conveyor,42.54,93.72,36,89.88,0,Rain,1292.83,1216.56,14.81,0,109.97,112.38,Adaptive,Low Efficiency
322,2024-05-08 22:12:00,FL1578,87.18,General,Medium,Arrival,T2,36,161.63,51.28,8,4,Loader,61.38,98.59,91,44.94,0,Fog,2192.13,380.75,41.98,0,42.74,74.74,Optimized,Low Efficiency
323,2024-10-27 05:22:00,FL5981,80.92,General,Medium,Departure,T4,10,42.34,34.8,48,8,Conveyor,45.26,36.1,7,84.18,0,Fog,4339.48,1292.68,32.87,1,62.43,47.71,Baseline,Low Efficiency
324,2024-01-19 01:10:00,FL5267,37.19,Hazardous,High,Arrival,T2,6,126.17,111.49,35,8,Crane,60.38,57.79,60,30.99,1,Fog,4088.47,1171.61,119.79,1,11.71,99.07,Optimized,Low Efficiency
325,2024-05-10 14:33:00,FL2006,114.81,General,Medium,Departure,T1,7,144.09,112.06,39,8,Crane,90.29,40.45,56,67.11,1,Rain,961.21,727.4,118.42,0,121.71,124.12,Adaptive,Low Efficiency
326,2024-08-29 21:21:00,FL8752,89.86,General,Critical,Arrival,T4,31,120.95,52.85,38,8,Crane,76.8,49.49,31,81.13,0,Fog,838.95,1352.81,23.68,0,106.54,46.76,Baseline,Low Efficiency
327,2024-10-26 19:12:00,FL3770,68.75,Express,Critical,Departure,T2,27,35.54,50.28,30,7,Loader,80.94,98.67,84,46.88,0,Rain,4340.83,153.02,31.42,0,46.12,97.63,Optimized,Low Efficiency
328,2024-06-29 17:02:00,FL1845,75.35,General,Medium,Arrival,T1,8,176.03,40.35,43,6,Conveyor,70.23,98.91,25,56.38,0,Rain,4546.89,1200.26,12.53,0,78.61,97.16,Adaptive,Low Efficiency
329,2024-07-13 06:46:00,FL5780,53.25,General,Medium,Arrival,T2,3,57.89,103.41,10,12,Crane,95.34,63.05,56,87.34,0,Rain,1824.05,149.28,72.29,0,111.98,138.63,Optimized,Low Efficiency
330,2024-04-25 22:11:00,FL1447,33.49,General,Low,Departure,T3,40,120.46,70.31,37,7,Conveyor,72.47,42.82,89,22.61,0,Rain,2071.79,1310.99,85.44,0,103.32,116.3,Adaptive,Low Efficiency
331,2024-03-19 17:06:00,FL5699,45.94,Hazardous,Low,Departure,T1,47,147.55,15.3,31,13,Crane,46.26,68.29,81,32.04,1,Clear,2011.11,347.49,82.0,0,54.89,123.58,Baseline,Low Efficiency
332,2024-10-05 13:24:00,FL8942,92.15,Hazardous,Medium,Departure,T3,21,170.28,103.13,16,14,Forklift,95.99,52.45,79,69.5,0,Storm,1071.36,153.6,38.6,0,61.76,89.93,Adaptive,Low Efficiency
333,2024-01-29 04:45:00,FL2351,6.66,Express,Low,Arrival,T1,1,116.64,66.51,49,5,Conveyor,47.98,95.02,74,30.69,1,Storm,3852.55,532.3,32.36,1,31.59,111.88,Optimized,Low Efficiency
334,2024-12-08 17:54:00,FL3077,18.35,General,Critical,Arrival,T3,45,61.45,52.79,12,8,Conveyor,99.95,87.28,34,45.07,0,Rain,2165.39,350.23,16.13,0,29.27,44.27,Adaptive,Low Efficiency
335,2024-06-10 23:18:00,FL9283,10.29,Hazardous,Low,Arrival,T4,15,153.86,43.85,13,2,Crane,66.12,51.62,44,4.54,0,Fog,4263.02,1012.56,79.59,0,66.68,91.15,Baseline,Low Efficiency
336,2024-05-25 07:47:00,FL2259,9.68,Hazardous,Medium,Arrival,T3,7,46.12,16.43,5,5,Conveyor,44.41,31.28,7,50.89,1,Rain,4453.34,761.31,37.01,0,77.15,102.72,Optimized,Low Efficiency
337,2024-12-01 04:22:00,FL5552,103.38,Express,High,Departure,T2,15,23.57,115.02,9,7,Forklift,91.85,99.86,51,56.41,0,Fog,4607.57,281.64,19.76,0,143.1,126.73,Optimized,Low Efficiency
338,2024-09-11 14:43:00,FL5129,85.92,Perishable,High,Departure,T1,25,165.3,90.24,11,9,Crane,45.57,77.83,25,7.43,1,Clear,4180.74,1382.59,49.0,0,80.76,33.2,Optimized,Low Efficiency
339,2024-08-10 05:35:00,FL3171,59.53,General,Medium,Arrival,T2,3,112.06,20.15,22,10,Forklift,50.47,59.8,28,21.95,0,Storm,4050.1,614.91,26.33,0,36.57,55.75,Optimized,Low Efficiency
340,2024-06-14 17:31:00,FL5603,16.25,Hazardous,Critical,Arrival,T3,30,31.14,63.8,44,1,Crane,65.04,50.19,42,38.99,0,Rain,2522.7,495.98,65.69,0,33.69,120.8,Optimized,Low Efficiency
341,2024-06-11 07:52:00,FL5509,61.54,Express,Medium,Arrival,T1,14,112.76,68.89,28,11,Conveyor,80.57,30.31,27,70.31,0,Clear,621.26,1077.28,26.4,0,58.34,70.79,Baseline,Low Efficiency
342,2024-01-18 05:33:00,FL5209,59.45,Express,Medium,Departure,T3,4,43.2,24.31,30,9,Crane,47.27,40.78,37,1.95,0,Rain,1004.28,650.9,118.74,0,138.63,77.82,Optimized,Moderate Efficiency
343,2024-05-20 15:11:00,FL1232,24.92,Express,Low,Departure,T4,36,25.02,54.13,14,3,Loader,77.36,30.41,55,29.82,1,Rain,2888.94,303.71,46.91,1,121.14,96.7,Adaptive,Low Efficiency
344,2024-10-17 03:41:00,FL2827,54.89,Hazardous,Medium,Arrival,T4,3,38.64,79.26,44,1,Crane,86.82,71.83,38,0.44,1,Clear,2120.11,915.33,62.24,0,79.14,111.81,Optimized,Low Efficiency
345,2024-08-27 00:47:00,FL3860,50.83,General,High,Departure,T4,5,144.02,37.66,48,7,Conveyor,47.41,76.43,56,46.92,1,Fog,4230.87,142.51,75.63,0,143.81,50.36,Optimized,Low Efficiency
346,2024-07-21 20:56:00,FL3476,75.82,Perishable,High,Arrival,T3,25,140.91,43.14,16,3,Forklift,78.85,83.68,92,44.89,1,Fog,3034.13,978.05,103.57,0,40.17,130.95,Adaptive,Low Efficiency
347,2024-02-20 13:12:00,FL8317,78.04,General,High,Arrival,T3,31,116.69,19.03,26,8,Forklift,97.53,43.09,34,67.98,0,Fog,944.75,1314.58,114.28,0,70.84,60.98,Baseline,Moderate Efficiency
348,2024-07-22 06:03:00,FL7058,10.21,Express,Medium,Departure,T4,11,53.49,52.52,31,11,Loader,98.04,36.72,29,0.35,0,Rain,2653.39,466.82,50.37,0,10.14,46.52,Optimized,Low Efficiency
349,2024-09-12 16:43:00,FL3873,48.08,Express,Low,Departure,T3,8,138.23,72.14,7,2,Crane,49.7,75.53,48,68.28,0,Fog,4198.83,1293.25,56.59,0,131.33,107.94,Baseline,Low Efficiency
350,2024-10-18 00:53:00,FL5280,76.97,Perishable,Low,Departure,T2,26,85.29,18.4,22,4,Crane,85.58,64.99,72,80.21,1,Fog,4383.87,443.06,26.61,0,32.1,60.38,Adaptive,Low Efficiency
351,2024-08-29 03:15:00,FL4869,62.86,General,Medium,Departure,T3,2,101.72,75.7,9,12,Forklift,90.8,91.3,77,28.57,0,Rain,1247.26,383.45,30.86,0,144.08,80.89,Baseline,Low Efficiency
352,2024-01-21 02:21:00,FL8944,103.5,Express,High,Arrival,T2,28,163.62,50.75,18,2,Forklift,93.34,67.33,46,30.03,0,Clear,951.35,1101.54,89.44,0,81.01,56.24,Adaptive,Low Efficiency
353,2024-03-24 23:44:00,FL3962,80.75,Express,High,Departure,T4,48,93.26,82.99,29,11,Conveyor,59.42,61.14,37,0.1,1,Storm,2241.46,191.71,57.88,1,149.15,129.49,Baseline,Low Efficiency
354,2024-07-09 05:03:00,FL9640,23.74,General,Low,Departure,T3,10,120.22,41.21,35,4,Loader,56.21,64.16,3,38.62,1,Fog,794.82,156.89,102.65,1,85.78,79.95,Baseline,Low Efficiency
355,2024-05-10 00:41:00,FL1542,13.12,Express,Medium,Departure,T4,39,173.88,70.38,25,12,Forklift,42.87,84.76,78,55.17,0,Clear,3768.62,738.38,68.21,0,73.76,19.16,Optimized,Low Efficiency
356,2024-07-12 07:21:00,FL6617,78.88,General,Medium,Departure,T1,37,92.22,75.47,42,1,Crane,63.97,31.28,96,11.04,0,Rain,2513.9,147.73,41.1,0,76.1,17.94,Adaptive,Low Efficiency
357,2024-01-28 20:35:00,FL2382,8.05,Express,Medium,Arrival,T3,39,109.72,84.41,24,13,Forklift,47.44,94.27,87,59.14,1,Rain,1392.0,795.35,84.72,0,127.01,61.08,Adaptive,Low Efficiency
358,2024-03-19 22:28:00,FL3376,72.36,General,Low,Arrival,T3,21,113.51,92.05,18,10,Conveyor,87.18,79.99,87,32.92,1,Fog,961.11,1009.2,62.0,1,60.73,67.06,Optimized,Low Efficiency
359,2024-11-12 10:33:00,FL3525,113.13,Perishable,Low,Departure,T4,28,58.51,20.68,24,5,Crane,48.58,91.97,77,60.57,0,Fog,4673.08,419.5,107.92,0,129.47,15.23,Baseline,Moderate Efficiency
360,2024-09-08 17:19:00,FL9125,71.18,Express,Low,Departure,T4,38,137.91,116.0,41,3,Conveyor,89.13,97.17,50,22.6,1,Clear,693.77,1358.42,50.9,0,134.09,129.34,Baseline,Low Efficiency
361,2024-08-16 09:54:00,FL7765,49.64,Perishable,Low,Arrival,T4,33,136.26,102.02,34,9,Conveyor,46.46,45.82,21,69.72,0,Fog,940.45,380.39,38.01,0,50.44,80.92,Baseline,Low Efficiency
362,2024-11-13 18:32:00,FL7277,78.98,Express,Low,Arrival,T1,11,54.17,69.67,47,4,Conveyor,68.84,70.48,48,49.4,1,Clear,1554.06,432.49,58.34,0,139.76,86.7,Baseline,Low Efficiency
363,2024-03-25 05:03:00,FL4898,57.7,Express,Low,Departure,T1,45,22.13,107.39,45,6,Loader,63.08,64.02,58,47.99,1,Rain,926.02,1378.28,103.4,0,36.69,101.25,Baseline,Moderate Efficiency
364,2024-10-07 11:46:00,FL8211,67.75,Hazardous,High,Arrival,T4,44,179.83,48.98,24,9,Crane,76.09,67.63,31,43.93,1,Clear,3399.28,1062.56,100.68,0,125.72,40.46,Adaptive,Low Efficiency
365,2024-05-18 09:52:00,FL3740,113.27,General,Medium,Arrival,T3,1,113.05,8.94,11,2,Crane,71.13,33.31,7,75.78,1,Rain,1481.99,840.09,108.28,0,33.62,83.21,Baseline,Low Efficiency
366,2024-07-04 11:35:00,FL4454,49.4,Perishable,Critical,Arrival,T3,47,48.97,88.61,9,7,Conveyor,75.92,93.98,57,49.88,0,Fog,2659.69,562.22,103.46,0,110.48,41.2,Optimized,Moderate Efficiency
367,2024-02-02 07:42:00,FL6653,115.54,Perishable,Low,Arrival,T4,33,65.37,113.48,35,3,Loader,40.06,96.83,36,14.36,0,Storm,4371.09,1176.71,46.32,1,146.59,68.14,Optimized,Low Efficiency
368,2024-11-13 12:39:00,FL1890,109.12,Perishable,Medium,Departure,T2,3,118.85,23.61,33,1,Forklift,47.65,77.96,83,56.32,1,Clear,4211.47,923.67,75.15,0,20.66,97.76,Baseline,Low Efficiency
369,2024-01-02 05:33:00,FL5331,27.52,General,Medium,Arrival,T1,26,42.02,79.05,19,9,Crane,71.03,48.08,86,46.27,0,Storm,1158.1,578.7,97.42,1,37.49,43.02,Baseline,Moderate Efficiency
370,2024-05-23 11:26:00,FL2900,12.98,Hazardous,Low,Arrival,T1,15,25.96,98.54,29,9,Forklift,53.78,85.1,24,6.2,0,Clear,899.29,1256.36,102.3,0,59.43,133.7,Optimized,Moderate Efficiency
371,2024-09-22 05:13:00,FL1860,16.59,Perishable,High,Departure,T2,41,147.76,109.08,17,12,Crane,44.58,81.16,24,52.3,0,Clear,3489.13,1212.42,54.19,0,60.42,51.12,Adaptive,Low Efficiency
372,2024-11-10 01:28:00,FL3745,7.1,General,Low,Departure,T4,14,134.54,36.8,48,11,Conveyor,53.06,70.22,56,7.14,0,Storm,1446.37,1417.2,66.5,1,35.5,52.52,Optimized,Low Efficiency
373,2024-02-20 22:52:00,FL8602,15.86,Express,Critical,Departure,T3,23,69.54,19.8,28,4,Crane,86.79,41.92,85,65.23,0,Storm,4016.54,1492.83,41.97,0,79.56,138.96,Optimized,Low Efficiency
374,2024-08-28 10:39:00,FL7533,83.55,Perishable,Critical,Arrival,T3,8,29.36,33.5,19,9,Conveyor,72.5,44.08,61,58.93,1,Fog,2455.2,116.14,86.76,0,120.7,64.49,Adaptive,Moderate Efficiency
375,2024-08-16 14:04:00,FL8802,13.19,Perishable,Medium,Departure,T1,36,97.8,71.44,28,7,Crane,51.4,71.26,77,44.39,1,Storm,1195.34,548.17,83.9,0,122.37,29.12,Baseline,Low Efficiency
376,2024-03-31 17:59:00,FL5937,41.68,Hazardous,Medium,Arrival,T2,20,64.19,110.65,30,4,Conveyor,40.96,39.02,70,67.39,1,Storm,4883.97,369.71,74.94,0,75.27,69.86,Optimized,Low Efficiency
377,2024-08-06 16:30:00,FL8803,102.16,Perishable,High,Departure,T3,6,83.64,71.99,23,12,Forklift,61.46,80.68,28,25.27,1,Fog,750.26,399.05,79.0,0,53.89,57.47,Adaptive,Low Efficiency
378,2024-08-13 05:08:00,FL9724,7.68,Perishable,Medium,Arrival,T1,33,63.84,110.76,28,2,Forklift,61.45,44.88,32,40.18,1,Storm,1059.32,1310.74,108.85,0,43.83,79.32,Optimized,Low Efficiency
379,2024-10-24 09:11:00,FL4828,98.66,Express,High,Departure,T3,28,48.04,93.55,23,13,Forklift,84.11,93.73,77,1.38,1,Storm,4154.17,1464.9,100.21,1,110.17,95.77,Adaptive,Moderate Efficiency
380,2024-08-25 12:27:00,FL7222,37.41,General,Low,Departure,T3,38,81.92,73.81,46,5,Crane,95.17,92.98,98,88.95,1,Fog,2537.08,1416.1,23.73,0,21.93,56.15,Optimized,Low Efficiency
381,2024-10-20 00:27:00,FL7390,18.59,General,Low,Arrival,T3,30,174.38,7.51,21,8,Loader,62.32,50.55,96,5.06,0,Storm,4721.23,1075.06,80.7,1,86.34,109.57,Optimized,Low Efficiency
382,2024-08-03 06:56:00,FL8775,85.12,Hazardous,Medium,Departure,T1,46,62.6,43.3,9,10,Forklift,81.29,35.84,78,9.4,1,Clear,1008.45,876.94,27.78,0,85.8,52.39,Baseline,Low Efficiency
383,2024-04-02 16:30:00,FL5302,77.33,Express,Medium,Departure,T2,43,73.75,11.61,8,10,Crane,78.09,72.8,96,44.54,0,Clear,1206.43,993.2,26.32,0,25.79,127.41,Optimized,Low Efficiency
384,2024-05-19 16:38:00,FL3378,105.91,General,Critical,Departure,T4,17,72.68,42.06,26,6,Conveyor,65.32,61.39,45,33.83,0,Storm,508.21,1297.95,59.42,0,75.97,144.69,Baseline,Low Efficiency
385,2024-11-02 03:49:00,FL9690,89.53,Express,Low,Departure,T2,9,96.85,12.17,14,12,Loader,43.95,40.06,69,47.91,0,Storm,1477.02,109.85,63.41,1,44.97,11.92,Optimized,Low Efficiency
386,2024-10-03 02:02:00,FL8122,97.4,General,High,Departure,T3,28,154.96,24.3,25,14,Loader,68.41,67.2,99,75.15,0,Storm,3457.67,699.56,21.45,1,33.31,26.3,Adaptive,Low Efficiency
387,2024-05-06 17:20:00,FL1194,37.43,Express,Low,Arrival,T2,7,84.34,52.23,29,12,Loader,61.25,99.49,68,14.28,1,Rain,3754.99,809.2,66.3,0,21.49,81.41,Baseline,Low Efficiency
388,2024-08-07 03:28:00,FL5731,25.41,Hazardous,Medium,Arrival,T3,46,148.98,64.21,10,11,Forklift,73.01,34.83,78,57.56,0,Storm,2434.73,1392.85,29.41,0,37.07,97.22,Baseline,Low Efficiency
389,2024-10-22 16:40:00,FL8353,91.32,Perishable,Medium,Departure,T1,28,38.4,29.97,34,5,Forklift,47.52,48.47,18,1.62,1,Clear,1658.11,340.91,70.57,1,100.29,137.48,Adaptive,Low Efficiency
390,2024-01-01 07:05:00,FL7258,97.79,Hazardous,Medium,Departure,T1,17,163.19,89.25,33,4,Forklift,83.45,67.7,75,71.1,0,Storm,3723.48,1142.1,101.53,0,112.11,98.27,Baseline,Low Efficiency
391,2024-08-09 06:35:00,FL6172,118.91,General,Low,Arrival,T1,40,49.65,72.89,15,11,Forklift,87.27,85.54,83,73.41,0,Rain,1276.74,1393.62,19.45,1,42.0,131.0,Adaptive,Low Efficiency
392,2024-07-27 22:10:00,FL9687,52.45,Hazardous,Medium,Arrival,T3,48,26.27,84.55,15,6,Conveyor,63.31,31.31,2,34.14,1,Fog,3951.89,1169.62,53.92,0,90.33,83.13,Optimized,Low Efficiency
393,2024-06-02 01:12:00,FL1672,47.78,Perishable,High,Departure,T2,44,45.34,89.27,31,13,Crane,50.52,81.29,98,15.6,0,Rain,4039.65,114.4,35.71,0,62.02,106.55,Baseline,Low Efficiency
394,2024-11-09 00:50:00,FL2595,94.29,Hazardous,Medium,Arrival,T4,44,50.52,88.6,23,11,Loader,77.41,39.79,3,73.0,0,Rain,2484.83,1023.22,73.21,1,85.82,139.29,Adaptive,Low Efficiency
395,2024-08-22 15:42:00,FL9704,44.19,General,Medium,Departure,T4,5,101.36,112.67,26,3,Crane,97.35,88.15,29,81.83,0,Clear,1371.23,393.34,108.29,1,44.47,104.85,Optimized,Low Efficiency
396,2024-12-04 14:15:00,FL6797,112.04,General,High,Departure,T1,5,91.99,32.28,32,2,Loader,82.03,78.45,87,6.78,0,Storm,3334.43,947.18,31.7,0,16.43,77.57,Optimized,Low Efficiency
397,2024-11-17 16:46:00,FL8074,103.72,Hazardous,High,Departure,T4,14,134.54,36.07,8,1,Loader,47.41,61.96,48,52.18,1,Clear,4340.54,899.63,84.39,0,55.76,93.0,Baseline,Low Efficiency
398,2024-11-17 23:18:00,FL5466,54.33,Perishable,Medium,Departure,T3,6,28.15,15.83,41,9,Loader,63.83,87.51,65,84.43,0,Rain,2882.78,1439.87,20.24,0,32.5,70.24,Optimized,Low Efficiency
399,2024-06-04 14:42:00,FL6488,91.35,Hazardous,Low,Arrival,T2,7,99.63,73.15,23,1,Loader,94.92,81.31,42,57.94,0,Rain,2574.81,366.4,70.04,1,112.8,31.01,Adaptive,Low Efficiency
400,2024-12-10 13:31:00,FL5429,91.77,Perishable,Critical,Arrival,T4,17,73.2,50.45,21,11,Conveyor,78.07,83.14,6,73.83,0,Storm,4906.51,170.71,84.37,1,112.25,117.82,Baseline,Low Efficiency
401,2024-05-03 13:34:00,FL5375,16.86,Express,Medium,Arrival,T4,9,120.91,62.06,44,4,Conveyor,48.83,50.31,59,20.68,0,Fog,2918.42,955.79,83.8,0,20.18,68.02,Baseline,Low Efficiency
402,2024-03-02 17:54:00,FL2610,108.79,Perishable,Low,Departure,T2,31,26.99,24.53,40,6,Loader,83.48,73.36,81,9.21,0,Clear,653.97,581.51,91.21,1,65.54,23.27,Baseline,Moderate Efficiency
403,2024-07-25 15:31:00,FL5183,63.1,Express,Low,Arrival,T4,22,25.59,79.64,27,9,Loader,61.21,39.88,19,33.86,1,Fog,2759.22,1150.3,55.91,0,23.0,108.56,Adaptive,Low Efficiency
404,2024-09-01 01:50:00,FL7408,100.04,Hazardous,High,Departure,T2,45,88.36,76.19,32,4,Forklift,69.37,87.46,52,35.56,0,Rain,2503.72,1490.5,93.6,1,110.08,116.97,Baseline,Low Efficiency
405,2024-03-09 00:03:00,FL8554,41.81,Perishable,Low,Departure,T3,9,149.81,35.45,15,7,Loader,64.9,66.87,61,70.76,1,Fog,1814.47,661.91,62.02,1,12.57,24.74,Optimized,Low Efficiency
406,2024-06-20 00:37:00,FL4961,107.99,Express,Critical,Arrival,T3,16,127.38,58.52,18,7,Crane,83.54,87.74,2,36.57,0,Clear,1928.09,312.59,45.52,0,71.32,73.82,Optimized,Low Efficiency
407,2024-08-14 00:58:00,FL4193,49.76,Express,Low,Departure,T3,36,22.67,107.84,17,13,Conveyor,53.07,44.78,79,21.29,0,Rain,4688.71,875.76,45.42,0,31.34,77.38,Optimized,Low Efficiency
408,2024-06-12 13:52:00,FL9518,6.25,Express,High,Departure,T1,34,48.56,93.95,28,14,Crane,63.3,39.12,23,79.77,1,Rain,1101.19,584.65,29.32,0,103.08,42.83,Optimized,Low Efficiency
409,2024-05-25 00:02:00,FL6528,109.12,General,Medium,Departure,T3,45,56.28,31.1,20,6,Forklift,84.67,78.23,19,70.44,0,Fog,3938.17,1212.55,89.26,0,39.95,121.88,Adaptive,Moderate Efficiency
410,2024-04-17 07:11:00,FL3947,15.5,Hazardous,Medium,Arrival,T4,13,87.69,106.07,32,9,Conveyor,82.29,34.09,97,60.06,0,Storm,4560.89,848.08,27.34,0,66.93,84.31,Adaptive,Low Efficiency
411,2024-01-18 18:51:00,FL6132,41.72,Express,Critical,Departure,T1,19,113.87,12.74,34,11,Forklift,52.1,47.08,70,18.64,1,Storm,1667.68,1371.46,79.98,0,10.71,90.13,Adaptive,Low Efficiency
412,2024-02-03 15:38:00,FL9972,114.26,Perishable,Medium,Arrival,T1,12,54.63,52.6,48,10,Forklift,61.04,93.61,50,18.43,1,Clear,800.67,1273.44,83.19,1,148.45,60.12,Adaptive,Low Efficiency
413,2024-06-27 06:56:00,FL1173,114.32,Express,Medium,Departure,T1,36,81.2,14.21,45,7,Crane,40.86,39.29,61,44.22,1,Storm,1882.16,1379.76,41.53,0,115.57,44.37,Baseline,Low Efficiency
414,2024-12-11 23:36:00,FL1138,70.95,General,Low,Arrival,T3,10,113.43,111.28,43,3,Loader,71.81,56.29,19,47.78,0,Rain,2447.97,518.68,63.75,0,33.02,122.3,Baseline,Low Efficiency
415,2024-02-23 00:45:00,FL2113,77.66,Hazardous,Low,Departure,T1,16,81.35,9.68,46,6,Conveyor,56.86,96.19,94,23.05,1,Rain,4781.41,1363.87,83.8,1,72.13,84.61,Optimized,Low Efficiency
416,2024-11-27 14:58:00,FL1195,56.57,General,Low,Arrival,T3,28,42.91,22.39,31,7,Conveyor,40.71,31.4,22,11.1,0,Fog,2435.63,1313.0,10.02,0,79.75,43.72,Baseline,Low Efficiency
417,2024-10-28 18:52:00,FL7737,38.72,General,High,Arrival,T3,19,98.67,110.23,21,12,Loader,65.48,61.17,3,32.69,1,Rain,914.26,977.81,40.22,0,41.64,69.65,Adaptive,Low Efficiency
418,2024-05-21 14:00:00,FL2600,42.8,General,Low,Departure,T1,40,71.84,71.95,30,7,Crane,95.61,85.05,5,38.62,0,Rain,1161.0,1374.62,51.76,0,21.89,87.81,Baseline,Low Efficiency
419,2024-10-06 14:30:00,FL9605,82.34,Perishable,Low,Departure,T1,6,158.27,96.45,11,13,Forklift,95.4,93.63,94,4.73,1,Clear,2087.3,175.93,112.39,1,89.73,87.72,Adaptive,Low Efficiency
420,2024-12-25 23:52:00,FL2702,91.52,Hazardous,Medium,Departure,T4,4,144.1,6.89,39,6,Crane,62.33,81.49,67,50.82,0,Storm,1328.85,1199.88,61.07,0,126.92,88.08,Adaptive,Low Efficiency
421,2024-10-18 00:26:00,FL8306,96.03,Hazardous,High,Departure,T1,30,50.44,53.2,19,3,Forklift,66.95,92.19,60,0.18,0,Storm,772.55,303.72,65.77,0,90.05,33.68,Adaptive,Low Efficiency
422,2024-06-26 15:56:00,FL6759,95.81,Perishable,High,Arrival,T3,39,44.42,118.21,20,6,Conveyor,54.56,32.41,39,13.61,0,Storm,1288.67,577.27,83.05,1,98.31,87.68,Optimized,Low Efficiency
423,2024-04-17 10:59:00,FL4594,15.49,Hazardous,Low,Departure,T4,31,75.63,71.68,25,2,Loader,44.1,36.99,28,13.23,0,Clear,974.71,1121.42,59.66,0,92.71,58.4,Baseline,Low Efficiency
424,2024-01-05 00:54:00,FL5641,61.86,General,Low,Arrival,T4,46,85.95,102.71,21,10,Loader,81.64,81.64,1,61.88,0,Storm,1412.14,393.56,57.56,0,73.9,89.39,Adaptive,Low Efficiency
425,2024-03-18 14:44:00,FL5127,11.62,Hazardous,Critical,Departure,T3,27,169.12,115.81,49,13,Conveyor,88.0,82.73,22,43.73,0,Fog,4984.04,423.69,117.18,0,30.62,103.31,Optimized,Low Efficiency
426,2024-11-05 13:58:00,FL4163,68.2,Perishable,Low,Arrival,T1,45,68.26,83.78,30,1,Forklift,92.81,72.37,45,75.24,1,Storm,2504.34,396.87,99.36,0,38.33,42.27,Optimized,Moderate Efficiency
427,2024-06-08 08:31:00,FL1557,55.78,General,Critical,Arrival,T1,21,158.81,42.68,39,8,Crane,96.12,81.12,51,23.84,1,Rain,3463.7,738.73,87.19,1,55.89,26.89,Baseline,Low Efficiency
428,2024-05-08 01:50:00,FL1388,107.09,Perishable,Critical,Arrival,T2,37,100.85,40.49,24,3,Forklift,94.96,90.06,81,18.95,1,Clear,1243.77,213.38,62.86,0,51.18,94.62,Baseline,Low Efficiency
429,2024-12-04 06:35:00,FL2506,45.36,Express,High,Departure,T1,9,161.7,13.2,24,14,Loader,41.64,68.18,51,72.26,0,Fog,4321.81,1341.13,48.09,0,83.02,107.02,Optimized,Low Efficiency
430,2024-02-06 13:37:00,FL1931,18.46,General,Low,Departure,T2,35,132.31,54.19,27,8,Crane,98.69,96.31,28,39.98,0,Clear,1701.08,1121.61,75.11,0,68.91,131.23,Baseline,Low Efficiency
431,2024-06-30 11:03:00,FL4552,21.44,General,High,Arrival,T4,42,133.34,110.27,9,3,Crane,62.77,78.6,30,24.68,0,Fog,4921.21,818.91,59.08,0,99.16,44.44,Adaptive,Low Efficiency
432,2024-03-29 08:53:00,FL2995,92.57,Hazardous,High,Arrival,T4,47,103.01,59.98,13,2,Forklift,93.17,63.04,8,37.64,0,Fog,4265.19,217.89,61.32,0,127.65,27.35,Adaptive,Low Efficiency
433,2024-11-28 09:14:00,FL2965,76.1,General,Medium,Arrival,T4,21,154.45,109.76,27,12,Forklift,66.45,59.51,91,38.27,1,Rain,4778.92,274.06,34.38,0,16.88,146.28,Optimized,Low Efficiency
434,2024-04-07 02:16:00,FL2415,16.63,Perishable,Medium,Arrival,T2,17,60.71,98.97,22,8,Forklift,65.33,82.51,41,51.49,0,Storm,3507.36,237.85,97.04,1,74.74,15.6,Adaptive,Low Efficiency
435,2024-12-04 08:13:00,FL3128,14.67,Hazardous,Low,Arrival,T3,24,165.18,118.18,33,3,Crane,40.67,74.13,25,3.39,1,Storm,3461.41,120.65,97.02,0,40.19,68.27,Adaptive,Low Efficiency
436,2024-08-19 01:11:00,FL7159,85.61,Express,Low,Departure,T3,31,121.88,113.98,15,8,Conveyor,43.15,87.22,59,22.32,1,Fog,4284.94,1033.93,43.1,1,137.43,79.08,Adaptive,Low Efficiency
437,2024-11-18 06:31:00,FL4027,13.37,Perishable,Medium,Arrival,T4,6,90.19,86.25,47,2,Crane,80.28,84.67,77,42.02,0,Fog,3719.13,814.21,41.8,1,86.22,109.5,Optimized,Low Efficiency
438,2024-11-06 17:50:00,FL2816,99.51,Express,Medium,Departure,T2,35,177.15,105.19,12,4,Loader,96.26,66.69,34,48.81,0,Storm,3227.85,634.89,40.59,1,133.79,123.58,Optimized,Low Efficiency
439,2024-11-20 16:54:00,FL4018,86.22,Express,Medium,Departure,T2,37,157.92,91.03,31,9,Conveyor,53.46,96.2,39,14.29,1,Clear,2112.21,586.55,27.89,1,103.85,88.07,Optimized,Low Efficiency
440,2024-04-25 21:29:00,FL5150,14.36,Express,Medium,Departure,T4,13,143.52,85.89,6,1,Conveyor,45.64,79.3,71,17.43,0,Fog,1502.9,745.94,104.4,0,28.94,14.04,Baseline,Low Efficiency
441,2024-12-11 15:32:00,FL5826,14.76,General,Medium,Arrival,T1,25,63.82,87.29,27,2,Forklift,52.83,44.06,86,65.48,0,Fog,4020.1,764.95,39.21,0,128.55,149.74,Adaptive,Low Efficiency
442,2024-11-23 17:32:00,FL8650,118.46,Perishable,High,Arrival,T4,32,175.8,87.92,25,2,Crane,52.74,73.29,97,70.7,0,Clear,2237.22,294.71,86.85,0,54.44,99.57,Baseline,Low Efficiency
443,2024-07-07 17:42:00,FL2240,48.04,Perishable,Critical,Arrival,T2,1,138.88,48.63,14,9,Loader,57.59,44.13,46,6.76,0,Clear,775.42,844.15,20.96,1,114.1,126.42,Baseline,Low Efficiency
444,2024-06-29 00:49:00,FL8429,47.62,General,Low,Arrival,T1,49,116.83,53.71,42,10,Crane,45.68,69.12,38,89.11,1,Storm,2658.3,167.24,90.89,1,81.19,68.04,Baseline,Low Efficiency
445,2024-07-20 22:22:00,FL5528,98.47,Hazardous,Medium,Departure,T3,35,167.49,38.82,8,5,Forklift,54.13,85.3,95,38.98,0,Storm,3458.8,1414.1,26.2,1,112.23,17.31,Adaptive,Low Efficiency
446,2024-12-18 20:56:00,FL7995,113.93,Express,Low,Departure,T1,19,45.95,22.05,25,11,Crane,95.28,86.88,33,52.72,0,Clear,603.67,1099.91,27.47,0,83.86,21.57,Adaptive,Low Efficiency
447,2024-06-23 05:07:00,FL6298,118.39,Perishable,High,Departure,T3,12,42.24,57.72,41,13,Loader,93.41,75.56,22,53.43,1,Clear,3673.04,113.24,101.47,1,139.91,117.95,Optimized,Moderate Efficiency
448,2024-07-18 22:56:00,FL5216,91.64,General,High,Arrival,T2,40,110.19,108.49,47,4,Forklift,58.98,84.83,27,31.14,0,Rain,1511.07,504.36,42.0,0,81.42,39.75,Optimized,Low Efficiency
449,2024-11-16 07:19:00,FL3653,48.27,Express,Critical,Arrival,T4,40,29.07,79.9,16,10,Crane,99.81,63.06,63,49.03,1,Rain,1500.61,1475.81,28.96,0,18.5,129.89,Baseline,Low Efficiency
450,2024-02-26 10:07:00,FL2212,14.6,Hazardous,Low,Arrival,T4,47,126.24,11.46,18,10,Loader,57.9,68.55,27,52.51,1,Storm,3032.97,167.84,69.06,0,73.31,45.33,Baseline,Low Efficiency
451,2024-07-27 01:27:00,FL5543,94.37,Hazardous,Critical,Arrival,T4,43,58.52,98.29,24,4,Loader,83.31,91.57,21,68.47,0,Fog,2017.82,305.42,18.23,0,145.44,46.29,Adaptive,Low Efficiency
452,2024-06-19 18:04:00,FL2022,69.22,Express,Low,Arrival,T4,20,39.04,112.57,12,7,Forklift,78.64,64.52,53,59.56,0,Clear,2527.63,767.96,88.15,1,120.54,23.7,Baseline,Low Efficiency
453,2024-07-16 20:33:00,FL7271,53.79,Hazardous,High,Arrival,T4,33,85.52,100.38,31,3,Forklift,43.87,54.57,35,40.2,0,Storm,2808.69,594.83,102.55,1,98.42,29.66,Baseline,Low Efficiency
454,2024-09-01 13:21:00,FL7366,109.23,Perishable,Low,Departure,T2,29,94.55,88.67,41,9,Conveyor,60.54,85.79,47,17.22,0,Rain,4644.6,1479.32,37.32,0,31.18,27.81,Optimized,Low Efficiency
455,2024-08-20 19:19:00,FL6450,17.79,Perishable,Critical,Departure,T2,16,47.28,22.26,45,5,Conveyor,97.09,33.53,50,2.26,0,Fog,1422.05,855.43,86.78,1,35.64,15.9,Optimized,Moderate Efficiency
456,2024-02-28 16:11:00,FL1984,61.65,Perishable,Medium,Arrival,T4,14,26.65,45.13,25,11,Loader,43.05,97.08,10,58.67,1,Rain,2589.38,1417.67,15.92,0,111.13,43.15,Optimized,Low Efficiency
457,2024-04-10 18:15:00,FL5230,6.31,Hazardous,High,Departure,T1,7,86.25,70.01,39,9,Forklift,50.49,53.8,28,42.99,1,Rain,4036.94,627.55,62.58,0,112.29,13.15,Adaptive,Low Efficiency
458,2024-04-19 19:57:00,FL5336,58.9,Perishable,High,Departure,T4,6,141.52,13.84,48,1,Forklift,98.26,74.07,37,86.9,1,Rain,1423.25,480.93,114.71,0,62.27,108.49,Baseline,Moderate Efficiency
459,2024-06-17 09:35:00,FL3915,11.47,General,Low,Departure,T3,21,159.87,17.22,43,10,Crane,42.39,77.98,41,8.85,1,Fog,870.72,503.79,69.19,0,149.23,96.28,Adaptive,Low Efficiency
460,2024-10-05 22:01:00,FL8218,18.66,Perishable,Low,Departure,T3,36,35.61,112.44,19,12,Crane,66.8,39.6,97,6.54,1,Rain,579.94,991.24,55.19,0,106.8,34.11,Optimized,Low Efficiency
461,2024-04-21 06:27:00,FL2137,18.52,Perishable,Critical,Arrival,T3,22,103.95,85.81,16,14,Crane,95.1,87.6,61,16.32,0,Storm,966.8,945.62,10.64,0,135.23,130.7,Baseline,Low Efficiency
462,2024-06-04 19:05:00,FL9056,79.66,Hazardous,Medium,Departure,T3,40,62.14,36.64,38,8,Crane,96.62,70.05,51,33.92,0,Fog,1735.66,875.04,38.15,1,16.48,49.99,Optimized,Low Efficiency
463,2024-02-16 18:28:00,FL4287,90.8,Perishable,Low,Arrival,T4,19,79.94,42.65,12,2,Conveyor,98.76,52.96,8,15.77,1,Clear,2341.65,364.7,57.13,0,97.3,84.99,Baseline,Low Efficiency
464,2024-10-29 02:20:00,FL7432,72.09,Express,Medium,Arrival,T3,25,169.35,49.21,41,14,Crane,68.88,89.55,58,41.75,0,Clear,3171.98,468.82,51.52,0,114.93,123.54,Optimized,Low Efficiency
465,2024-10-23 19:18:00,FL3923,115.65,General,Medium,Departure,T1,3,76.33,13.63,34,8,Forklift,45.19,73.76,61,30.57,1,Clear,1400.41,504.76,58.29,0,121.63,61.68,Adaptive,Low Efficiency
466,2024-08-28 22:34:00,FL9061,48.11,Hazardous,Low,Arrival,T4,36,78.46,90.01,7,4,Loader,86.36,85.0,33,89.95,0,Clear,1713.63,1312.73,12.6,0,104.14,45.15,Adaptive,Low Efficiency
467,2024-12-05 06:37:00,FL2776,37.86,General,Low,Departure,T3,45,53.5,25.34,34,2,Loader,82.54,99.46,19,87.0,0,Rain,3645.86,1244.27,68.44,1,94.83,130.49,Baseline,Moderate Efficiency
468,2024-10-29 18:10:00,FL3357,104.89,Express,Low,Arrival,T4,34,173.6,97.59,33,13,Loader,74.78,39.12,30,32.83,1,Rain,4590.54,387.04,37.65,1,114.46,20.37,Optimized,Low Efficiency
469,2024-02-15 08:10:00,FL9857,30.71,Hazardous,Medium,Arrival,T4,11,93.04,102.28,5,2,Conveyor,93.29,82.47,78,71.29,1,Clear,1109.82,305.0,54.07,0,15.39,101.06,Optimized,Low Efficiency
470,2024-05-30 14:41:00,FL8065,115.77,Hazardous,Critical,Departure,T4,48,111.26,78.42,20,13,Loader,94.69,83.04,14,21.75,0,Fog,2626.32,243.0,107.51,0,115.19,127.41,Optimized,Low Efficiency
471,2024-11-01 22:32:00,FL4578,6.4,Perishable,Critical,Departure,T2,42,92.51,93.53,46,6,Conveyor,80.99,91.23,36,5.2,1,Rain,1829.38,194.69,101.09,1,56.14,109.43,Adaptive,Low Efficiency
472,2024-10-10 14:36:00,FL2740,116.54,General,High,Arrival,T3,47,60.47,24.76,35,3,Conveyor,46.73,58.56,7,3.64,0,Rain,2875.87,1478.47,53.78,0,116.54,62.39,Baseline,Low Efficiency
473,2024-01-15 05:20:00,FL8234,9.96,Express,Low,Departure,T2,27,149.67,71.23,14,11,Loader,45.73,90.88,34,2.63,0,Fog,1036.09,1235.81,15.95,0,118.79,143.11,Baseline,Low Efficiency
474,2024-10-03 23:38:00,FL5243,107.48,Express,Critical,Arrival,T1,42,24.56,82.83,34,14,Conveyor,64.52,74.79,50,66.23,1,Fog,1719.68,123.7,107.78,1,48.72,29.02,Optimized,Moderate Efficiency
475,2024-12-13 07:49:00,FL2692,65.69,Hazardous,Medium,Departure,T1,2,130.44,81.08,47,14,Crane,57.56,34.81,32,30.8,1,Storm,3689.88,109.28,53.89,0,110.12,109.61,Optimized,Low Efficiency
476,2024-01-05 07:02:00,FL1571,119.19,Perishable,Low,Arrival,T2,6,115.08,18.49,30,10,Crane,47.98,32.21,42,74.15,0,Fog,4186.89,1065.89,62.75,1,56.05,110.53,Optimized,Low Efficiency
477,2024-09-13 03:25:00,FL2194,13.49,Hazardous,Critical,Arrival,T3,46,43.08,44.6,16,3,Crane,76.67,63.7,33,78.65,0,Clear,3297.4,535.78,19.43,0,111.47,95.73,Baseline,Low Efficiency
478,2024-08-05 10:38:00,FL2153,68.69,Hazardous,High,Arrival,T4,2,46.54,42.38,44,9,Conveyor,81.01,85.01,14,27.5,0,Clear,4750.07,238.53,86.18,0,36.58,77.99,Baseline,Moderate Efficiency
479,2024-10-10 23:30:00,FL5105,116.47,Hazardous,High,Arrival,T1,42,125.48,70.84,9,5,Crane,81.88,56.9,89,26.02,0,Fog,3438.05,749.62,88.33,0,20.87,143.32,Adaptive,Low Efficiency
480,2024-11-01 02:55:00,FL8305,65.16,Hazardous,High,Arrival,T1,17,69.94,93.0,13,14,Loader,50.52,89.63,28,27.71,1,Storm,3859.67,126.37,54.95,0,92.35,75.29,Baseline,Low Efficiency
481,2024-06-09 14:11:00,FL1307,77.38,Express,Low,Departure,T1,40,62.52,70.62,15,7,Loader,58.35,64.45,39,42.79,1,Storm,2108.42,694.83,107.78,0,37.03,56.63,Baseline,Low Efficiency
482,2024-12-21 12:25:00,FL9154,85.01,Express,Low,Arrival,T3,48,29.46,91.81,27,12,Conveyor,51.94,31.84,94,1.44,1,Clear,1264.41,432.61,15.35,0,135.25,82.09,Adaptive,Low Efficiency
483,2024-06-08 18:40:00,FL3438,57.27,Hazardous,High,Departure,T2,14,142.64,16.38,21,5,Conveyor,76.08,98.16,31,0.98,1,Clear,3460.45,470.83,43.83,1,32.16,122.13,Baseline,Low Efficiency
484,2024-07-17 17:53:00,FL1014,77.17,Hazardous,Low,Departure,T2,10,161.23,105.99,47,2,Crane,74.02,64.27,24,66.19,1,Fog,4635.89,500.72,32.75,0,94.99,32.82,Baseline,Low Efficiency
485,2024-11-13 08:47:00,FL1619,72.2,Perishable,Medium,Arrival,T3,45,151.18,66.71,17,11,Forklift,70.2,75.51,4,72.74,1,Rain,4918.55,530.78,86.77,0,107.61,61.87,Optimized,Low Efficiency
486,2024-12-19 15:12:00,FL7397,108.63,Hazardous,High,Arrival,T1,33,94.57,9.31,21,11,Loader,57.76,43.95,78,18.37,0,Storm,2525.21,128.06,32.51,0,10.35,89.19,Adaptive,Low Efficiency
487,2024-01-22 03:14:00,FL5365,10.23,Express,High,Departure,T3,42,105.43,78.97,27,8,Forklift,54.22,50.81,9,53.45,0,Clear,2928.68,898.29,87.3,1,131.73,128.03,Optimized,Low Efficiency
488,2024-10-10 03:46:00,FL3483,37.31,General,Medium,Arrival,T3,12,58.76,64.49,43,9,Crane,93.42,63.9,70,19.44,1,Fog,1900.47,867.05,97.62,0,111.74,66.05,Adaptive,Moderate Efficiency
489,2024-09-01 18:17:00,FL6403,114.3,Express,High,Arrival,T2,32,47.66,30.34,13,11,Conveyor,42.93,89.93,24,66.08,0,Fog,3526.32,1011.13,96.16,1,117.73,87.07,Adaptive,Low Efficiency
490,2024-10-21 09:56:00,FL7411,107.38,Perishable,High,Departure,T3,49,151.68,92.91,22,2,Crane,79.38,37.14,90,37.85,1,Fog,3943.49,323.88,13.09,0,17.88,27.15,Baseline,Low Efficiency
491,2024-04-30 04:21:00,FL1060,57.4,Express,High,Departure,T3,24,147.74,112.36,22,2,Forklift,41.17,84.62,98,74.05,1,Storm,685.38,1492.74,112.36,0,59.29,23.18,Optimized,Low Efficiency
492,2024-12-06 08:14:00,FL9444,76.32,General,Low,Departure,T1,14,144.38,42.11,34,4,Crane,51.63,70.55,65,85.37,1,Rain,4309.83,290.15,88.61,0,99.92,39.88,Adaptive,Low Efficiency
493,2024-04-02 22:27:00,FL9039,36.9,Hazardous,Low,Departure,T4,5,94.14,61.8,46,13,Conveyor,57.37,64.98,87,49.99,0,Fog,2812.09,1236.18,99.41,0,42.05,105.99,Adaptive,Low Efficiency
494,2024-01-20 15:16:00,FL8833,26.63,General,Medium,Departure,T1,5,158.32,19.74,48,8,Forklift,93.19,91.36,17,81.06,1,Fog,3108.72,408.5,81.03,0,126.48,39.7,Adaptive,Low Efficiency
495,2024-10-13 22:00:00,FL8144,58.33,Hazardous,Low,Departure,T2,47,168.2,111.93,30,5,Crane,48.26,38.27,37,3.04,1,Rain,1428.02,714.65,68.2,0,67.16,132.83,Adaptive,Low Efficiency
496,2024-01-20 17:38:00,FL7617,45.64,Hazardous,Low,Arrival,T4,32,72.54,41.66,22,5,Conveyor,96.27,99.35,50,41.64,0,Fog,546.35,553.88,80.91,0,122.15,135.82,Baseline,Moderate Efficiency
497,2024-03-02 03:05:00,FL2148,72.12,Express,Low,Departure,T1,45,55.95,27.4,25,7,Crane,88.93,89.82,45,45.31,0,Clear,4784.91,530.79,49.61,0,132.66,47.17,Baseline,Low Efficiency
498,2024-11-08 02:33:00,FL9849,13.94,Express,Medium,Departure,T3,49,94.28,60.02,45,12,Crane,80.74,52.8,20,37.42,0,Storm,4677.8,781.12,60.36,0,76.57,24.74,Adaptive,Low Efficiency
499,2024-04-08 19:31:00,FL4700,117.06,Express,Critical,Arrival,T3,33,48.69,9.98,45,4,Conveyor,64.7,61.61,59,28.34,1,Rain,3984.53,435.48,88.37,0,41.81,67.58,Optimized,Moderate Efficiency
500,2024-12-02 04:45:00,FL1054,118.41,Perishable,Low,Arrival,T4,46,161.44,34.08,46,12,Conveyor,94.32,31.75,59,65.07,1,Rain,2631.19,865.6,83.44,0,63.35,121.12,Optimized,Low Efficiency
501,2024-05-12 07:56:00,FL7298,85.29,Express,High,Arrival,T4,4,74.08,12.78,37,9,Crane,71.68,66.93,90,49.74,1,Storm,1929.29,450.96,75.29,0,79.92,25.1,Adaptive,Low Efficiency
502,2024-02-06 14:47:00,FL8898,66.65,Perishable,High,Arrival,T3,30,112.19,19.65,47,4,Loader,62.27,68.34,11,7.42,0,Fog,1202.35,1462.08,15.41,0,73.74,23.89,Adaptive,Low Efficiency
503,2024-07-08 10:33:00,FL2985,40.6,Express,Low,Arrival,T2,41,115.16,17.9,18,8,Crane,75.14,94.86,55,85.56,0,Storm,864.14,435.17,41.66,0,10.65,44.26,Baseline,Low Efficiency
504,2024-10-03 01:19:00,FL9770,98.59,Hazardous,Critical,Arrival,T1,17,102.4,105.33,14,3,Conveyor,53.94,57.15,84,79.88,0,Clear,2557.87,1170.47,76.38,1,21.83,106.98,Optimized,Low Efficiency
505,2024-08-26 08:54:00,FL6880,83.74,Perishable,Medium,Departure,T3,3,45.04,112.0,32,6,Loader,56.37,69.94,65,31.81,1,Rain,4065.11,757.6,61.0,1,73.88,62.41,Optimized,Low Efficiency
506,2024-06-03 03:01:00,FL6463,23.7,General,Medium,Arrival,T1,13,178.56,59.57,18,1,Conveyor,95.16,81.84,77,22.16,0,Fog,3766.65,153.09,47.19,0,71.16,113.14,Optimized,Low Efficiency
507,2024-11-27 02:26:00,FL5961,109.76,Perishable,High,Arrival,T1,44,47.62,77.5,23,7,Crane,87.64,72.6,58,56.56,0,Fog,3901.7,313.78,88.87,0,134.61,66.67,Baseline,Moderate Efficiency
508,2024-08-26 00:02:00,FL7563,99.59,Perishable,Low,Arrival,T1,48,140.24,85.03,30,11,Forklift,70.81,40.93,44,3.9,0,Storm,1033.93,1399.99,52.57,0,48.74,21.07,Adaptive,Low Efficiency
509,2024-09-02 18:14:00,FL1904,114.23,General,High,Arrival,T1,36,146.62,50.0,14,7,Conveyor,64.99,42.03,77,44.64,0,Rain,4382.37,1248.4,109.93,0,146.83,149.8,Baseline,Low Efficiency
510,2024-10-03 01:42:00,FL2485,88.46,Perishable,Low,Departure,T2,18,43.23,47.57,21,13,Conveyor,88.45,39.68,14,60.54,0,Storm,4117.88,301.81,68.49,0,146.15,105.35,Adaptive,Moderate Efficiency
511,2024-07-21 14:53:00,FL6985,75.54,Hazardous,High,Arrival,T2,23,169.31,82.69,38,2,Forklift,74.24,45.24,76,36.6,1,Rain,923.4,171.47,63.19,0,36.38,98.38,Optimized,Low Efficiency
512,2024-11-02 23:22:00,FL9759,53.1,Express,Medium,Arrival,T2,35,98.04,48.32,18,5,Conveyor,64.9,52.98,52,87.51,0,Storm,2104.4,313.79,47.09,0,13.43,79.1,Adaptive,Low Efficiency
513,2024-07-02 16:45:00,FL6571,112.26,General,High,Departure,T3,49,120.62,71.82,30,4,Conveyor,70.93,81.78,34,64.7,0,Fog,2188.51,917.5,24.77,0,37.69,21.64,Optimized,Low Efficiency
514,2024-02-29 15:24:00,FL2318,104.6,Express,Low,Departure,T3,33,122.75,64.25,38,10,Conveyor,53.96,34.26,63,84.07,1,Storm,3808.0,987.0,11.06,0,68.72,147.93,Adaptive,Low Efficiency
515,2024-12-08 11:12:00,FL8530,10.2,Hazardous,High,Departure,T3,36,100.79,65.31,23,13,Forklift,52.12,87.43,27,81.71,0,Rain,4372.18,630.48,84.46,1,61.44,75.21,Adaptive,Low Efficiency
516,2024-01-15 02:44:00,FL5750,8.03,General,High,Arrival,T2,17,42.72,100.38,28,9,Crane,99.35,48.37,12,11.85,0,Clear,2190.77,493.24,17.19,0,76.3,15.79,Adaptive,Low Efficiency
517,2024-02-07 22:15:00,FL4327,48.29,Express,Medium,Departure,T1,39,140.28,85.97,35,12,Conveyor,98.18,72.94,38,60.18,0,Storm,1088.77,389.67,45.75,1,106.86,58.06,Baseline,Low Efficiency
518,2024-09-11 20:00:00,FL3893,98.21,Express,High,Departure,T2,34,113.09,115.48,44,13,Loader,65.25,68.69,56,53.7,0,Clear,871.53,714.42,106.32,0,82.53,14.61,Optimized,Low Efficiency
519,2024-06-12 06:33:00,FL1644,118.54,Hazardous,Medium,Departure,T3,12,38.99,95.96,10,2,Crane,70.92,40.78,65,4.93,1,Fog,3374.79,131.59,62.59,0,58.27,80.95,Baseline,Low Efficiency
520,2024-02-19 23:11:00,FL7294,22.3,Express,Critical,Arrival,T4,5,132.05,21.77,24,3,Crane,89.63,50.11,90,28.61,0,Storm,2740.9,112.19,107.17,0,104.6,115.57,Adaptive,Low Efficiency
521,2024-01-30 07:33:00,FL4129,73.33,Hazardous,Medium,Arrival,T3,48,132.44,89.93,43,13,Loader,83.55,50.71,40,48.11,0,Clear,4559.22,1216.87,16.77,0,56.79,144.02,Optimized,Low Efficiency
522,2024-01-23 14:17:00,FL5896,48.8,Perishable,High,Departure,T1,40,107.76,81.55,49,1,Loader,45.97,73.67,21,49.33,0,Storm,4790.88,842.5,102.77,0,59.37,128.07,Optimized,Low Efficiency
523,2024-06-29 01:35:00,FL7391,116.54,Hazardous,High,Arrival,T2,27,34.49,79.3,38,10,Loader,62.48,85.2,32,73.27,0,Storm,4541.26,1193.7,112.46,0,58.05,47.96,Baseline,Moderate Efficiency
524,2024-05-25 04:04:00,FL2749,101.84,Perishable,Medium,Arrival,T4,40,76.42,60.29,26,5,Forklift,55.01,99.74,89,52.89,1,Fog,840.35,259.5,110.5,1,52.56,58.59,Optimized,Low Efficiency
525,2024-01-15 20:09:00,FL6886,101.41,General,Low,Arrival,T4,13,28.15,12.18,11,3,Conveyor,99.56,36.71,12,41.99,0,Rain,1779.19,1241.47,47.02,0,108.07,82.76,Optimized,Moderate Efficiency
526,2024-04-20 23:04:00,FL8970,58.9,Express,Medium,Arrival,T1,26,96.42,114.42,37,12,Crane,84.92,95.71,89,67.68,0,Rain,1574.63,1391.83,20.46,0,34.5,105.9,Adaptive,Low Efficiency
527,2024-06-22 16:52:00,FL2390,52.7,Hazardous,High,Arrival,T2,14,165.03,102.97,10,4,Loader,42.87,69.31,26,51.38,0,Storm,808.98,846.72,110.66,1,118.41,113.09,Adaptive,Low Efficiency
528,2024-04-01 21:52:00,FL8175,36.44,Hazardous,Low,Departure,T4,32,20.36,60.98,20,4,Conveyor,94.0,54.97,36,79.54,0,Fog,4632.23,247.61,27.31,1,139.16,128.94,Adaptive,Low Efficiency
529,2024-12-10 20:04:00,FL4104,11.48,Express,Medium,Departure,T3,11,62.66,23.24,12,6,Conveyor,95.68,49.92,16,81.49,1,Storm,4526.54,272.55,70.06,0,48.68,41.45,Baseline,Moderate Efficiency
530,2024-03-24 07:06:00,FL3292,104.44,Express,High,Departure,T1,38,147.98,99.81,49,10,Forklift,60.0,44.63,78,54.39,0,Fog,2258.45,371.86,54.82,0,108.57,25.64,Baseline,Low Efficiency
531,2024-06-07 17:12:00,FL1584,98.48,General,Medium,Departure,T4,16,21.58,54.53,27,7,Crane,78.52,69.0,34,50.79,0,Rain,4814.19,359.36,115.36,0,94.56,34.86,Adaptive,Moderate Efficiency
532,2024-12-04 15:03:00,FL4163,119.97,General,High,Arrival,T1,22,21.63,49.86,22,7,Conveyor,80.92,96.22,24,63.12,0,Fog,3035.06,1422.82,55.75,0,51.93,142.07,Adaptive,Moderate Efficiency
533,2024-07-05 14:10:00,FL1415,119.61,Hazardous,Low,Departure,T2,47,117.73,81.52,18,14,Loader,83.77,42.75,72,65.3,1,Storm,2453.14,1220.41,50.73,0,43.09,28.53,Adaptive,Low Efficiency
534,2024-09-25 14:54:00,FL4907,68.87,General,Low,Departure,T2,16,146.27,92.25,40,11,Loader,81.61,60.53,91,65.45,0,Clear,2973.43,545.4,74.55,1,142.14,54.65,Baseline,Low Efficiency
535,2024-05-02 04:19:00,FL9015,93.43,Perishable,High,Arrival,T2,13,144.24,12.23,19,8,Forklift,73.58,44.27,39,55.86,1,Clear,2399.25,1243.21,68.05,0,107.6,37.41,Adaptive,Low Efficiency
536,2024-03-24 09:36:00,FL7369,113.65,General,Low,Arrival,T3,12,144.73,93.27,9,3,Loader,97.23,42.29,64,68.65,0,Storm,1813.49,1180.99,59.73,0,100.25,25.5,Optimized,Low Efficiency
537,2024-04-29 06:00:00,FL2032,102.71,General,Low,Arrival,T4,18,77.76,89.4,19,5,Loader,70.74,90.67,77,12.97,0,Clear,1314.96,597.37,65.28,0,149.57,83.75,Baseline,Low Efficiency
538,2024-08-14 11:47:00,FL9856,33.45,Hazardous,Critical,Arrival,T2,29,161.24,72.76,15,12,Forklift,46.65,48.34,29,73.93,0,Storm,2572.81,141.98,20.83,0,59.47,63.12,Adaptive,Low Efficiency
539,2024-03-19 17:09:00,FL6041,56.81,Perishable,Medium,Departure,T3,18,22.05,43.92,6,10,Forklift,44.83,47.36,31,27.94,0,Storm,2888.5,112.24,112.84,1,42.03,111.72,Adaptive,Moderate Efficiency
540,2024-01-19 16:45:00,FL9186,19.85,General,Critical,Arrival,T2,46,69.95,23.95,27,6,Loader,41.1,93.69,63,79.71,0,Rain,4197.3,555.87,37.54,0,56.17,64.95,Adaptive,Low Efficiency
541,2024-08-15 03:50:00,FL9748,114.72,Perishable,Critical,Arrival,T2,2,73.95,16.81,28,14,Crane,65.68,57.02,43,11.86,0,Rain,2630.2,163.55,72.72,0,33.82,87.79,Baseline,Low Efficiency
542,2024-09-30 06:57:00,FL8361,74.71,Perishable,Low,Arrival,T4,2,46.49,5.14,22,12,Crane,56.39,30.61,19,0.32,0,Rain,4232.35,269.53,13.9,1,139.5,124.89,Baseline,Low Efficiency
543,2024-10-15 20:02:00,FL1268,31.29,Perishable,Low,Arrival,T3,3,73.8,28.74,8,6,Forklift,93.71,80.48,10,1.41,1,Storm,4795.93,456.22,42.52,0,107.56,83.85,Optimized,Low Efficiency
544,2024-05-24 10:03:00,FL1606,82.25,Express,High,Arrival,T2,29,113.74,52.3,19,12,Crane,92.03,66.19,56,18.91,1,Fog,3746.69,350.63,85.76,1,94.69,71.23,Baseline,Low Efficiency
545,2024-02-25 08:08:00,FL6558,76.08,Express,Medium,Arrival,T3,8,103.24,33.02,16,8,Crane,90.27,84.19,60,10.24,0,Storm,1038.72,302.68,60.31,1,122.92,28.5,Baseline,Low Efficiency
546,2024-06-25 20:06:00,FL1918,46.19,Express,Low,Departure,T3,11,71.11,40.53,7,13,Crane,92.04,69.92,43,49.85,0,Rain,2575.69,467.0,90.32,1,82.22,88.31,Adaptive,Moderate Efficiency
547,2024-03-15 04:51:00,FL6533,18.06,Express,High,Departure,T2,12,139.89,49.9,36,5,Forklift,57.86,54.59,48,40.36,0,Rain,4355.19,1131.65,27.1,0,36.71,23.87,Optimized,Low Efficiency
548,2024-08-07 14:32:00,FL1701,82.23,Hazardous,Low,Departure,T2,32,134.37,40.45,40,5,Crane,65.57,34.66,40,54.54,1,Clear,2712.39,722.21,118.69,1,31.6,24.68,Optimized,Low Efficiency
549,2024-03-29 03:35:00,FL7643,64.84,General,Critical,Arrival,T1,4,64.91,88.33,25,1,Loader,58.7,90.62,34,17.34,1,Rain,4148.27,1028.48,59.03,1,83.17,73.17,Optimized,Low Efficiency
550,2024-01-30 21:44:00,FL2936,93.82,Express,Low,Arrival,T4,9,71.72,61.55,10,1,Loader,45.16,44.5,1,67.85,0,Fog,3991.53,1400.27,69.27,1,122.77,82.72,Adaptive,Low Efficiency
551,2024-09-09 19:49:00,FL4468,64.82,Hazardous,Low,Departure,T2,24,66.0,7.22,6,6,Forklift,95.44,97.99,19,54.94,0,Storm,1219.3,101.9,38.33,0,41.03,114.51,Baseline,Low Efficiency
552,2024-11-07 22:26:00,FL9570,103.0,General,Low,Departure,T1,49,40.62,31.07,13,10,Crane,76.96,47.21,1,19.91,0,Fog,1982.7,1431.75,47.31,0,108.69,73.91,Optimized,Low Efficiency
553,2024-09-26 20:11:00,FL8509,68.47,Express,Critical,Departure,T4,16,140.45,86.61,16,10,Conveyor,47.95,87.89,88,35.9,0,Storm,3937.6,490.8,82.0,1,44.97,97.0,Optimized,Low Efficiency
554,2024-02-20 05:06:00,FL9791,69.51,General,High,Departure,T2,17,27.4,39.61,48,5,Conveyor,52.36,85.21,25,64.64,0,Clear,1216.3,502.51,47.59,0,70.6,138.77,Optimized,Low Efficiency
555,2024-09-05 11:26:00,FL3440,105.82,Express,High,Arrival,T3,47,44.09,110.82,28,11,Loader,67.05,62.39,68,61.23,1,Clear,2402.55,981.17,89.04,0,18.56,141.6,Optimized,Low Efficiency
556,2024-01-10 05:06:00,FL4817,51.4,Hazardous,Medium,Departure,T4,22,36.85,86.96,18,10,Loader,43.11,58.12,88,50.61,1,Fog,1118.1,605.2,41.44,0,80.45,46.95,Adaptive,Low Efficiency
557,2024-11-01 21:03:00,FL2180,20.41,Perishable,Medium,Arrival,T3,7,152.05,38.34,45,6,Conveyor,56.32,79.23,84,88.11,1,Clear,1560.67,212.64,94.2,0,33.7,73.86,Baseline,Low Efficiency
558,2024-12-22 22:53:00,FL1604,8.31,Perishable,Low,Arrival,T1,10,27.04,64.39,16,9,Forklift,82.21,67.0,97,11.86,1,Storm,1785.29,1096.03,84.25,1,128.2,84.36,Optimized,Moderate Efficiency
559,2024-03-17 20:25:00,FL3319,91.84,General,Medium,Arrival,T2,29,126.34,81.73,31,8,Crane,95.22,74.24,28,43.95,1,Clear,2886.19,356.46,33.33,0,144.03,72.58,Baseline,Low Efficiency
560,2024-11-11 16:22:00,FL9010,76.34,Hazardous,Medium,Departure,T1,36,27.12,27.24,14,7,Conveyor,95.72,62.92,45,56.16,0,Storm,4603.57,1401.12,15.5,1,21.74,144.87,Baseline,Low Efficiency
561,2024-09-20 17:41:00,FL1312,85.97,Perishable,High,Departure,T2,24,145.83,33.31,47,7,Crane,71.2,69.0,99,89.46,0,Storm,2235.01,1483.01,112.32,0,84.73,50.65,Adaptive,Low Efficiency
562,2024-11-30 18:31:00,FL8720,29.49,Express,Low,Departure,T2,46,166.03,63.32,6,6,Conveyor,58.73,43.24,24,48.83,0,Fog,4324.85,353.71,35.87,0,108.58,82.69,Adaptive,Low Efficiency
563,2024-04-21 09:42:00,FL1750,20.68,Perishable,Critical,Arrival,T3,14,97.89,111.36,35,6,Loader,95.24,33.88,44,39.81,0,Storm,3628.3,1155.16,73.49,0,19.15,27.6,Optimized,Low Efficiency
564,2024-11-13 02:41:00,FL4976,6.67,General,Low,Arrival,T1,14,148.73,44.56,32,1,Crane,87.2,54.91,2,83.01,1,Clear,4012.04,1488.55,42.76,0,87.51,98.18,Optimized,Low Efficiency
565,2024-05-08 06:12:00,FL3138,45.32,General,Critical,Departure,T3,25,133.03,51.24,20,12,Forklift,75.23,62.61,23,45.57,0,Fog,3929.93,1437.43,82.4,1,141.14,55.94,Optimized,Low Efficiency
566,2024-07-15 16:01:00,FL1235,72.84,Hazardous,Low,Arrival,T3,46,147.3,26.92,5,7,Crane,90.07,93.42,97,84.53,1,Storm,1859.53,890.88,87.14,1,83.71,122.78,Adaptive,Low Efficiency
567,2024-12-18 01:43:00,FL3822,50.11,General,Medium,Departure,T3,22,142.68,73.22,26,5,Crane,67.53,58.98,78,67.54,1,Storm,1563.13,536.84,18.17,1,96.94,28.25,Adaptive,Low Efficiency
568,2024-12-04 12:15:00,FL1818,55.31,Perishable,Medium,Arrival,T1,47,52.86,90.12,5,7,Conveyor,46.73,60.37,62,15.11,0,Storm,4899.12,116.33,15.5,0,55.86,133.17,Baseline,Low Efficiency
569,2024-11-13 04:12:00,FL6035,108.98,Perishable,Medium,Arrival,T2,23,99.93,55.67,35,6,Forklift,96.29,77.24,15,15.07,0,Fog,3820.22,1357.53,118.98,0,96.12,70.21,Baseline,Moderate Efficiency
570,2024-07-14 10:33:00,FL2594,45.05,Perishable,Medium,Arrival,T2,32,173.67,91.28,26,8,Loader,72.04,44.48,32,28.62,1,Storm,2146.0,149.83,94.48,0,134.32,67.02,Baseline,Low Efficiency
571,2024-08-22 16:40:00,FL8474,64.11,Perishable,Medium,Arrival,T1,26,74.97,39.8,38,3,Crane,81.72,91.01,87,6.09,0,Fog,2994.72,906.99,38.77,1,56.11,116.88,Adaptive,Low Efficiency
572,2024-06-27 18:20:00,FL3796,95.12,Hazardous,Medium,Arrival,T2,27,175.28,86.3,16,8,Crane,63.54,59.93,4,48.83,1,Clear,3991.42,360.61,64.05,0,118.11,52.31,Adaptive,Low Efficiency
573,2024-03-04 02:32:00,FL2047,50.6,Express,High,Arrival,T1,45,113.31,34.71,27,13,Conveyor,48.14,95.16,84,77.38,1,Fog,750.96,438.78,115.38,0,89.9,130.04,Adaptive,Low Efficiency
574,2024-07-22 02:37:00,FL2742,76.54,Express,High,Arrival,T1,12,93.86,94.77,32,7,Loader,56.31,48.99,31,36.0,0,Rain,945.65,132.69,69.82,1,46.01,48.83,Adaptive,Low Efficiency
575,2024-11-24 06:20:00,FL2870,104.17,Hazardous,High,Departure,T2,19,125.24,100.52,16,1,Conveyor,42.62,62.59,59,58.35,0,Rain,612.86,151.67,56.12,0,64.79,112.42,Adaptive,Low Efficiency
576,2024-06-26 13:49:00,FL9145,114.19,General,Low,Arrival,T4,19,150.53,96.74,31,3,Forklift,45.25,84.47,71,88.33,1,Storm,1238.3,590.29,14.13,1,60.11,17.82,Optimized,Low Efficiency
577,2024-12-04 09:22:00,FL4613,21.91,Express,High,Arrival,T3,34,83.07,29.78,27,10,Loader,52.3,68.91,1,17.44,1,Storm,1037.09,1328.58,74.33,1,75.58,108.14,Baseline,Low Efficiency
578,2024-10-02 23:19:00,FL2033,111.56,General,Medium,Departure,T1,32,25.27,84.84,5,4,Forklift,73.66,76.29,69,32.23,1,Rain,2583.74,892.17,106.98,0,25.79,46.77,Optimized,Moderate Efficiency
579,2024-09-01 22:57:00,FL4320,61.59,Express,Medium,Departure,T1,29,133.41,66.93,47,14,Conveyor,99.57,49.65,14,2.25,0,Clear,1792.4,853.63,69.71,1,31.12,111.78,Baseline,Low Efficiency
580,2024-01-21 21:34:00,FL7983,34.7,General,Medium,Departure,T4,21,172.99,118.39,6,9,Loader,90.62,52.99,94,20.87,1,Fog,705.15,968.42,96.0,0,62.98,125.76,Optimized,Low Efficiency
581,2024-12-25 22:37:00,FL6527,57.8,Hazardous,Medium,Departure,T1,35,120.0,46.58,48,12,Forklift,45.15,65.53,23,70.15,0,Rain,2522.5,849.47,107.46,1,88.67,33.86,Optimized,Low Efficiency
582,2024-08-24 16:02:00,FL7586,117.7,Perishable,Low,Arrival,T1,42,50.15,93.69,35,6,Forklift,90.54,44.17,71,59.09,0,Fog,3103.6,525.94,54.8,0,96.51,33.38,Adaptive,Low Efficiency
583,2024-05-12 09:52:00,FL6312,61.65,General,Low,Arrival,T2,5,59.72,47.56,6,7,Conveyor,72.18,38.84,16,70.54,1,Clear,2166.04,1331.96,55.27,0,137.45,114.31,Adaptive,Low Efficiency
584,2024-12-21 00:33:00,FL2979,42.81,Perishable,Low,Departure,T2,12,165.56,50.64,29,14,Loader,79.62,89.07,9,38.28,0,Clear,1671.57,765.84,111.35,1,89.65,33.79,Adaptive,Low Efficiency
585,2024-06-03 11:03:00,FL9943,77.84,General,High,Arrival,T4,7,22.17,17.76,42,5,Forklift,47.79,84.24,98,66.21,0,Rain,2257.05,1153.71,47.47,0,112.17,12.74,Optimized,Low Efficiency
586,2024-09-15 09:00:00,FL3250,32.62,General,High,Departure,T1,41,107.8,32.56,23,3,Crane,63.73,95.24,31,53.96,0,Storm,2839.54,1376.86,82.77,0,77.44,18.63,Optimized,Low Efficiency
587,2024-07-07 03:02:00,FL6268,13.72,General,Critical,Arrival,T3,2,45.39,23.92,32,5,Loader,93.05,71.06,61,29.56,1,Clear,2462.12,105.22,78.19,0,83.27,13.65,Adaptive,Moderate Efficiency
588,2024-09-04 19:51:00,FL4493,19.82,General,High,Arrival,T2,25,65.24,23.31,10,12,Loader,65.52,59.42,45,37.12,0,Clear,919.74,769.39,63.37,0,92.59,137.04,Adaptive,Low Efficiency
589,2024-07-22 15:23:00,FL1746,19.73,General,Low,Arrival,T3,10,69.12,6.04,43,7,Crane,47.63,37.21,7,48.72,0,Fog,2555.77,946.46,80.62,1,83.1,131.12,Optimized,Low Efficiency
590,2024-07-20 04:08:00,FL3841,22.47,Perishable,Critical,Arrival,T3,38,55.09,96.28,23,9,Loader,58.66,89.53,57,86.08,0,Fog,3741.5,803.35,87.35,0,53.32,87.76,Optimized,Low Efficiency
591,2024-01-08 09:24:00,FL6496,20.97,General,Critical,Arrival,T4,44,146.78,58.81,21,12,Loader,53.29,61.94,64,83.82,1,Rain,4189.99,1363.38,111.73,0,146.82,81.73,Adaptive,Low Efficiency
592,2024-05-19 02:57:00,FL2035,78.7,Perishable,Medium,Departure,T4,6,73.15,97.48,10,9,Crane,81.21,69.28,2,88.78,0,Rain,2477.92,1416.07,98.08,0,96.62,44.14,Baseline,Low Efficiency
593,2024-03-03 08:11:00,FL2978,25.92,Hazardous,Medium,Arrival,T1,27,75.28,75.44,19,12,Conveyor,94.66,51.95,6,1.48,1,Fog,4972.07,288.01,49.38,0,58.46,79.91,Baseline,Low Efficiency
594,2024-06-24 18:00:00,FL5487,44.75,Express,Critical,Arrival,T4,35,92.48,100.6,26,8,Forklift,84.01,66.67,61,64.55,0,Clear,4292.86,523.45,57.54,1,121.81,140.38,Baseline,Low Efficiency
595,2024-10-22 22:50:00,FL3314,108.13,General,Medium,Arrival,T2,10,164.37,62.93,45,5,Crane,90.62,84.72,34,80.52,0,Storm,1469.23,469.43,109.4,0,32.93,89.83,Optimized,Low Efficiency
596,2024-12-21 18:31:00,FL7801,59.51,Express,Critical,Arrival,T1,9,130.11,15.81,38,7,Loader,88.35,79.86,17,66.54,0,Storm,2555.47,795.48,39.8,1,148.95,17.96,Baseline,Low Efficiency
597,2024-06-23 23:57:00,FL3753,81.77,Perishable,Low,Arrival,T1,20,29.88,75.93,9,4,Forklift,40.88,99.22,26,37.48,1,Rain,1829.59,634.95,45.73,1,120.43,15.18,Baseline,Low Efficiency
598,2024-12-12 16:19:00,FL7060,24.82,Hazardous,Low,Departure,T3,37,26.28,82.94,27,10,Forklift,47.46,64.7,76,65.23,0,Fog,2976.08,602.9,85.8,0,23.65,131.99,Adaptive,Low Efficiency
599,2024-12-23 09:43:00,FL3703,27.11,Hazardous,Medium,Arrival,T3,35,110.62,77.05,9,5,Forklift,65.4,67.08,20,39.97,0,Clear,1508.54,847.46,22.19,0,128.76,40.38,Adaptive,Low Efficiency
600,2024-11-22 08:25:00,FL8187,9.7,Hazardous,Medium,Departure,T3,37,161.93,97.15,48,12,Conveyor,46.73,33.69,41,64.28,0,Storm,658.53,786.09,96.59,1,46.2,10.67,Baseline,Low Efficiency
601,2024-01-13 13:20:00,FL4991,24.43,Express,High,Arrival,T1,40,71.72,89.12,14,4,Loader,84.1,57.26,58,70.23,0,Storm,4569.72,751.53,114.32,0,99.3,114.13,Baseline,Moderate Efficiency
602,2024-03-08 18:13:00,FL1666,37.04,Perishable,Critical,Arrival,T4,8,59.64,54.75,8,3,Loader,44.21,94.55,99,75.89,0,Storm,2838.92,258.5,80.75,0,33.12,124.7,Adaptive,Low Efficiency
603,2024-08-02 06:08:00,FL3185,25.36,General,Medium,Departure,T4,46,139.71,99.2,16,13,Forklift,64.97,54.53,99,65.52,1,Clear,4617.33,854.97,17.95,0,109.51,50.08,Baseline,Low Efficiency
604,2024-06-10 08:40:00,FL2637,15.2,General,Low,Arrival,T4,31,116.33,84.56,14,11,Forklift,63.54,83.63,54,14.4,1,Clear,1031.68,182.54,36.24,0,116.03,126.43,Adaptive,Low Efficiency
605,2024-10-21 11:25:00,FL7162,18.87,Perishable,High,Arrival,T1,49,110.4,18.84,34,13,Conveyor,72.61,98.43,29,84.27,0,Rain,1181.67,962.89,20.73,0,129.22,122.62,Adaptive,Low Efficiency
606,2024-06-26 04:03:00,FL3584,57.99,Express,High,Departure,T1,43,43.89,67.09,28,1,Conveyor,77.76,38.88,48,19.21,0,Rain,1519.18,972.81,44.0,1,78.29,78.15,Optimized,Low Efficiency
607,2024-08-10 23:20:00,FL1256,28.73,General,Low,Arrival,T1,16,48.15,88.78,9,13,Forklift,96.82,53.38,95,32.18,0,Fog,2557.04,464.83,113.35,1,87.48,141.39,Adaptive,Moderate Efficiency
608,2024-09-25 17:05:00,FL8978,46.89,Perishable,Medium,Departure,T1,28,65.09,68.63,17,5,Loader,56.27,63.21,77,38.62,1,Fog,4460.01,289.44,49.51,1,40.1,128.25,Adaptive,Low Efficiency
609,2024-12-10 14:49:00,FL2322,62.89,General,High,Departure,T1,6,53.09,114.14,40,12,Crane,79.96,46.62,90,64.12,1,Fog,3426.85,1217.58,30.28,1,82.2,14.14,Optimized,Low Efficiency
610,2024-09-07 07:35:00,FL1104,84.4,Hazardous,High,Departure,T4,32,175.43,16.67,13,2,Conveyor,42.11,30.87,22,63.11,1,Fog,747.52,1178.54,82.77,0,84.46,135.97,Optimized,Low Efficiency
611,2024-11-05 20:13:00,FL1118,9.52,General,Medium,Arrival,T1,28,22.98,88.07,22,6,Loader,40.06,62.8,72,86.56,1,Fog,2332.38,1424.41,108.96,1,123.29,85.77,Optimized,Moderate Efficiency
612,2024-08-28 20:59:00,FL3939,96.93,Express,Medium,Arrival,T4,11,120.17,99.81,39,5,Conveyor,41.52,67.56,71,16.97,1,Rain,3754.65,724.83,13.79,0,109.57,75.62,Optimized,Low Efficiency
613,2024-09-13 04:20:00,FL2460,77.21,Perishable,Critical,Departure,T1,42,102.82,85.81,35,11,Loader,66.93,73.78,5,40.57,1,Clear,1950.74,541.77,83.53,0,107.76,144.02,Optimized,Low Efficiency
614,2024-11-26 09:46:00,FL5648,14.4,Express,High,Arrival,T4,23,71.72,49.34,28,2,Forklift,73.3,87.91,52,18.34,0,Storm,2716.53,523.65,41.8,0,14.15,49.87,Baseline,Low Efficiency
615,2024-07-16 06:36:00,FL7819,105.46,Perishable,Medium,Departure,T2,30,162.01,49.33,47,8,Conveyor,40.37,47.71,1,60.53,0,Clear,3701.44,352.26,51.15,1,86.49,71.44,Optimized,Low Efficiency
616,2024-08-11 06:37:00,FL8798,110.9,Hazardous,Low,Arrival,T2,9,127.23,72.46,8,5,Crane,63.78,34.27,45,19.17,0,Rain,4842.43,589.63,36.1,1,148.97,35.71,Adaptive,Low Efficiency
617,2024-07-02 01:35:00,FL3079,12.02,Perishable,High,Departure,T4,28,179.74,50.67,45,2,Forklift,42.45,36.29,40,78.11,0,Storm,1999.46,278.92,109.67,0,115.31,132.07,Adaptive,Low Efficiency
618,2024-06-16 20:56:00,FL4377,36.84,General,Low,Arrival,T2,24,46.98,106.57,30,1,Conveyor,79.2,64.82,64,88.45,0,Storm,3849.7,1320.85,107.46,1,126.87,19.48,Optimized,Moderate Efficiency
619,2024-03-28 20:36:00,FL3344,97.71,General,Low,Departure,T2,28,34.06,17.64,48,2,Forklift,77.87,94.56,11,28.52,0,Clear,3863.31,585.63,76.53,0,79.1,12.18,Baseline,Moderate Efficiency
620,2024-05-20 05:39:00,FL5439,91.05,Hazardous,Medium,Arrival,T4,24,42.3,78.5,46,1,Crane,87.05,98.75,52,66.54,1,Storm,2942.16,866.19,11.77,0,126.48,31.25,Baseline,Low Efficiency
621,2024-08-17 18:36:00,FL9570,26.22,Perishable,Low,Departure,T1,15,63.09,20.42,14,10,Conveyor,72.78,44.35,96,47.95,1,Rain,4160.14,193.22,114.12,0,124.37,98.67,Adaptive,Moderate Efficiency
622,2024-03-28 01:22:00,FL8379,29.08,Hazardous,High,Arrival,T1,39,86.69,67.12,45,10,Conveyor,77.38,40.64,7,32.34,0,Storm,2912.52,493.03,61.42,0,84.2,26.45,Adaptive,Low Efficiency
623,2024-05-14 19:43:00,FL7750,47.6,General,Low,Departure,T4,33,158.02,87.29,46,3,Conveyor,56.77,54.74,51,17.21,0,Clear,3312.5,412.96,63.78,1,89.58,138.89,Adaptive,Low Efficiency
624,2024-05-19 11:25:00,FL4919,60.72,Express,High,Arrival,T3,47,65.37,24.03,13,14,Loader,45.13,62.47,93,64.73,0,Clear,4267.5,1341.75,95.02,0,17.29,104.98,Baseline,Low Efficiency
625,2024-06-06 13:35:00,FL3859,76.1,Hazardous,Low,Arrival,T3,34,166.44,85.96,5,3,Loader,84.24,86.56,94,14.29,1,Fog,2643.2,352.02,77.51,1,129.43,105.6,Baseline,Low Efficiency
626,2024-12-18 13:59:00,FL1616,47.43,Express,Low,Departure,T2,22,94.07,21.1,20,12,Conveyor,76.71,84.22,21,25.26,0,Rain,2650.8,1213.74,23.35,1,28.75,146.17,Baseline,Low Efficiency
627,2024-07-20 08:10:00,FL3949,58.19,Express,Low,Arrival,T3,29,123.53,76.36,17,10,Forklift,96.3,94.59,39,82.77,0,Storm,3159.68,495.74,21.59,0,52.11,18.04,Baseline,Low Efficiency
628,2024-07-25 01:45:00,FL9190,90.96,Perishable,Critical,Arrival,T2,34,62.31,63.14,42,1,Forklift,99.35,90.07,44,45.75,1,Storm,4118.88,395.63,37.73,0,114.23,101.4,Baseline,Low Efficiency
629,2024-03-14 04:49:00,FL2442,9.22,Hazardous,Critical,Arrival,T1,42,44.96,39.28,18,7,Conveyor,90.84,60.72,57,76.87,1,Storm,1072.34,113.52,17.76,0,52.14,135.88,Optimized,Low Efficiency
630,2024-05-21 08:27:00,FL5934,34.03,Express,Low,Arrival,T4,47,159.11,17.83,44,10,Crane,99.14,31.33,41,69.08,1,Clear,3970.48,508.19,101.63,0,80.77,96.35,Optimized,Low Efficiency
631,2024-08-03 17:16:00,FL6699,87.04,Express,High,Departure,T1,10,37.52,89.62,27,7,Crane,78.85,46.56,39,33.86,0,Rain,1826.42,198.4,14.34,0,31.58,74.43,Baseline,Low Efficiency
632,2024-06-14 15:33:00,FL7861,107.95,Perishable,High,Arrival,T4,45,143.84,48.91,22,13,Crane,45.52,72.7,20,19.62,0,Storm,819.65,606.98,114.06,1,50.81,13.22,Baseline,Low Efficiency
633,2024-09-19 18:51:00,FL1074,63.84,Perishable,Critical,Arrival,T3,30,112.96,14.95,32,9,Loader,45.39,65.1,22,8.99,0,Rain,4064.79,174.07,22.22,0,112.8,33.97,Baseline,Low Efficiency
634,2024-05-10 15:58:00,FL4860,66.19,General,Medium,Departure,T1,11,157.78,93.87,24,5,Loader,88.43,46.81,29,86.46,0,Storm,1153.14,189.92,104.34,1,68.56,138.92,Baseline,Low Efficiency
635,2024-08-08 02:30:00,FL4144,17.32,Express,High,Arrival,T1,34,134.85,31.78,5,4,Loader,54.21,39.21,46,29.22,1,Fog,1459.68,596.36,36.1,0,88.84,147.01,Baseline,Low Efficiency
636,2024-01-11 07:15:00,FL2925,56.45,General,Low,Departure,T2,21,65.07,89.69,16,5,Loader,43.66,45.12,68,60.58,0,Fog,3677.76,727.2,82.68,0,59.99,78.92,Optimized,Low Efficiency
637,2024-04-02 04:11:00,FL9686,66.25,Express,Medium,Arrival,T4,13,111.91,69.96,31,8,Forklift,68.34,48.18,3,65.73,0,Fog,3040.35,565.38,47.63,0,140.29,135.79,Optimized,Low Efficiency
638,2024-07-18 17:56:00,FL2567,32.88,General,Critical,Departure,T3,25,22.09,27.37,47,8,Conveyor,58.88,90.71,73,17.79,1,Clear,4642.23,133.17,17.4,1,129.87,76.97,Baseline,Low Efficiency
639,2024-02-03 03:26:00,FL6929,35.96,Perishable,Medium,Arrival,T1,21,96.03,13.79,17,12,Conveyor,75.29,79.72,5,62.44,0,Storm,4794.51,349.33,90.35,1,25.78,32.28,Optimized,Low Efficiency
640,2024-02-09 16:54:00,FL9842,48.39,Hazardous,Low,Departure,T4,1,33.76,73.22,8,4,Conveyor,76.01,68.66,56,0.84,1,Clear,1912.83,1414.67,98.87,0,146.88,21.96,Adaptive,Moderate Efficiency
641,2024-07-31 17:27:00,FL9315,7.31,Perishable,Low,Departure,T3,5,88.63,7.9,29,12,Forklift,80.89,31.47,67,37.64,0,Clear,1958.89,900.43,42.86,0,123.31,126.6,Optimized,Low Efficiency
642,2024-04-01 22:53:00,FL4592,42.04,General,High,Departure,T1,22,37.54,12.53,10,8,Crane,74.59,87.48,89,31.54,0,Clear,1443.84,1295.58,96.3,1,32.17,141.31,Adaptive,Moderate Efficiency
643,2024-12-23 10:43:00,FL8605,29.32,General,High,Arrival,T4,7,172.88,85.76,49,13,Crane,62.86,68.67,32,83.95,1,Fog,2829.27,171.86,60.32,0,15.83,67.36,Adaptive,Low Efficiency
644,2024-03-15 16:50:00,FL4409,42.66,Hazardous,Medium,Departure,T2,13,103.69,66.97,26,4,Loader,41.42,73.91,97,88.74,1,Rain,2200.94,110.6,90.25,0,135.02,27.76,Baseline,Low Efficiency
645,2024-01-09 22:21:00,FL5528,18.77,Express,Critical,Arrival,T1,45,166.11,42.52,49,4,Loader,94.31,34.6,82,25.91,1,Rain,565.94,1194.45,80.98,0,116.09,128.56,Adaptive,Low Efficiency
646,2024-07-26 01:11:00,FL1869,107.41,General,Low,Departure,T4,23,23.58,67.01,42,11,Forklift,59.62,87.04,41,54.9,1,Rain,2277.3,638.27,112.29,1,48.58,58.03,Baseline,Moderate Efficiency
647,2024-12-07 19:18:00,FL4173,73.26,General,Medium,Departure,T3,21,122.02,73.04,40,8,Forklift,70.43,88.24,29,67.07,0,Storm,777.66,616.8,46.08,1,143.28,78.21,Optimized,Low Efficiency
648,2024-12-14 14:08:00,FL2846,83.1,General,Critical,Departure,T3,6,69.11,70.01,7,14,Crane,73.42,91.83,66,17.2,0,Clear,4095.7,433.51,22.1,0,136.86,149.05,Optimized,Low Efficiency
649,2024-11-16 17:45:00,FL3444,95.75,Hazardous,Medium,Arrival,T2,20,89.09,78.89,19,2,Conveyor,58.89,66.97,11,61.79,1,Clear,4680.02,324.76,96.71,0,39.85,104.92,Adaptive,Low Efficiency
650,2024-09-05 02:16:00,FL8772,62.32,Perishable,Low,Arrival,T1,12,159.69,113.13,15,4,Conveyor,58.51,57.58,59,23.19,0,Storm,1831.21,1259.84,99.41,1,65.88,111.04,Optimized,Low Efficiency
651,2024-05-14 05:59:00,FL9151,15.0,General,Medium,Departure,T2,40,176.8,49.71,38,1,Forklift,55.65,35.11,95,15.2,0,Clear,3428.21,185.97,12.87,0,16.63,49.38,Optimized,Low Efficiency
652,2024-02-07 09:52:00,FL3888,66.77,Hazardous,High,Departure,T4,9,59.44,39.63,31,1,Forklift,54.6,43.57,4,76.56,1,Rain,898.34,797.7,23.87,1,53.16,45.98,Baseline,Low Efficiency
653,2024-07-02 20:22:00,FL3617,72.49,General,Low,Departure,T3,28,171.72,9.42,27,11,Forklift,41.82,45.79,93,45.22,1,Clear,2135.86,604.61,101.54,0,79.44,51.12,Adaptive,Low Efficiency
654,2024-12-13 20:55:00,FL1706,90.73,Express,Critical,Departure,T2,11,130.2,21.91,21,13,Loader,97.47,34.39,54,26.73,1,Storm,3091.61,485.58,76.07,0,18.88,93.73,Adaptive,Low Efficiency
655,2024-03-24 01:49:00,FL1885,54.64,Hazardous,High,Departure,T1,32,172.23,17.22,27,13,Conveyor,75.72,40.81,67,36.42,0,Storm,968.78,1165.04,59.81,0,57.15,141.24,Baseline,Low Efficiency
656,2024-02-17 13:57:00,FL6966,19.67,General,Low,Departure,T4,11,109.98,43.58,38,13,Forklift,46.48,92.08,2,37.19,0,Rain,2197.13,1330.53,100.94,0,31.11,105.95,Adaptive,Low Efficiency
657,2024-10-18 18:52:00,FL5670,37.63,Hazardous,High,Departure,T1,24,173.72,75.15,25,8,Forklift,75.52,68.18,78,69.3,0,Clear,4798.59,372.98,37.06,0,139.29,50.23,Adaptive,Low Efficiency
658,2024-12-24 01:53:00,FL4433,46.75,General,Medium,Departure,T2,15,162.79,10.33,37,4,Loader,53.93,83.51,48,79.81,1,Storm,1247.37,207.81,45.74,0,126.13,99.86,Optimized,Low Efficiency
659,2024-02-23 22:40:00,FL8121,79.28,Perishable,Medium,Arrival,T3,41,40.57,88.68,9,14,Forklift,58.64,49.25,68,42.81,0,Storm,3291.03,625.07,95.09,0,117.29,29.45,Baseline,Low Efficiency
660,2024-02-09 00:53:00,FL5118,70.64,General,High,Departure,T3,35,69.73,50.7,21,6,Conveyor,88.07,39.42,44,29.06,0,Storm,4250.07,716.18,75.01,1,118.43,69.77,Adaptive,Low Efficiency
661,2024-04-20 11:37:00,FL6477,45.95,Hazardous,Critical,Arrival,T2,17,58.89,115.8,5,5,Loader,93.15,56.13,62,65.45,1,Rain,3970.27,174.39,32.93,1,12.01,134.41,Baseline,Low Efficiency
662,2024-04-18 15:25:00,FL8424,118.45,Express,Low,Departure,T1,25,111.54,70.36,11,13,Forklift,81.99,85.51,94,81.48,0,Clear,3971.22,758.05,108.34,0,94.34,44.85,Adaptive,Low Efficiency
663,2024-08-09 05:54:00,FL1709,74.66,Express,Medium,Arrival,T1,49,148.45,93.71,7,10,Conveyor,95.95,50.81,83,10.27,1,Fog,766.05,1431.6,119.38,0,92.72,88.14,Adaptive,Low Efficiency
664,2024-03-03 00:38:00,FL2710,32.28,Express,Medium,Arrival,T1,35,141.51,104.04,30,6,Conveyor,94.3,44.32,19,71.71,1,Clear,4881.21,639.88,25.9,0,148.96,20.78,Baseline,Low Efficiency
665,2024-06-29 17:27:00,FL1859,16.7,General,Medium,Departure,T1,19,136.28,107.22,20,4,Loader,73.07,31.57,44,50.15,1,Rain,3772.15,1360.01,42.62,0,98.56,22.26,Baseline,Low Efficiency
666,2024-03-27 06:05:00,FL9804,22.58,Perishable,Medium,Arrival,T3,41,80.04,64.62,20,4,Conveyor,94.47,73.68,31,78.08,1,Rain,4794.53,1288.01,92.44,0,101.08,19.65,Baseline,Moderate Efficiency
667,2024-10-30 01:10:00,FL3881,33.29,General,Low,Arrival,T1,31,42.34,50.63,48,7,Loader,72.7,60.51,62,46.27,0,Storm,4906.66,711.2,23.58,0,63.31,39.38,Baseline,Low Efficiency
668,2024-06-13 08:10:00,FL3589,23.48,Express,High,Departure,T2,17,53.69,69.46,45,1,Conveyor,46.26,48.11,15,77.63,0,Storm,2106.51,1089.12,61.1,0,80.05,73.8,Baseline,Low Efficiency
669,2024-10-03 23:35:00,FL1476,26.46,Hazardous,Medium,Departure,T2,23,138.67,51.24,18,9,Forklift,89.77,66.38,29,49.9,1,Rain,2945.22,392.68,34.03,0,65.34,138.08,Optimized,Low Efficiency
670,2024-11-24 01:18:00,FL8947,37.79,Express,Low,Departure,T2,47,43.61,32.68,48,10,Loader,47.87,79.04,67,13.04,0,Fog,3782.59,289.16,83.08,0,137.6,58.76,Baseline,Low Efficiency
671,2024-11-18 09:06:00,FL9436,24.94,Hazardous,High,Arrival,T2,1,55.67,42.25,30,3,Conveyor,58.96,47.32,83,0.45,0,Fog,4320.88,102.96,49.58,0,38.4,98.42,Adaptive,Low Efficiency
672,2024-08-04 12:37:00,FL2901,108.13,Perishable,High,Departure,T1,10,87.93,31.77,31,4,Loader,62.79,72.61,86,55.8,0,Rain,4869.26,202.66,103.3,0,31.06,87.84,Adaptive,Low Efficiency
673,2024-11-08 06:20:00,FL2160,14.23,Hazardous,Medium,Arrival,T3,8,31.54,35.99,21,9,Conveyor,88.44,48.21,47,53.29,0,Storm,4885.05,979.66,60.41,0,149.57,30.35,Adaptive,Moderate Efficiency
674,2024-08-10 08:54:00,FL4855,65.32,General,Low,Departure,T4,42,54.03,15.76,48,5,Loader,45.01,99.07,84,18.92,1,Rain,1974.89,1339.57,69.02,0,140.32,76.5,Optimized,Low Efficiency
675,2024-02-13 20:36:00,FL8287,52.2,General,High,Departure,T1,26,43.96,54.04,8,12,Forklift,66.7,81.27,7,76.56,0,Storm,3562.15,1468.98,107.79,0,93.03,29.59,Baseline,Moderate Efficiency
676,2024-03-13 06:13:00,FL6340,117.97,General,Low,Arrival,T4,34,172.21,32.06,21,4,Loader,66.2,72.19,68,78.1,0,Storm,1161.2,775.46,94.54,0,118.19,53.28,Optimized,Low Efficiency
677,2024-05-31 07:21:00,FL7865,17.88,Hazardous,Low,Arrival,T3,19,50.64,56.56,37,12,Loader,74.93,42.06,1,72.38,0,Rain,4147.36,296.69,98.97,0,25.54,24.11,Optimized,Moderate Efficiency
678,2024-06-02 15:55:00,FL4256,50.75,General,High,Arrival,T1,14,157.88,96.1,34,6,Forklift,61.23,71.05,71,84.29,0,Clear,1217.75,100.2,11.37,0,117.57,40.32,Adaptive,Low Efficiency
679,2024-07-11 17:01:00,FL6336,116.49,General,Low,Departure,T4,8,38.37,56.56,25,1,Conveyor,74.63,86.03,22,45.6,1,Rain,4508.06,1478.84,82.31,0,75.08,62.06,Adaptive,Moderate Efficiency
680,2024-02-29 02:51:00,FL4769,104.53,General,Low,Departure,T3,1,159.15,114.78,21,10,Crane,99.15,81.6,57,63.21,1,Clear,4905.95,1244.96,61.25,0,125.78,97.43,Adaptive,Low Efficiency
681,2024-04-24 08:46:00,FL2804,98.96,Perishable,Low,Departure,T4,48,115.91,22.0,15,1,Forklift,44.29,84.46,94,81.4,0,Fog,888.57,833.14,107.21,0,82.18,29.29,Adaptive,Low Efficiency
682,2024-06-23 15:56:00,FL6343,34.66,Hazardous,Low,Arrival,T2,25,155.95,102.78,34,5,Loader,92.48,52.25,73,41.06,0,Storm,2805.62,443.84,14.21,0,111.75,93.27,Adaptive,Low Efficiency
683,2024-05-06 13:36:00,FL4731,24.65,Hazardous,Low,Arrival,T2,24,158.78,33.55,22,5,Forklift,58.52,52.98,58,55.66,0,Fog,1691.29,824.8,102.92,1,57.52,43.96,Optimized,Low Efficiency
684,2024-02-24 15:51:00,FL2606,81.89,Express,Critical,Arrival,T3,47,115.42,112.4,24,11,Forklift,67.94,67.72,27,46.15,1,Storm,2615.15,1273.97,24.9,1,112.45,19.27,Baseline,Low Efficiency
685,2024-04-23 23:36:00,FL4884,111.88,Hazardous,Low,Arrival,T3,20,166.83,31.12,38,9,Loader,84.47,49.51,38,88.49,1,Storm,1821.99,878.38,75.1,0,48.06,138.5,Adaptive,Low Efficiency
686,2024-01-02 22:45:00,FL7759,69.03,Perishable,Low,Departure,T4,30,113.67,90.9,45,1,Loader,94.6,37.91,87,39.39,0,Rain,795.41,1493.71,89.92,0,143.61,17.08,Baseline,Low Efficiency
687,2024-10-24 11:21:00,FL4276,70.74,Hazardous,Low,Arrival,T3,5,134.01,12.14,32,3,Crane,40.54,62.28,76,28.53,1,Storm,2273.58,249.42,31.73,0,103.86,127.89,Optimized,Low Efficiency
688,2024-11-24 01:07:00,FL7152,37.2,Perishable,Critical,Arrival,T2,3,86.57,77.43,13,3,Forklift,79.73,30.13,13,56.67,0,Fog,1420.56,1475.54,28.34,0,76.99,110.7,Adaptive,Low Efficiency
689,2024-12-08 04:18:00,FL4615,93.49,Perishable,Medium,Departure,T2,32,166.25,30.15,48,4,Loader,44.17,83.25,97,25.26,0,Storm,2971.8,918.5,85.05,1,94.84,50.7,Baseline,Low Efficiency
690,2024-07-31 02:07:00,FL2204,26.51,Hazardous,Medium,Departure,T1,17,151.87,82.07,35,12,Conveyor,71.54,82.48,15,77.18,0,Clear,3562.5,895.13,28.39,0,96.3,110.5,Baseline,Low Efficiency
691,2024-01-24 18:25:00,FL8716,42.22,Express,Critical,Arrival,T4,42,46.67,78.12,49,13,Conveyor,84.99,68.63,80,80.3,0,Clear,2323.88,602.81,66.43,1,129.65,46.79,Adaptive,Low Efficiency
692,2024-06-17 13:20:00,FL8936,53.93,General,Medium,Arrival,T3,5,112.22,111.23,20,7,Conveyor,50.17,82.33,98,31.06,1,Rain,1416.38,157.27,38.88,0,88.16,121.15,Optimized,Low Efficiency
693,2024-07-28 18:59:00,FL1890,63.38,General,Medium,Arrival,T3,11,163.49,77.07,35,7,Conveyor,85.83,73.72,73,32.25,0,Rain,1362.67,1164.62,13.48,1,88.89,24.07,Adaptive,Low Efficiency
694,2024-07-24 20:51:00,FL8141,32.88,Hazardous,Low,Arrival,T3,38,146.89,51.95,33,10,Forklift,58.57,78.82,91,7.8,1,Storm,510.74,486.21,17.38,0,92.14,14.51,Optimized,Low Efficiency
695,2024-11-26 14:46:00,FL3374,18.21,Hazardous,Medium,Arrival,T4,4,174.01,27.26,17,5,Forklift,76.63,34.53,48,23.03,0,Fog,3660.73,590.06,24.46,1,118.23,29.35,Optimized,Low Efficiency
696,2024-02-21 19:57:00,FL4541,75.22,Perishable,Medium,Arrival,T2,39,57.01,80.61,27,14,Crane,79.48,91.69,15,6.11,0,Rain,1639.07,847.19,69.98,1,78.76,110.65,Optimized,Low Efficiency
697,2024-06-18 23:22:00,FL8454,38.19,Hazardous,High,Departure,T3,19,78.79,18.38,18,9,Forklift,78.94,75.08,99,68.15,0,Rain,4868.33,179.75,33.26,1,39.83,145.46,Baseline,Low Efficiency
698,2024-07-11 15:25:00,FL3917,71.84,Perishable,Low,Departure,T3,39,101.15,100.28,43,7,Loader,41.11,72.74,98,16.23,0,Rain,3861.76,115.11,103.44,0,68.53,101.41,Adaptive,Low Efficiency
699,2024-05-24 01:08:00,FL7346,22.75,Express,Medium,Departure,T2,46,57.23,33.44,6,2,Crane,49.14,57.11,40,7.1,1,Clear,1829.2,246.92,12.99,0,62.57,132.75,Baseline,Low Efficiency
700,2024-11-05 13:50:00,FL7119,60.33,Hazardous,Low,Departure,T3,49,83.05,65.28,16,12,Forklift,91.37,31.97,30,14.79,0,Fog,1215.26,1129.49,82.54,1,18.22,13.74,Optimized,Low Efficiency
701,2024-03-24 13:51:00,FL3234,66.25,General,Low,Arrival,T1,23,106.01,73.53,32,3,Forklift,96.39,93.1,23,33.96,0,Rain,3309.55,366.76,19.85,0,121.97,67.48,Baseline,Low Efficiency
702,2024-06-12 16:49:00,FL8499,10.96,General,Medium,Arrival,T2,17,50.61,46.69,36,11,Loader,73.82,99.0,9,38.02,1,Storm,4390.51,819.98,107.94,1,127.08,90.59,Baseline,Moderate Efficiency
703,2024-04-18 11:46:00,FL4181,43.71,Hazardous,Critical,Arrival,T2,13,61.07,81.35,28,7,Loader,75.82,86.55,32,80.87,0,Rain,3129.45,360.26,14.53,0,47.41,66.74,Optimized,Low Efficiency
704,2024-07-12 10:15:00,FL6875,20.46,Perishable,Medium,Arrival,T2,27,39.97,33.77,41,5,Loader,85.3,94.05,35,25.16,0,Rain,549.38,498.64,25.73,0,55.36,110.03,Optimized,Low Efficiency
705,2024-04-13 13:45:00,FL5418,12.29,General,High,Departure,T1,1,134.14,8.98,33,7,Conveyor,64.37,38.47,49,64.6,1,Clear,4038.33,153.09,40.54,1,54.93,41.02,Baseline,Low Efficiency
706,2024-02-21 23:58:00,FL4313,118.85,Perishable,Low,Arrival,T2,2,77.85,115.32,46,9,Forklift,59.68,39.01,96,80.54,1,Clear,4839.0,613.05,21.07,0,82.42,46.77,Optimized,Low Efficiency
707,2024-02-13 10:15:00,FL6503,42.07,Hazardous,Low,Arrival,T4,18,55.24,41.81,22,9,Forklift,86.09,91.57,45,77.1,1,Rain,713.62,290.91,110.27,1,75.67,81.0,Optimized,Moderate Efficiency
708,2024-04-30 19:42:00,FL3084,98.14,Hazardous,Low,Arrival,T4,36,101.17,87.05,7,3,Forklift,41.7,34.03,16,17.91,1,Fog,4141.09,881.37,24.56,0,134.15,103.01,Optimized,Low Efficiency
709,2024-08-11 23:54:00,FL1525,34.28,General,Medium,Arrival,T4,45,30.92,63.37,17,8,Crane,93.12,36.52,32,25.17,0,Clear,3735.48,1270.69,19.13,1,79.1,28.26,Adaptive,Low Efficiency
710,2024-07-29 03:50:00,FL1977,83.37,Hazardous,Low,Departure,T2,33,167.75,81.93,17,13,Crane,66.45,87.18,25,4.9,0,Rain,2288.73,1329.72,16.58,0,34.91,52.04,Baseline,Low Efficiency
711,2024-11-15 18:45:00,FL5597,92.43,Express,Low,Arrival,T2,36,67.11,17.76,46,6,Crane,70.25,68.99,94,43.5,1,Fog,3353.32,1406.71,98.66,0,114.65,49.33,Baseline,Moderate Efficiency
712,2024-03-31 13:14:00,FL3236,73.5,Express,High,Departure,T2,2,161.83,64.67,33,13,Crane,78.06,57.42,37,36.48,0,Rain,1214.62,273.45,81.49,0,131.55,77.8,Adaptive,Low Efficiency
713,2024-12-07 07:05:00,FL2820,59.23,General,Low,Arrival,T1,4,99.62,50.11,6,4,Crane,56.46,68.74,37,49.08,0,Fog,3740.43,823.03,93.26,0,95.33,145.0,Baseline,Low Efficiency
714,2024-08-09 10:22:00,FL8627,52.36,Express,Medium,Arrival,T4,16,156.02,56.96,32,4,Loader,75.84,91.51,35,41.21,0,Storm,3115.59,260.66,87.54,0,117.04,64.74,Baseline,Low Efficiency
715,2024-10-20 02:20:00,FL8513,45.12,Perishable,Medium,Arrival,T3,4,59.53,116.11,8,4,Crane,81.58,83.0,45,66.22,1,Clear,889.63,529.04,116.47,0,41.43,130.23,Optimized,Moderate Efficiency
716,2024-07-17 05:50:00,FL7852,111.9,General,Medium,Departure,T3,9,48.04,20.67,9,7,Forklift,47.08,78.41,8,60.29,1,Storm,4407.07,423.86,94.53,0,135.97,66.09,Adaptive,Low Efficiency
717,2024-12-30 10:23:00,FL3804,100.52,General,Medium,Arrival,T2,49,155.91,91.79,43,6,Conveyor,71.23,98.38,47,38.57,1,Fog,1077.63,117.44,52.08,0,20.54,55.3,Baseline,Low Efficiency
718,2024-12-25 13:41:00,FL6629,115.98,Perishable,Medium,Arrival,T1,21,54.07,42.99,45,2,Forklift,59.77,66.49,36,3.41,1,Clear,2472.37,1404.56,41.88,0,135.88,22.83,Baseline,Low Efficiency
719,2024-11-14 18:23:00,FL4602,19.29,Express,Low,Arrival,T2,23,139.39,38.39,9,5,Forklift,73.44,30.44,89,30.94,0,Clear,1090.28,1194.38,42.12,1,60.95,109.41,Adaptive,Low Efficiency
720,2024-02-28 13:49:00,FL5835,89.05,Express,High,Departure,T3,2,75.13,36.14,12,5,Loader,41.28,60.03,82,29.18,0,Storm,3407.55,826.59,44.4,0,22.58,50.41,Baseline,Low Efficiency
721,2024-01-30 00:37:00,FL3568,112.91,Express,Critical,Departure,T4,3,139.71,45.11,38,6,Conveyor,84.56,36.76,10,8.04,1,Fog,3820.35,582.82,30.5,0,35.39,108.13,Baseline,Low Efficiency
722,2024-11-10 14:14:00,FL3784,25.84,General,Low,Arrival,T3,23,165.22,46.07,29,7,Forklift,50.1,38.15,1,27.38,0,Clear,4762.55,676.23,53.25,0,148.48,61.17,Optimized,Low Efficiency
723,2024-08-22 16:58:00,FL4763,12.65,General,Low,Departure,T4,26,177.06,36.14,31,12,Loader,81.36,47.84,68,88.86,1,Fog,1636.72,387.27,22.11,0,62.2,12.21,Adaptive,Low Efficiency
724,2024-07-01 07:29:00,FL2416,90.23,Express,Critical,Arrival,T4,47,77.57,81.76,11,11,Conveyor,86.13,56.7,90,73.91,1,Fog,2148.34,1455.48,42.69,1,118.37,32.12,Optimized,Low Efficiency
725,2024-01-19 20:01:00,FL7745,71.06,Hazardous,Medium,Arrival,T1,7,78.8,10.49,40,8,Conveyor,85.16,63.71,75,72.15,0,Clear,2240.23,499.67,29.27,0,76.81,118.85,Optimized,Low Efficiency
726,2024-03-07 12:03:00,FL9548,101.81,Express,Medium,Departure,T3,36,177.02,43.21,36,12,Loader,89.05,41.89,15,75.9,0,Clear,936.5,204.59,111.16,0,90.74,40.34,Adaptive,Low Efficiency
727,2024-06-15 16:44:00,FL9015,21.07,Perishable,Medium,Arrival,T2,44,157.84,37.22,25,10,Crane,58.46,51.82,96,77.85,1,Clear,4135.58,890.23,60.74,0,99.12,42.22,Baseline,Low Efficiency
728,2024-01-16 02:33:00,FL4546,96.46,General,Low,Arrival,T1,33,27.21,91.41,22,14,Loader,98.03,49.36,79,29.28,0,Storm,872.19,1148.3,100.49,0,94.39,56.67,Adaptive,Moderate Efficiency
729,2024-07-15 06:02:00,FL8757,28.19,Perishable,Medium,Departure,T4,49,111.75,21.85,6,8,Loader,41.43,55.57,92,29.0,1,Clear,2023.45,1459.94,74.73,0,149.76,35.85,Baseline,Low Efficiency
730,2024-01-30 07:05:00,FL8581,23.82,Perishable,Medium,Departure,T3,36,49.0,113.18,46,11,Crane,68.87,37.56,87,30.28,0,Clear,1356.73,970.1,75.84,1,87.2,85.39,Baseline,Low Efficiency
731,2024-05-07 13:40:00,FL5573,23.89,General,Low,Departure,T2,4,179.04,24.61,9,5,Loader,56.22,57.81,3,73.67,1,Rain,3489.71,358.17,10.35,0,96.98,81.97,Adaptive,Low Efficiency
732,2024-12-08 14:35:00,FL1237,98.68,Hazardous,Medium,Departure,T1,23,42.23,47.55,48,2,Loader,84.39,68.8,32,71.76,0,Rain,4575.07,647.54,11.4,0,58.91,98.43,Optimized,Low Efficiency
733,2024-11-18 00:31:00,FL8014,81.5,Express,High,Arrival,T2,25,109.5,27.97,46,10,Loader,88.31,36.79,20,1.52,1,Storm,3859.18,543.32,40.66,0,43.68,145.36,Optimized,Low Efficiency
734,2024-07-21 13:08:00,FL5041,65.15,Perishable,Medium,Arrival,T3,41,126.43,37.97,42,8,Forklift,89.34,66.45,56,85.43,1,Storm,3985.33,127.34,16.5,1,72.86,26.73,Adaptive,Low Efficiency
735,2024-05-12 03:45:00,FL5060,46.27,General,Low,Arrival,T2,26,169.93,92.52,32,6,Loader,57.81,82.91,78,25.7,1,Rain,853.26,649.05,40.49,1,95.99,63.83,Adaptive,Low Efficiency
736,2024-11-13 09:38:00,FL6362,105.88,Perishable,Medium,Arrival,T1,28,155.56,59.79,35,3,Loader,56.45,30.58,99,56.35,0,Storm,3825.32,1219.47,77.98,0,54.05,79.93,Baseline,Low Efficiency
737,2024-12-24 01:31:00,FL8114,50.13,Express,High,Arrival,T2,28,59.32,23.7,48,4,Conveyor,80.62,33.33,42,57.59,0,Rain,781.39,667.45,88.01,1,79.95,136.55,Optimized,Moderate Efficiency
738,2024-03-07 10:34:00,FL4643,98.91,Hazardous,High,Arrival,T3,21,111.62,10.36,28,12,Conveyor,95.69,62.65,73,10.2,1,Rain,2678.93,1292.49,77.35,0,124.09,98.56,Adaptive,Low Efficiency
739,2024-12-08 06:01:00,FL3440,55.5,Hazardous,High,Arrival,T1,10,172.57,31.44,37,1,Conveyor,55.25,91.09,60,62.62,0,Fog,3613.75,1140.09,70.99,0,69.34,69.07,Baseline,Low Efficiency
740,2024-09-10 09:03:00,FL1083,48.35,Hazardous,Low,Arrival,T4,27,137.71,113.74,43,3,Loader,94.64,99.85,56,48.02,0,Storm,1646.31,1107.09,18.94,0,90.95,17.22,Adaptive,Low Efficiency
741,2024-10-24 08:24:00,FL7844,58.21,General,High,Departure,T1,15,130.13,102.21,16,4,Crane,75.49,36.54,47,54.98,1,Clear,3571.56,633.47,24.11,0,139.5,116.09,Baseline,Low Efficiency
742,2024-08-30 16:59:00,FL1724,39.66,General,High,Arrival,T3,17,140.78,55.62,43,2,Loader,84.28,31.28,24,40.22,1,Rain,4462.39,174.7,14.51,0,97.25,88.08,Optimized,Low Efficiency
743,2024-08-21 18:53:00,FL1656,90.98,Hazardous,Low,Arrival,T2,39,71.6,60.43,13,14,Forklift,66.39,46.01,41,72.39,0,Fog,4450.84,1335.41,99.37,0,53.51,104.68,Adaptive,Low Efficiency
744,2024-03-17 04:00:00,FL8711,62.81,Express,Medium,Arrival,T4,35,136.68,108.43,19,12,Forklift,88.41,62.72,4,57.16,0,Fog,1364.47,993.6,45.59,0,89.77,54.44,Adaptive,Low Efficiency
745,2024-04-27 02:37:00,FL9261,31.7,Express,Medium,Arrival,T4,5,57.26,73.0,27,6,Forklift,98.23,70.03,76,17.36,1,Rain,1735.32,226.73,54.26,0,130.52,45.98,Adaptive,Low Efficiency
746,2024-08-28 03:44:00,FL1550,108.45,General,High,Arrival,T2,16,88.5,106.29,48,8,Forklift,50.23,98.14,51,67.75,0,Storm,3497.17,214.19,78.66,1,31.39,98.75,Optimized,Low Efficiency
747,2024-10-26 18:01:00,FL7974,49.15,Hazardous,Low,Departure,T3,23,162.39,61.56,49,12,Loader,63.13,92.19,88,45.23,1,Rain,4285.92,959.98,116.58,0,125.29,69.29,Baseline,Low Efficiency
748,2024-12-26 18:56:00,FL9701,67.51,Express,Medium,Departure,T1,39,23.04,28.01,26,6,Conveyor,91.75,69.35,1,3.35,0,Storm,2548.48,691.09,77.66,1,24.06,59.13,Optimized,Moderate Efficiency
749,2024-07-28 20:58:00,FL7460,109.24,Express,Critical,Departure,T3,48,86.29,88.48,40,10,Loader,50.6,55.32,14,35.54,1,Rain,4649.9,367.0,22.91,0,144.0,39.66,Adaptive,Low Efficiency
750,2024-10-18 14:24:00,FL8852,76.79,Express,High,Arrival,T4,9,62.69,65.54,14,3,Loader,64.78,52.49,95,36.16,0,Rain,3085.77,435.2,109.28,1,32.34,66.94,Optimized,Moderate Efficiency
751,2024-01-27 17:19:00,FL2605,18.44,General,Critical,Arrival,T1,33,51.77,81.87,32,9,Loader,49.97,70.08,10,72.13,0,Fog,1678.76,640.03,35.26,0,75.26,140.76,Baseline,Low Efficiency
752,2024-11-27 04:39:00,FL8412,113.08,Hazardous,Critical,Arrival,T1,35,154.17,23.08,39,14,Loader,78.9,80.49,97,21.06,0,Clear,589.85,1150.29,96.97,1,143.13,25.32,Optimized,Low Efficiency
753,2024-03-05 02:57:00,FL9114,77.19,Perishable,Low,Arrival,T2,40,131.44,79.47,33,4,Crane,54.3,63.72,36,40.73,0,Clear,4133.11,375.76,92.24,1,39.23,32.75,Adaptive,Low Efficiency
754,2024-08-17 00:35:00,FL4940,43.51,Hazardous,High,Departure,T3,24,38.02,48.96,9,14,Conveyor,62.85,51.31,42,4.9,1,Fog,917.62,1083.21,55.66,1,99.86,94.76,Adaptive,Low Efficiency
755,2024-07-02 18:59:00,FL2361,21.02,Hazardous,Medium,Departure,T1,24,99.11,43.18,8,6,Conveyor,69.47,72.92,99,79.33,0,Storm,852.99,350.66,67.44,0,113.22,43.68,Adaptive,Low Efficiency
756,2024-08-23 09:37:00,FL1203,96.31,General,Critical,Arrival,T2,24,94.7,82.22,19,4,Forklift,57.83,69.06,48,39.94,0,Rain,3997.1,1169.23,35.15,0,15.3,132.02,Adaptive,Low Efficiency
757,2024-03-25 09:52:00,FL7662,76.31,Express,Low,Arrival,T3,19,42.8,73.11,34,4,Loader,80.79,59.92,18,77.09,0,Storm,642.42,1360.35,87.29,1,93.19,129.08,Baseline,Moderate Efficiency
758,2024-10-21 07:28:00,FL4571,66.35,Express,Critical,Departure,T4,39,147.96,79.65,30,11,Forklift,46.67,82.38,89,60.95,0,Clear,4292.42,719.9,117.72,1,116.4,68.78,Optimized,Low Efficiency
759,2024-01-01 20:06:00,FL3174,107.8,General,High,Departure,T4,25,78.67,116.01,27,2,Conveyor,92.79,49.76,76,28.79,1,Storm,3194.26,997.85,56.99,1,145.76,105.25,Baseline,Low Efficiency
760,2024-12-02 09:37:00,FL6872,95.69,General,High,Departure,T3,31,141.91,85.64,43,10,Conveyor,68.88,63.94,60,64.14,1,Rain,3364.45,472.89,119.77,0,29.43,118.67,Optimized,Low Efficiency
761,2024-10-27 22:01:00,FL5846,22.44,General,Low,Departure,T1,38,50.73,78.7,33,2,Forklift,74.37,95.82,28,42.2,0,Clear,4721.23,1398.69,37.76,0,130.9,56.28,Adaptive,Low Efficiency
762,2024-02-09 11:17:00,FL4916,40.85,General,Low,Departure,T1,25,70.41,75.56,26,2,Conveyor,77.33,80.6,53,30.71,1,Storm,4400.11,696.22,23.27,0,98.11,54.56,Optimized,Low Efficiency
763,2024-05-16 14:14:00,FL2486,33.58,General,High,Departure,T4,27,35.23,50.85,39,2,Conveyor,43.58,57.16,9,60.11,0,Storm,841.98,795.38,119.83,0,111.84,10.38,Optimized,Moderate Efficiency
764,2024-09-20 10:33:00,FL1260,90.55,Perishable,Low,Departure,T4,32,42.96,101.51,22,8,Crane,85.42,68.23,24,69.69,1,Storm,4338.44,466.06,51.37,0,113.7,42.89,Adaptive,Low Efficiency
765,2024-12-28 23:47:00,FL8860,8.86,Hazardous,High,Arrival,T1,11,161.31,48.81,39,10,Loader,96.76,58.38,20,61.98,0,Clear,3502.15,371.62,104.53,0,111.37,105.39,Adaptive,Low Efficiency
766,2024-11-17 21:13:00,FL5994,70.54,Hazardous,Low,Arrival,T3,5,37.46,85.53,37,4,Loader,71.19,37.88,90,41.66,1,Clear,1925.48,418.4,13.25,0,139.23,71.99,Adaptive,Low Efficiency
767,2024-02-07 13:58:00,FL3650,92.68,Hazardous,High,Departure,T4,44,35.32,38.71,11,4,Conveyor,63.45,53.45,69,23.34,0,Storm,4340.12,766.16,79.09,1,27.23,98.3,Optimized,Low Efficiency
768,2024-05-28 05:26:00,FL8524,105.83,Express,Medium,Arrival,T1,33,170.46,21.99,38,10,Conveyor,87.09,90.23,27,72.94,1,Fog,604.84,292.65,10.36,0,49.67,41.62,Adaptive,Low Efficiency
769,2024-07-13 11:08:00,FL1399,44.34,Perishable,High,Departure,T3,19,123.34,19.92,14,10,Crane,83.22,62.28,92,31.2,0,Rain,4268.95,643.03,65.5,1,136.46,95.31,Baseline,Low Efficiency
770,2024-04-05 09:37:00,FL8452,99.44,Hazardous,High,Arrival,T2,43,36.15,77.97,28,11,Forklift,79.06,70.92,40,55.17,0,Clear,3290.86,634.85,91.02,1,73.9,44.24,Optimized,Moderate Efficiency
771,2024-07-28 17:40:00,FL8598,17.72,Express,Medium,Departure,T3,47,175.47,42.71,29,14,Crane,97.92,42.7,71,10.38,1,Clear,1675.26,706.41,78.35,1,66.82,108.85,Adaptive,Low Efficiency
772,2024-11-15 00:38:00,FL3271,102.34,Perishable,Low,Arrival,T1,16,43.54,36.63,48,3,Crane,74.91,54.94,83,66.63,0,Clear,526.81,690.8,79.04,0,85.48,31.91,Baseline,Moderate Efficiency
773,2024-12-18 22:57:00,FL7641,19.66,Perishable,Low,Departure,T3,35,142.62,73.09,31,5,Forklift,54.9,95.04,54,85.76,1,Rain,2845.96,484.19,45.93,0,53.48,50.53,Optimized,Low Efficiency
774,2024-03-29 10:04:00,FL4030,50.69,Express,Medium,Arrival,T1,11,25.58,7.95,10,4,Conveyor,41.49,52.0,86,40.44,1,Clear,2400.15,613.53,79.71,0,93.68,38.9,Baseline,Low Efficiency
775,2024-01-22 00:31:00,FL7068,96.69,Perishable,Medium,Arrival,T4,11,119.93,33.32,12,7,Loader,67.21,47.54,82,49.35,0,Fog,4381.46,1363.31,104.02,1,133.11,13.54,Optimized,Low Efficiency
776,2024-06-23 06:01:00,FL8607,22.24,Express,High,Departure,T2,10,107.47,44.16,25,10,Crane,79.14,33.91,15,80.95,0,Clear,4045.62,152.46,64.63,0,65.4,137.69,Adaptive,Low Efficiency
777,2024-04-25 07:51:00,FL1022,31.36,Hazardous,Medium,Departure,T4,34,53.28,86.46,45,7,Crane,50.33,36.81,97,71.58,0,Clear,3153.46,222.9,69.59,0,39.09,20.58,Baseline,Low Efficiency
778,2024-08-14 06:45:00,FL2158,88.06,Express,Medium,Departure,T4,5,122.9,67.68,23,6,Loader,41.55,70.94,51,86.61,1,Fog,1178.82,1400.38,102.22,0,31.87,68.14,Adaptive,Low Efficiency
779,2024-01-10 22:58:00,FL7305,87.8,Perishable,Medium,Arrival,T1,23,118.73,103.44,38,7,Crane,94.55,76.2,69,23.95,1,Rain,3767.56,479.4,23.4,0,107.68,59.59,Optimized,Low Efficiency
780,2024-10-24 02:09:00,FL6454,78.73,Hazardous,Low,Arrival,T1,25,147.74,43.47,43,12,Forklift,58.12,74.91,40,42.3,1,Rain,3171.3,525.85,76.12,0,20.3,35.54,Optimized,Low Efficiency
781,2024-03-08 20:56:00,FL9698,84.8,Hazardous,Medium,Arrival,T1,29,160.14,39.09,47,7,Loader,67.96,67.79,69,41.01,1,Clear,601.45,581.72,62.19,0,20.52,72.21,Baseline,Low Efficiency
782,2024-06-12 14:55:00,FL1535,67.41,General,Critical,Arrival,T1,40,101.62,8.82,27,13,Loader,45.46,64.37,43,42.58,0,Rain,3928.13,244.73,55.9,0,144.58,80.53,Adaptive,Low Efficiency
783,2024-03-23 14:52:00,FL5859,33.96,General,Critical,Departure,T4,13,98.45,114.45,17,8,Forklift,62.9,35.05,64,82.18,1,Fog,4242.74,1176.57,54.84,0,103.39,47.29,Optimized,Low Efficiency
784,2024-12-02 00:23:00,FL7977,44.76,Perishable,Medium,Departure,T1,47,119.46,62.67,46,11,Forklift,65.43,88.85,7,18.5,1,Rain,3985.22,328.44,79.61,0,36.49,83.66,Adaptive,Low Efficiency
785,2024-03-26 12:52:00,FL5420,25.88,Express,Medium,Arrival,T1,32,136.67,62.79,43,13,Loader,94.16,65.92,2,80.54,0,Clear,1293.49,1082.46,108.73,0,98.54,99.9,Adaptive,Low Efficiency
786,2024-04-22 02:50:00,FL9887,109.47,Express,High,Departure,T4,34,76.99,111.2,32,1,Forklift,91.93,39.23,30,51.4,0,Fog,2761.25,425.51,81.51,0,91.03,82.84,Adaptive,Low Efficiency
787,2024-12-28 21:44:00,FL4393,72.09,Perishable,Medium,Departure,T2,12,100.74,38.34,10,3,Crane,51.34,39.51,75,48.32,0,Clear,2872.77,1054.95,39.08,0,119.09,135.73,Baseline,Low Efficiency
788,2024-07-31 12:39:00,FL2326,51.1,Hazardous,Low,Departure,T2,24,113.62,43.19,16,12,Conveyor,73.36,65.91,52,37.48,1,Fog,4704.59,1460.62,25.16,0,69.32,29.21,Adaptive,Low Efficiency
789,2024-07-18 02:26:00,FL6500,58.13,Perishable,Low,Departure,T3,40,178.14,80.48,7,3,Crane,83.87,47.12,33,48.57,0,Fog,4665.22,813.58,117.61,0,12.36,127.46,Baseline,Low Efficiency
790,2024-10-29 13:13:00,FL1898,113.94,Perishable,Medium,Arrival,T4,21,114.03,95.3,24,5,Forklift,57.51,94.54,9,72.3,0,Clear,780.26,546.48,43.46,0,71.62,30.38,Optimized,Low Efficiency
791,2024-12-17 08:17:00,FL9433,22.64,Hazardous,Critical,Departure,T1,29,55.87,85.42,45,10,Crane,63.67,64.93,11,44.3,0,Clear,4996.39,629.16,61.28,0,106.78,70.21,Adaptive,Low Efficiency
792,2024-12-09 20:38:00,FL6963,72.42,Express,High,Departure,T3,23,114.08,95.7,46,14,Conveyor,99.09,98.49,76,69.84,0,Rain,4040.1,637.49,11.91,0,144.02,31.41,Baseline,Low Efficiency
793,2024-06-26 11:30:00,FL1844,63.18,Perishable,Low,Departure,T2,33,151.12,71.14,49,13,Conveyor,85.58,81.39,10,37.5,0,Storm,2189.89,275.47,99.23,0,127.62,94.63,Baseline,Low Efficiency
794,2024-11-28 14:55:00,FL2818,75.32,Express,Low,Arrival,T2,8,157.18,104.22,12,13,Conveyor,66.23,86.75,54,16.46,1,Rain,3844.77,1246.31,97.24,0,13.25,58.38,Baseline,Low Efficiency
795,2024-04-15 07:48:00,FL7274,7.08,Perishable,High,Departure,T4,42,148.04,68.26,30,7,Forklift,72.04,57.22,75,37.32,0,Clear,2194.93,630.92,86.42,1,44.25,73.28,Baseline,Low Efficiency
796,2024-10-06 07:39:00,FL6989,105.29,Hazardous,High,Arrival,T1,13,162.11,31.37,42,10,Forklift,77.55,39.38,97,65.1,1,Clear,4713.26,1105.05,49.17,1,86.98,32.96,Baseline,Low Efficiency
797,2024-05-18 19:09:00,FL8624,112.19,Hazardous,High,Arrival,T1,5,73.56,67.3,32,6,Forklift,69.93,78.28,20,76.66,1,Rain,2201.51,478.53,51.1,1,17.75,76.27,Baseline,Low Efficiency
798,2024-04-09 09:39:00,FL1669,69.99,General,High,Departure,T3,41,101.21,86.99,39,4,Conveyor,64.7,58.49,5,69.45,0,Storm,3947.44,598.96,64.56,0,93.38,113.08,Baseline,Low Efficiency
799,2024-02-20 20:01:00,FL6989,85.11,Hazardous,Low,Departure,T2,10,144.73,80.16,48,6,Forklift,61.56,96.42,24,33.7,0,Storm,1198.73,1341.67,54.22,1,70.07,140.83,Adaptive,Low Efficiency
800,2024-07-20 03:46:00,FL7003,111.09,General,High,Arrival,T3,14,62.31,32.95,45,7,Loader,50.14,43.55,32,52.12,0,Clear,4335.43,694.94,28.53,0,103.61,49.78,Baseline,Low Efficiency
801,2024-10-29 03:38:00,FL3871,86.33,Perishable,High,Arrival,T3,24,79.45,9.72,45,4,Crane,98.42,73.86,31,32.44,0,Storm,3292.0,594.46,35.41,1,40.87,70.75,Optimized,Low Efficiency
802,2024-09-04 11:45:00,FL2097,22.54,Express,Low,Arrival,T3,11,152.98,34.04,47,11,Crane,45.48,90.62,44,63.4,0,Fog,4134.2,539.12,46.39,0,36.2,119.6,Optimized,Low Efficiency
803,2024-07-13 13:10:00,FL4354,71.27,Hazardous,High,Arrival,T1,46,143.21,118.16,42,8,Loader,76.06,58.2,78,39.28,1,Rain,2380.82,1350.11,12.19,0,138.13,88.09,Baseline,Low Efficiency
804,2024-01-02 20:49:00,FL3267,74.77,Hazardous,Low,Departure,T2,3,175.39,26.21,6,5,Forklift,97.58,96.76,19,68.84,0,Storm,2058.42,691.98,47.54,0,58.1,113.57,Optimized,Low Efficiency
805,2024-07-24 22:58:00,FL6487,53.78,Hazardous,Low,Arrival,T3,29,179.36,58.4,11,3,Crane,62.5,35.36,24,1.15,1,Storm,2896.8,1327.99,100.32,0,145.95,119.9,Optimized,Low Efficiency
806,2024-08-05 09:38:00,FL4909,89.69,Perishable,Low,Departure,T2,48,58.52,78.41,45,2,Conveyor,55.15,71.08,96,30.61,0,Rain,2246.85,520.4,61.62,0,32.36,112.71,Optimized,Low Efficiency
807,2024-12-22 13:05:00,FL9841,112.45,General,Low,Departure,T2,30,164.07,106.14,29,1,Crane,97.33,84.42,12,79.04,1,Fog,2813.66,1469.63,30.42,1,115.47,143.28,Optimized,Low Efficiency
808,2024-04-18 04:53:00,FL2860,111.44,Perishable,Medium,Arrival,T3,49,35.12,92.43,36,4,Crane,88.1,44.13,50,29.12,1,Storm,2437.91,803.92,86.43,1,38.22,112.43,Adaptive,Moderate Efficiency
809,2024-11-21 03:58:00,FL8839,56.85,Express,Medium,Departure,T3,37,133.57,109.53,16,2,Crane,79.3,34.05,85,35.53,1,Fog,1384.9,330.47,12.38,0,110.22,26.69,Baseline,Low Efficiency
810,2024-12-18 16:28:00,FL4437,18.02,Perishable,Medium,Arrival,T4,7,55.22,74.5,15,12,Forklift,76.72,35.59,25,71.17,0,Clear,4894.83,693.7,27.0,0,46.72,122.16,Baseline,Low Efficiency
811,2024-09-08 07:28:00,FL4693,118.26,Express,Medium,Arrival,T1,17,68.05,104.51,14,3,Loader,61.61,52.35,51,8.52,1,Clear,572.38,1054.47,74.04,1,56.44,22.48,Adaptive,Low Efficiency
812,2024-08-30 01:48:00,FL6250,101.47,Hazardous,Low,Arrival,T2,20,171.41,35.34,39,1,Crane,78.48,45.62,14,28.07,0,Fog,4665.41,1342.96,83.96,1,99.78,65.58,Adaptive,Low Efficiency
813,2024-10-01 16:13:00,FL6778,19.34,Express,Low,Departure,T3,11,62.1,54.51,48,14,Conveyor,83.5,45.67,72,69.7,1,Fog,4223.27,277.92,42.42,1,14.7,59.16,Baseline,Low Efficiency
814,2024-11-27 13:43:00,FL5380,110.9,Express,High,Departure,T3,44,127.71,102.03,8,13,Crane,41.9,62.1,29,86.13,0,Rain,2394.07,881.82,40.58,0,44.52,31.94,Optimized,Low Efficiency
815,2024-08-22 07:28:00,FL9250,105.04,General,Medium,Arrival,T2,25,48.5,42.44,46,6,Forklift,47.06,35.95,25,70.46,0,Rain,1949.44,845.71,12.27,0,130.03,25.04,Adaptive,Low Efficiency
816,2024-05-17 08:56:00,FL7929,64.67,Express,Low,Departure,T3,24,34.94,105.19,6,4,Forklift,58.91,99.69,87,15.52,0,Rain,1241.09,559.72,41.34,1,53.6,50.51,Optimized,Low Efficiency
817,2024-06-22 21:25:00,FL5540,73.0,Express,Critical,Departure,T4,2,74.29,46.76,48,5,Conveyor,59.39,78.71,59,75.15,0,Storm,1098.77,672.01,115.52,1,143.82,106.1,Adaptive,Moderate Efficiency
818,2024-10-05 20:54:00,FL1892,50.89,Perishable,High,Departure,T2,27,119.87,46.79,32,8,Crane,94.03,32.12,57,42.82,1,Clear,2979.13,526.45,53.68,0,30.05,38.82,Optimized,Low Efficiency
819,2024-06-19 01:47:00,FL2038,11.3,Hazardous,Critical,Departure,T3,19,59.67,40.54,47,11,Crane,81.07,78.43,12,70.47,1,Rain,974.42,523.36,46.06,0,111.01,145.82,Adaptive,Low Efficiency
820,2024-10-26 02:48:00,FL7108,43.55,Perishable,Medium,Departure,T2,29,68.03,67.9,18,4,Conveyor,62.41,85.43,50,21.54,0,Storm,2644.12,846.72,78.92,0,32.84,10.71,Adaptive,Low Efficiency
821,2024-02-01 18:47:00,FL6656,97.33,Perishable,Low,Arrival,T3,37,133.4,19.84,48,6,Loader,88.55,43.35,12,30.7,0,Storm,4166.2,184.07,118.8,0,116.93,89.66,Adaptive,Moderate Efficiency
822,2024-08-19 16:32:00,FL8412,5.53,Hazardous,High,Departure,T3,11,36.45,9.21,33,3,Forklift,59.39,88.82,82,81.15,0,Fog,3906.58,773.85,58.15,0,39.85,88.24,Optimized,Low Efficiency
823,2024-12-10 09:51:00,FL8966,43.35,Hazardous,Low,Departure,T1,19,91.5,108.2,6,8,Loader,99.45,72.82,48,81.97,1,Rain,1096.3,554.02,20.44,0,131.25,48.4,Adaptive,Low Efficiency
824,2024-10-04 14:29:00,FL9215,50.79,Express,Medium,Arrival,T2,28,170.68,111.83,38,13,Loader,86.9,87.46,50,25.67,1,Fog,4824.84,750.13,88.92,0,97.39,93.37,Baseline,Low Efficiency
825,2024-10-08 03:12:00,FL9629,66.8,Express,Low,Departure,T1,39,83.52,13.76,37,3,Crane,88.5,80.17,19,7.52,0,Fog,1787.76,1464.98,108.72,0,133.36,88.56,Baseline,Moderate Efficiency
826,2024-04-20 18:13:00,FL3010,110.78,General,High,Departure,T3,21,89.47,68.22,24,7,Conveyor,55.66,79.32,53,83.61,0,Storm,3675.61,1137.76,84.84,0,97.93,106.3,Optimized,Low Efficiency
827,2024-12-26 16:29:00,FL8703,44.83,Perishable,Low,Departure,T2,26,138.11,67.06,34,7,Forklift,48.7,41.08,35,27.04,1,Clear,1852.23,1306.07,64.7,0,122.92,132.25,Adaptive,Low Efficiency
828,2024-01-27 22:57:00,FL9714,44.9,Hazardous,Critical,Arrival,T2,22,144.64,47.83,46,3,Loader,63.37,52.11,27,10.81,1,Storm,3278.42,620.07,37.11,0,131.78,24.07,Adaptive,Low Efficiency
829,2024-04-01 22:18:00,FL9730,89.81,Express,Critical,Departure,T4,6,143.14,70.42,30,3,Loader,60.05,66.63,67,31.33,0,Storm,3076.2,1088.16,59.06,0,75.65,126.94,Baseline,Low Efficiency
830,2024-08-29 18:01:00,FL5788,57.01,Hazardous,Medium,Departure,T4,11,179.66,57.68,24,10,Crane,86.19,37.88,77,25.38,0,Storm,1302.42,748.41,56.45,0,104.28,12.87,Optimized,Low Efficiency
831,2024-03-14 01:59:00,FL8405,30.83,Express,High,Arrival,T3,14,31.43,61.31,5,10,Crane,50.46,63.49,51,7.25,0,Clear,3436.52,935.94,115.89,0,13.72,18.63,Baseline,Moderate Efficiency
832,2024-11-16 14:54:00,FL7031,57.03,General,High,Arrival,T3,36,177.16,91.86,5,12,Crane,71.65,61.17,19,88.54,0,Rain,1967.03,713.17,14.06,0,79.49,137.06,Optimized,Low Efficiency
833,2024-03-13 14:35:00,FL2075,21.2,General,High,Departure,T3,40,172.03,65.49,29,11,Conveyor,77.69,46.23,43,26.44,0,Storm,3250.18,284.39,50.11,1,39.75,108.79,Baseline,Low Efficiency
834,2024-11-28 17:23:00,FL4085,25.28,Hazardous,Medium,Arrival,T3,41,156.34,42.22,37,14,Forklift,63.11,43.98,35,24.51,0,Storm,2936.2,1426.28,44.22,0,26.03,99.98,Optimized,Low Efficiency
835,2024-01-12 04:13:00,FL8501,62.31,General,High,Arrival,T4,2,92.66,71.87,27,8,Forklift,52.04,47.32,15,37.79,0,Rain,4291.94,1088.91,118.03,0,149.51,82.5,Adaptive,Low Efficiency
836,2024-04-14 23:17:00,FL2430,53.18,Hazardous,Medium,Arrival,T2,43,159.34,78.69,15,11,Crane,93.74,72.36,16,37.33,1,Rain,1461.16,940.85,10.71,0,149.59,119.21,Adaptive,Low Efficiency
837,2024-10-25 12:53:00,FL2313,110.21,Express,Critical,Departure,T1,20,55.33,81.17,48,3,Loader,48.33,59.05,99,39.04,1,Storm,1181.36,885.1,42.17,1,39.81,112.04,Optimized,Low Efficiency
838,2024-04-22 09:39:00,FL7400,46.68,Perishable,Medium,Departure,T2,22,146.66,76.11,19,2,Crane,58.23,58.98,69,81.6,0,Clear,4347.04,1112.04,117.12,0,135.64,58.15,Optimized,Low Efficiency
839,2024-02-24 11:43:00,FL3929,71.77,General,Medium,Arrival,T2,39,49.64,81.43,18,5,Crane,85.39,42.72,71,5.42,0,Fog,2500.46,845.57,27.51,0,135.58,79.34,Optimized,Low Efficiency
840,2024-12-07 20:56:00,FL5724,77.71,Express,High,Arrival,T4,4,150.46,40.66,5,11,Conveyor,76.32,85.12,85,84.75,1,Fog,4018.29,402.28,96.82,0,146.7,77.53,Optimized,Low Efficiency
841,2024-07-11 23:36:00,FL2260,6.51,Perishable,High,Arrival,T2,29,118.32,56.31,37,7,Crane,83.84,79.03,41,59.93,0,Storm,4818.08,110.23,72.01,1,64.92,70.73,Optimized,Low Efficiency
842,2024-09-03 12:47:00,FL2791,81.31,Perishable,Medium,Arrival,T2,46,35.69,81.9,10,8,Forklift,88.53,60.04,54,62.78,0,Clear,2949.47,636.32,109.65,0,140.48,105.45,Baseline,Moderate Efficiency
843,2024-10-16 10:31:00,FL3699,25.47,Perishable,Low,Departure,T3,24,163.25,91.75,27,1,Crane,93.72,39.95,65,14.21,1,Rain,1853.06,889.06,106.04,1,119.46,123.55,Optimized,Low Efficiency
844,2024-02-28 11:36:00,FL5521,115.52,Express,Medium,Arrival,T1,1,112.47,54.93,30,12,Forklift,58.27,80.03,89,29.62,1,Clear,4074.03,620.45,73.39,0,112.89,143.74,Adaptive,Low Efficiency
845,2024-08-27 06:05:00,FL2835,22.1,Express,Critical,Departure,T2,24,125.0,47.01,7,2,Loader,68.46,92.92,30,4.7,1,Fog,4689.25,846.64,70.97,1,44.69,67.82,Optimized,Low Efficiency
846,2024-10-03 17:08:00,FL3424,52.68,Hazardous,High,Arrival,T2,30,65.36,87.33,10,13,Forklift,81.3,42.48,19,58.78,0,Clear,1603.17,1030.83,26.62,0,78.66,107.79,Adaptive,Low Efficiency
847,2024-08-18 14:03:00,FL9131,14.82,Perishable,High,Departure,T1,12,159.46,30.55,44,7,Forklift,87.68,72.19,88,30.59,0,Storm,3597.55,1233.8,16.65,0,120.33,88.83,Adaptive,Low Efficiency
848,2024-12-21 07:30:00,FL3465,119.64,Perishable,Low,Departure,T3,19,107.23,6.09,29,9,Crane,74.67,59.7,46,49.61,0,Clear,4012.63,518.1,90.53,0,128.55,35.33,Baseline,Low Efficiency
849,2024-01-27 03:22:00,FL4346,62.75,Perishable,Medium,Arrival,T4,37,87.38,59.18,21,3,Forklift,70.82,36.14,60,67.75,0,Fog,619.53,986.45,77.38,1,37.7,52.77,Adaptive,Low Efficiency
850,2024-02-19 19:44:00,FL9530,73.47,Hazardous,High,Departure,T4,40,105.49,24.94,32,14,Forklift,81.51,80.81,79,49.82,0,Storm,3165.21,1348.49,97.49,1,53.57,128.88,Optimized,Low Efficiency
851,2024-06-19 22:54:00,FL1371,12.71,Perishable,High,Departure,T2,43,132.53,48.5,36,8,Loader,62.92,34.98,99,6.43,0,Storm,3349.24,313.4,12.0,1,32.76,123.09,Adaptive,Low Efficiency
852,2024-07-28 06:18:00,FL5803,91.25,Express,Low,Departure,T3,4,131.21,38.49,33,14,Forklift,93.62,79.16,24,5.55,0,Clear,3364.44,1066.69,112.71,1,31.18,129.21,Baseline,Moderate Efficiency
853,2024-06-14 15:36:00,FL7824,29.14,Perishable,Critical,Arrival,T4,15,77.21,94.39,27,10,Forklift,52.73,49.68,36,78.04,1,Storm,878.48,1380.24,18.03,0,39.87,15.96,Optimized,Low Efficiency
854,2024-03-06 19:29:00,FL9870,108.28,General,Medium,Departure,T4,20,81.64,43.11,45,3,Crane,93.04,69.6,49,23.59,1,Clear,597.6,1039.88,109.51,0,137.31,148.6,Adaptive,Moderate Efficiency
855,2024-11-12 00:12:00,FL3163,28.59,Express,Low,Departure,T4,44,109.96,78.68,20,4,Conveyor,78.62,41.23,59,32.6,1,Clear,1821.62,229.62,31.04,1,60.76,88.01,Optimized,Low Efficiency
856,2024-03-12 16:25:00,FL8764,26.93,Hazardous,Medium,Arrival,T4,20,167.91,82.5,36,2,Crane,76.04,55.96,14,19.66,0,Rain,2110.25,496.39,38.6,0,79.67,80.85,Adaptive,Low Efficiency
857,2024-03-14 04:29:00,FL6680,9.2,Perishable,Low,Arrival,T4,21,139.27,57.49,30,9,Loader,68.2,37.29,86,62.9,0,Fog,1150.81,365.27,105.9,0,11.63,112.82,Optimized,Low Efficiency
858,2024-11-19 01:50:00,FL7883,59.29,General,Medium,Departure,T2,10,82.47,14.32,37,14,Crane,49.28,62.71,39,34.75,0,Rain,2793.14,1377.3,59.66,0,115.42,28.44,Baseline,Low Efficiency
859,2024-05-01 03:26:00,FL8272,69.96,Hazardous,Low,Departure,T4,30,73.93,85.54,23,5,Forklift,91.9,44.93,8,41.07,1,Fog,1523.96,1488.87,86.39,1,50.4,42.0,Baseline,Low Efficiency
860,2024-08-06 01:32:00,FL1351,12.56,Hazardous,Low,Arrival,T2,24,103.78,13.64,45,5,Conveyor,43.15,43.16,48,60.7,1,Fog,2018.89,705.98,109.0,0,108.59,141.89,Adaptive,Low Efficiency
861,2024-01-22 01:53:00,FL5776,94.19,Express,High,Arrival,T1,48,159.2,16.41,21,4,Crane,56.2,37.5,80,56.08,1,Storm,1817.71,1354.67,42.08,1,37.84,38.95,Baseline,Low Efficiency
862,2024-02-03 11:45:00,FL4097,57.13,Hazardous,Low,Departure,T1,40,21.39,27.54,42,13,Crane,46.58,83.58,81,69.69,1,Fog,3974.14,289.1,24.93,0,62.79,57.12,Adaptive,Low Efficiency
863,2024-08-24 04:51:00,FL2031,65.3,Hazardous,Low,Departure,T3,40,133.68,37.24,18,5,Loader,46.41,74.77,69,67.39,1,Clear,4446.84,104.81,69.45,1,82.47,44.47,Baseline,Low Efficiency
864,2024-02-10 20:45:00,FL1361,55.69,Hazardous,Medium,Arrival,T2,38,67.12,102.34,22,12,Forklift,63.43,40.98,41,39.59,1,Rain,1843.13,895.71,52.71,0,98.38,77.67,Adaptive,Low Efficiency
865,2024-08-01 14:58:00,FL4806,51.09,Hazardous,Medium,Arrival,T3,3,53.34,82.62,25,14,Crane,49.63,63.07,35,17.27,1,Storm,2194.92,1482.34,97.86,0,33.08,122.55,Optimized,Low Efficiency
866,2024-09-18 00:36:00,FL9513,69.36,Perishable,High,Departure,T1,29,21.94,49.53,43,1,Crane,74.88,76.26,64,20.09,0,Storm,4168.73,887.29,10.56,1,70.53,127.26,Adaptive,Low Efficiency
867,2024-09-29 22:49:00,FL6503,22.85,Perishable,Medium,Departure,T1,8,163.45,117.54,46,10,Conveyor,77.63,91.46,53,63.61,0,Fog,3915.95,1472.72,73.84,0,11.65,55.5,Adaptive,Low Efficiency
868,2024-11-09 14:47:00,FL7745,25.92,Perishable,High,Arrival,T1,29,165.96,33.01,43,14,Loader,92.93,34.17,54,23.52,1,Rain,3689.57,731.05,66.75,0,28.58,20.39,Adaptive,Low Efficiency
869,2024-04-16 00:00:00,FL6616,104.11,Perishable,High,Departure,T1,10,29.83,75.13,32,10,Forklift,57.98,55.36,37,39.64,0,Rain,3685.36,634.86,103.47,0,55.95,25.76,Optimized,Moderate Efficiency
870,2024-06-26 19:39:00,FL6346,113.8,General,Low,Departure,T4,5,103.49,102.43,24,12,Crane,58.55,73.12,52,9.71,1,Rain,1837.31,1401.41,73.42,0,141.16,124.33,Baseline,Low Efficiency
871,2024-10-27 01:07:00,FL8965,47.93,Perishable,Low,Departure,T1,11,44.41,97.23,10,6,Conveyor,54.78,31.09,18,11.0,0,Storm,4714.38,168.33,119.52,1,133.66,70.03,Baseline,Moderate Efficiency
872,2024-05-11 02:43:00,FL9686,36.14,Hazardous,Medium,Departure,T4,4,141.39,15.39,30,11,Crane,86.91,47.05,21,22.5,0,Rain,4141.37,557.5,12.92,0,83.34,124.97,Optimized,Low Efficiency
873,2024-05-03 18:40:00,FL9986,79.06,Perishable,Medium,Arrival,T4,49,126.46,85.19,10,4,Crane,65.68,82.14,42,7.63,1,Clear,1453.69,720.9,65.39,0,94.62,11.98,Baseline,Low Efficiency
874,2024-05-07 11:33:00,FL8295,52.0,Perishable,High,Arrival,T3,35,67.54,34.65,43,12,Loader,73.15,54.9,65,24.71,1,Clear,3479.68,221.71,117.36,1,50.36,14.89,Optimized,Moderate Efficiency
875,2024-02-27 12:04:00,FL8503,7.92,Express,Medium,Departure,T4,40,38.71,45.91,30,4,Conveyor,62.48,35.91,81,51.14,0,Fog,1197.02,823.93,114.02,0,103.78,54.17,Baseline,Moderate Efficiency
876,2024-10-05 13:26:00,FL5982,22.96,Hazardous,Medium,Departure,T3,12,153.0,61.23,21,12,Conveyor,49.41,73.86,8,67.03,0,Fog,3099.36,625.42,34.05,0,43.2,38.58,Adaptive,Low Efficiency
877,2024-06-24 08:48:00,FL3161,87.34,Perishable,Low,Departure,T4,21,127.88,95.94,44,13,Forklift,46.15,47.5,93,2.94,0,Clear,1800.94,711.77,100.99,0,10.35,100.33,Adaptive,Low Efficiency
878,2024-12-28 09:21:00,FL6021,80.78,Perishable,Low,Departure,T4,16,21.09,24.11,6,5,Crane,92.1,79.12,84,54.06,0,Fog,973.61,1060.86,98.59,0,144.85,91.94,Adaptive,High Efficiency
879,2024-04-14 05:09:00,FL3813,8.12,Perishable,Medium,Arrival,T1,14,120.46,17.48,25,14,Conveyor,55.93,93.01,39,32.69,1,Storm,3214.29,198.49,115.87,0,63.43,135.2,Optimized,Low Efficiency
880,2024-06-18 01:47:00,FL5259,30.53,General,Medium,Departure,T2,21,149.65,22.65,11,1,Crane,96.5,66.95,61,20.4,0,Clear,4479.34,1446.51,66.03,0,83.18,120.38,Optimized,Low Efficiency
881,2024-12-01 19:10:00,FL4715,31.57,Perishable,Medium,Departure,T4,48,114.52,30.1,48,4,Crane,96.84,71.94,60,2.87,1,Storm,1133.2,831.41,68.22,0,24.01,24.11,Baseline,Low Efficiency
882,2024-07-03 22:34:00,FL8933,82.27,Express,Low,Arrival,T2,27,87.95,11.84,24,10,Forklift,68.74,66.01,69,29.33,0,Rain,4545.79,1274.34,96.51,0,83.82,134.19,Optimized,Low Efficiency
883,2024-11-30 15:34:00,FL7093,7.27,Hazardous,High,Arrival,T2,36,113.43,111.53,7,3,Forklift,97.52,87.22,59,71.07,1,Storm,1075.16,545.89,119.89,0,136.33,26.8,Baseline,Moderate Efficiency
884,2024-07-04 22:09:00,FL5720,16.97,Hazardous,Critical,Departure,T2,1,119.15,41.69,40,5,Conveyor,41.71,46.92,10,47.7,1,Rain,3838.45,538.93,44.0,1,132.87,37.54,Adaptive,Low Efficiency
885,2024-01-07 20:13:00,FL1775,96.99,Perishable,Low,Arrival,T4,1,122.41,25.35,47,10,Crane,45.5,58.11,63,69.81,0,Clear,4953.19,1365.34,85.16,0,90.91,80.74,Baseline,Low Efficiency
886,2024-12-04 18:53:00,FL3430,25.53,Perishable,Medium,Arrival,T2,22,174.73,78.35,48,5,Conveyor,54.6,92.65,70,37.11,1,Fog,921.56,264.47,83.83,0,129.94,25.62,Baseline,Low Efficiency
887,2024-07-28 10:43:00,FL6785,80.07,Perishable,Critical,Departure,T4,15,48.58,95.5,23,8,Crane,52.55,80.66,7,75.89,0,Fog,1457.02,245.29,104.31,1,60.99,41.75,Adaptive,Low Efficiency
888,2024-04-25 00:49:00,FL5659,32.39,Hazardous,Medium,Departure,T1,20,119.69,91.62,34,14,Conveyor,55.16,52.41,35,13.53,0,Clear,2586.0,1075.92,81.44,0,36.95,72.68,Adaptive,Low Efficiency
889,2024-02-23 18:49:00,FL8469,16.44,Hazardous,Medium,Arrival,T4,3,50.08,87.65,15,1,Conveyor,67.14,88.28,91,73.8,0,Storm,3819.19,752.44,60.4,0,69.03,44.78,Optimized,Low Efficiency
890,2024-11-17 15:47:00,FL3725,32.96,General,Low,Departure,T3,14,53.59,10.81,17,3,Crane,43.78,46.72,42,42.84,0,Clear,4540.59,1104.24,44.19,0,123.35,142.52,Baseline,Low Efficiency
891,2024-09-08 15:11:00,FL3634,88.06,Express,High,Arrival,T1,9,127.08,94.95,37,5,Loader,73.32,74.39,85,67.14,0,Rain,3780.99,706.06,116.61,0,108.96,32.68,Optimized,Low Efficiency
892,2024-08-05 20:05:00,FL9770,103.41,General,Low,Arrival,T2,19,166.55,62.72,42,11,Forklift,58.57,96.95,88,21.64,1,Fog,3970.49,396.44,46.93,0,63.85,90.25,Baseline,Low Efficiency
893,2024-11-04 23:20:00,FL5673,100.48,Express,Critical,Arrival,T2,40,45.45,79.64,6,3,Crane,44.29,70.23,29,43.75,0,Rain,2534.61,1101.34,38.07,1,57.81,79.7,Baseline,Low Efficiency
894,2024-07-01 02:46:00,FL3986,50.68,General,High,Departure,T3,34,173.99,114.99,27,6,Conveyor,85.19,85.96,27,65.95,1,Clear,2101.17,154.68,97.19,0,145.01,73.35,Adaptive,Low Efficiency
895,2024-11-28 15:47:00,FL3873,81.83,Hazardous,High,Departure,T1,4,71.1,98.23,24,10,Loader,79.21,81.48,38,43.54,0,Fog,2784.94,727.15,64.74,0,46.87,42.73,Adaptive,Low Efficiency
896,2024-08-07 23:57:00,FL3514,28.57,General,High,Arrival,T3,33,82.61,99.92,34,13,Conveyor,87.61,90.6,2,41.23,1,Rain,3422.87,742.11,30.16,0,53.14,36.7,Baseline,Low Efficiency
897,2024-05-25 01:34:00,FL3641,38.71,Express,Medium,Arrival,T2,43,44.59,25.87,19,3,Loader,96.35,97.81,25,72.96,0,Fog,2760.54,209.1,49.5,0,58.62,52.52,Optimized,Moderate Efficiency
898,2024-10-07 03:00:00,FL4897,108.08,Perishable,Medium,Departure,T4,37,118.53,59.79,6,6,Crane,75.15,31.56,66,14.61,1,Fog,4056.48,438.28,32.38,1,119.62,92.96,Optimized,Low Efficiency
899,2024-12-17 20:40:00,FL2915,6.5,Express,Critical,Arrival,T2,2,115.43,114.17,34,8,Forklift,87.2,31.95,38,42.76,0,Clear,1206.83,463.96,32.99,0,129.02,91.32,Baseline,Low Efficiency
900,2024-03-18 15:54:00,FL1674,14.83,Perishable,Critical,Arrival,T3,27,90.76,72.01,29,4,Conveyor,51.95,71.61,59,74.01,0,Rain,2282.85,1350.19,18.34,0,40.39,118.16,Adaptive,Low Efficiency
901,2024-06-21 17:28:00,FL6187,28.91,Hazardous,Medium,Departure,T4,45,96.17,16.8,8,8,Loader,64.62,96.8,82,76.07,0,Clear,799.29,817.7,80.97,0,67.03,52.48,Baseline,Low Efficiency
902,2024-10-04 16:49:00,FL3072,8.05,Express,Critical,Departure,T4,17,119.68,89.16,5,7,Loader,71.8,64.0,7,10.64,0,Storm,3521.47,1039.07,50.84,0,131.16,109.34,Adaptive,Low Efficiency
903,2024-09-18 09:15:00,FL8223,25.87,General,Medium,Departure,T2,49,113.36,9.94,12,11,Forklift,72.47,88.78,49,76.51,0,Rain,3906.64,176.87,16.55,1,53.9,133.5,Adaptive,Low Efficiency
904,2024-08-03 10:44:00,FL5266,72.05,Express,Medium,Departure,T4,31,79.88,90.36,18,11,Conveyor,83.1,83.75,68,1.09,0,Clear,3503.23,244.87,81.61,0,66.54,130.11,Baseline,Low Efficiency
905,2024-08-02 23:31:00,FL7056,53.46,Perishable,Medium,Arrival,T1,41,161.46,106.17,15,13,Crane,87.76,64.88,41,77.0,0,Clear,4798.2,888.72,42.65,0,87.51,75.2,Baseline,Low Efficiency
906,2024-01-16 23:25:00,FL4022,107.66,Hazardous,Low,Departure,T2,6,126.83,53.9,28,4,Crane,80.01,65.92,74,23.83,0,Storm,4694.64,1269.16,27.83,1,99.8,102.59,Optimized,Low Efficiency
907,2024-10-15 05:12:00,FL4361,99.01,General,Low,Departure,T2,31,52.87,52.57,28,3,Conveyor,42.83,60.52,51,52.04,0,Clear,1716.87,174.17,115.64,0,52.51,126.42,Adaptive,Moderate Efficiency
908,2024-07-18 20:53:00,FL1568,44.31,Express,Low,Arrival,T1,3,71.18,39.98,36,5,Forklift,61.07,47.65,92,0.87,0,Storm,1594.28,1476.86,18.23,0,90.62,31.73,Adaptive,Low Efficiency
909,2024-01-06 21:31:00,FL6192,34.83,Perishable,Medium,Arrival,T2,40,146.06,105.85,29,5,Forklift,74.35,90.11,94,65.83,0,Rain,613.95,1339.62,52.53,0,111.42,144.03,Baseline,Low Efficiency
910,2024-02-05 17:06:00,FL6633,48.66,General,Medium,Arrival,T3,3,36.72,68.0,32,14,Forklift,70.47,44.67,24,38.84,0,Storm,2761.56,1322.4,77.71,0,22.61,94.31,Optimized,Low Efficiency
911,2024-12-27 16:56:00,FL3423,72.88,Hazardous,Medium,Departure,T3,33,140.04,71.61,20,7,Loader,42.69,93.48,36,76.12,0,Storm,4375.04,112.14,119.28,0,149.91,49.54,Optimized,Low Efficiency
912,2024-07-27 09:36:00,FL7109,35.83,General,Critical,Arrival,T2,13,77.41,81.1,46,11,Loader,98.84,55.18,80,50.0,1,Clear,1208.78,668.95,19.07,0,140.58,83.37,Baseline,Low Efficiency
913,2024-06-16 13:36:00,FL8347,76.78,Hazardous,Medium,Departure,T1,21,108.27,39.53,43,1,Forklift,97.37,31.85,97,75.12,0,Fog,3170.21,1214.07,112.47,0,31.41,113.13,Adaptive,Moderate Efficiency
914,2024-09-13 13:15:00,FL9845,52.08,General,Medium,Arrival,T4,37,64.89,54.77,20,9,Conveyor,86.43,41.79,10,55.05,1,Clear,3741.65,1162.05,106.9,0,56.47,124.97,Adaptive,Moderate Efficiency
915,2024-06-08 11:22:00,FL3663,68.49,Express,Low,Departure,T1,16,177.83,90.28,40,2,Crane,43.32,92.15,21,67.13,0,Fog,2154.59,583.9,95.71,0,49.41,53.14,Optimized,Low Efficiency
916,2024-05-18 10:47:00,FL9743,55.15,Perishable,Low,Arrival,T3,21,164.93,118.33,16,9,Loader,65.81,38.99,27,67.32,0,Rain,3663.25,1328.7,21.29,0,13.09,57.91,Optimized,Low Efficiency
917,2024-07-01 12:01:00,FL5940,38.86,Express,High,Departure,T2,48,168.55,8.95,16,9,Forklift,64.59,81.71,55,22.2,0,Fog,4267.92,990.48,41.99,0,80.28,124.5,Adaptive,Low Efficiency
918,2024-04-09 14:23:00,FL2990,114.07,Express,Medium,Departure,T1,44,49.56,9.9,38,13,Loader,73.48,42.8,85,51.95,0,Storm,547.29,1491.53,39.82,0,32.15,127.52,Optimized,Low Efficiency
919,2024-03-11 18:03:00,FL1408,92.81,Hazardous,High,Arrival,T4,13,154.67,54.23,42,13,Loader,43.36,64.93,91,78.65,1,Fog,3808.53,568.61,68.77,0,29.14,106.23,Baseline,Low Efficiency
920,2024-01-29 16:57:00,FL7628,21.11,Hazardous,Low,Arrival,T4,4,105.66,80.86,24,14,Forklift,65.42,44.36,96,79.1,1,Fog,3199.28,1000.97,23.2,0,39.5,105.68,Adaptive,Low Efficiency
921,2024-08-12 22:59:00,FL9182,104.87,Hazardous,Medium,Departure,T4,31,133.26,49.43,19,3,Conveyor,85.47,53.32,5,34.62,0,Storm,4301.76,694.29,99.79,0,116.34,45.19,Optimized,Low Efficiency
922,2024-11-16 23:56:00,FL3381,61.05,Express,Low,Arrival,T4,9,54.8,119.96,26,7,Crane,99.88,38.74,99,29.24,0,Fog,1123.73,1006.58,85.04,0,28.09,143.86,Optimized,Moderate Efficiency
923,2024-01-25 07:05:00,FL8504,107.87,General,Low,Departure,T1,48,133.92,27.47,20,3,Conveyor,75.73,68.92,86,58.86,0,Fog,4131.95,463.68,104.72,0,97.99,129.03,Adaptive,Low Efficiency
924,2024-09-22 16:24:00,FL6246,96.98,General,Low,Departure,T4,33,166.28,5.91,28,8,Loader,96.44,55.61,59,70.06,1,Rain,1135.31,635.47,34.49,0,50.71,132.04,Optimized,Low Efficiency
925,2024-04-05 16:35:00,FL3556,53.9,Express,Low,Departure,T3,37,62.8,26.86,7,8,Conveyor,99.91,55.58,36,3.19,1,Rain,3131.97,1405.12,78.25,0,19.58,37.38,Optimized,Moderate Efficiency
926,2024-03-06 15:11:00,FL1070,7.58,Express,Medium,Arrival,T4,37,57.34,106.99,5,13,Conveyor,66.09,32.7,74,8.41,1,Rain,1718.98,504.68,103.61,0,146.91,147.73,Baseline,Low Efficiency
927,2024-08-02 21:25:00,FL9948,35.9,Perishable,Low,Departure,T3,24,36.71,21.69,48,3,Crane,80.12,39.53,34,70.09,0,Storm,1580.03,968.99,15.55,0,100.68,72.38,Optimized,Low Efficiency
928,2024-08-25 21:49:00,FL9313,67.29,Hazardous,Critical,Departure,T1,25,62.69,60.08,42,5,Forklift,52.79,79.53,52,39.31,1,Rain,2744.33,1386.02,70.57,0,38.51,105.46,Optimized,Low Efficiency
929,2024-10-29 13:26:00,FL6427,77.85,Hazardous,Medium,Departure,T3,41,105.73,53.22,21,7,Forklift,68.54,50.46,6,60.09,0,Rain,3907.99,773.43,89.99,0,80.87,135.82,Baseline,Low Efficiency
930,2024-05-07 21:31:00,FL5842,34.66,Express,Low,Departure,T1,29,153.23,81.56,45,1,Forklift,44.7,60.94,14,73.83,1,Storm,3403.5,1073.13,50.87,0,64.4,24.12,Adaptive,Low Efficiency
931,2024-05-26 05:08:00,FL8764,21.03,Express,Low,Arrival,T4,40,64.61,11.28,25,3,Conveyor,41.75,83.41,59,68.11,0,Storm,4948.53,1147.27,48.89,0,34.55,54.56,Baseline,Low Efficiency
932,2024-04-06 05:39:00,FL5748,101.02,General,Medium,Arrival,T2,47,119.38,80.76,49,1,Conveyor,93.58,61.13,57,72.87,0,Storm,1035.77,861.75,13.55,1,144.57,61.55,Baseline,Low Efficiency
933,2024-09-23 09:49:00,FL3409,118.21,Express,Low,Departure,T3,36,96.73,45.8,17,2,Crane,91.5,45.79,37,46.25,1,Storm,3747.92,630.47,63.87,0,130.31,118.36,Optimized,Low Efficiency
934,2024-07-17 10:45:00,FL8243,65.45,General,Critical,Arrival,T3,15,66.17,111.49,6,14,Forklift,58.72,68.49,58,14.2,0,Rain,749.62,1231.8,75.59,0,61.69,51.38,Adaptive,Low Efficiency
935,2024-04-29 19:37:00,FL6549,24.74,Express,Critical,Arrival,T2,45,101.66,102.62,6,14,Crane,67.42,86.08,83,42.62,1,Clear,2108.54,875.76,91.44,1,123.51,64.71,Baseline,Low Efficiency
936,2024-07-06 02:52:00,FL2840,36.32,Perishable,Low,Departure,T1,18,46.87,50.94,47,7,Crane,69.62,71.97,32,86.7,0,Fog,2045.76,262.59,19.5,0,36.54,63.14,Optimized,Low Efficiency
937,2024-12-16 20:54:00,FL8847,7.11,Perishable,Medium,Arrival,T1,20,122.33,119.18,29,7,Conveyor,71.24,59.41,20,27.49,1,Rain,1652.96,1324.36,55.83,0,20.51,137.68,Optimized,Low Efficiency
938,2024-08-02 21:58:00,FL1656,110.14,General,Low,Arrival,T4,5,38.51,10.97,32,3,Forklift,48.07,38.79,85,37.73,0,Clear,2895.81,516.42,38.33,0,83.73,10.48,Optimized,Low Efficiency
939,2024-09-03 15:28:00,FL3284,18.54,Hazardous,High,Arrival,T3,18,136.96,95.69,30,13,Loader,86.5,47.41,79,68.89,1,Rain,1596.35,790.82,32.76,0,64.94,29.65,Adaptive,Low Efficiency
940,2024-03-24 20:44:00,FL2914,71.3,Perishable,Medium,Arrival,T1,40,48.43,54.89,39,6,Loader,60.87,96.23,81,6.84,1,Rain,2154.07,399.33,37.02,0,19.78,139.97,Optimized,Low Efficiency
941,2024-12-07 00:41:00,FL6047,36.52,General,Low,Arrival,T4,1,179.71,54.83,32,13,Conveyor,41.9,84.03,61,68.13,0,Storm,4367.73,789.72,49.66,0,98.27,95.36,Optimized,Low Efficiency
942,2024-02-24 19:57:00,FL1406,68.73,Express,Low,Arrival,T1,19,151.79,24.57,37,6,Conveyor,80.59,36.13,57,24.68,0,Clear,1956.73,280.95,90.61,0,124.75,22.7,Optimized,Low Efficiency
943,2024-04-12 11:54:00,FL7580,79.91,Express,High,Departure,T2,23,75.01,64.21,22,2,Conveyor,89.79,30.39,52,24.06,0,Rain,4936.82,892.77,57.93,1,83.82,76.38,Adaptive,Low Efficiency
944,2024-06-13 06:54:00,FL4610,100.42,General,Medium,Arrival,T2,26,88.19,14.74,18,13,Conveyor,95.09,42.28,88,52.42,0,Fog,1742.2,831.89,16.95,1,17.55,141.16,Baseline,Low Efficiency
945,2024-10-16 09:16:00,FL8306,28.74,Hazardous,Low,Departure,T2,49,61.47,75.91,45,9,Loader,80.46,96.07,85,22.98,1,Storm,4563.52,1245.78,48.21,0,62.84,115.82,Optimized,Low Efficiency
946,2024-09-23 08:22:00,FL6855,6.26,General,High,Departure,T4,29,142.74,32.78,13,13,Forklift,51.48,70.6,48,57.7,0,Fog,2440.74,883.86,22.07,0,45.11,45.83,Adaptive,Low Efficiency
947,2024-03-06 18:09:00,FL2515,20.74,General,Medium,Departure,T3,34,80.92,88.36,48,8,Crane,75.39,88.71,79,81.8,0,Clear,4583.88,672.24,33.31,0,30.8,70.83,Baseline,Low Efficiency
948,2024-10-14 07:41:00,FL6347,108.5,Perishable,Critical,Arrival,T2,19,140.83,74.85,34,2,Loader,94.71,62.57,11,36.42,1,Rain,2420.57,752.87,24.22,0,79.89,78.7,Adaptive,Low Efficiency
949,2024-01-11 03:14:00,FL1901,105.5,General,Low,Arrival,T2,48,22.94,90.84,7,12,Forklift,61.03,87.86,30,84.92,0,Fog,3966.62,946.63,116.92,1,19.15,117.07,Baseline,Moderate Efficiency
950,2024-07-11 13:44:00,FL4197,73.7,General,High,Departure,T1,18,41.7,91.22,38,4,Conveyor,97.2,32.37,60,84.8,0,Clear,2299.99,1275.41,106.81,1,18.84,118.95,Baseline,Moderate Efficiency
951,2024-03-30 23:52:00,FL9625,74.06,Express,High,Departure,T2,2,78.4,27.62,37,9,Crane,45.86,59.88,18,18.68,1,Storm,3294.07,158.42,78.74,0,118.74,51.12,Adaptive,Low Efficiency
952,2024-11-27 03:57:00,FL4639,81.48,Perishable,Low,Departure,T3,27,37.43,5.08,31,4,Forklift,83.68,56.43,92,38.86,0,Fog,731.7,1397.23,37.56,1,69.85,111.65,Adaptive,Low Efficiency
953,2024-09-25 09:30:00,FL5553,25.17,Express,High,Arrival,T4,6,116.18,47.06,13,7,Forklift,47.19,98.71,77,89.11,0,Clear,3195.5,217.44,29.17,0,114.25,146.32,Adaptive,Low Efficiency
954,2024-07-09 21:36:00,FL4206,110.16,Express,Medium,Arrival,T2,39,28.13,110.69,17,5,Crane,87.93,51.03,74,11.56,1,Clear,1921.77,582.58,102.62,0,55.72,20.16,Optimized,Moderate Efficiency
955,2024-10-04 10:54:00,FL1369,53.16,Hazardous,Critical,Arrival,T4,6,157.56,71.46,34,10,Forklift,45.86,59.18,47,42.78,0,Fog,4983.29,570.65,18.0,0,59.02,124.14,Baseline,Low Efficiency
956,2024-09-27 11:58:00,FL2369,49.06,Hazardous,Low,Departure,T4,6,141.81,88.66,20,6,Forklift,59.54,83.12,12,38.87,1,Rain,4147.8,844.45,86.25,1,69.96,93.08,Adaptive,Low Efficiency
957,2024-03-19 21:29:00,FL9821,64.68,Perishable,High,Arrival,T3,31,54.6,106.15,46,1,Crane,86.61,91.65,50,72.9,0,Clear,858.08,596.53,42.43,0,52.63,63.29,Adaptive,Low Efficiency
958,2024-06-19 06:20:00,FL8298,10.4,Perishable,Medium,Arrival,T1,41,97.41,109.2,30,4,Crane,67.61,91.49,40,14.59,0,Fog,1392.21,406.98,63.86,0,88.27,120.56,Optimized,Low Efficiency
959,2024-12-09 07:39:00,FL2431,24.12,Hazardous,Critical,Departure,T1,40,92.29,65.84,9,5,Loader,92.96,57.62,90,19.94,0,Storm,3272.33,440.79,90.16,0,20.2,55.62,Baseline,Low Efficiency
960,2024-01-19 05:20:00,FL9385,89.87,Hazardous,Medium,Arrival,T4,30,135.98,67.21,31,6,Conveyor,64.1,96.4,64,15.8,0,Fog,1851.93,1479.41,14.0,1,88.03,56.92,Baseline,Low Efficiency
961,2024-08-26 20:19:00,FL7462,14.52,Hazardous,Critical,Departure,T2,21,84.24,102.86,19,6,Conveyor,99.7,75.75,19,15.0,0,Fog,1458.07,1271.3,29.31,0,109.92,80.06,Adaptive,Low Efficiency
962,2024-06-10 04:40:00,FL4185,74.36,Hazardous,Critical,Arrival,T4,41,25.27,97.86,32,5,Forklift,41.12,89.58,87,23.2,1,Clear,2100.62,1227.66,81.19,0,148.91,74.08,Baseline,Low Efficiency
963,2024-02-16 00:47:00,FL9035,33.22,Hazardous,Low,Departure,T1,44,63.8,85.37,7,3,Conveyor,81.76,94.84,27,47.54,0,Storm,977.93,686.98,111.17,0,99.25,28.62,Optimized,Moderate Efficiency
964,2024-12-04 01:39:00,FL6206,49.77,Express,High,Arrival,T2,18,94.59,74.51,45,11,Loader,94.95,46.35,52,63.62,0,Rain,2995.13,1410.66,38.39,0,109.25,13.53,Adaptive,Low Efficiency
965,2024-08-08 01:09:00,FL9381,38.2,Perishable,Critical,Departure,T1,23,175.92,75.98,5,2,Forklift,72.16,64.94,80,34.23,0,Fog,1773.53,187.8,26.46,0,93.33,98.57,Optimized,Low Efficiency
966,2024-10-24 07:29:00,FL1918,45.9,Express,Low,Arrival,T3,38,160.99,46.73,5,7,Conveyor,99.31,71.15,7,40.16,0,Storm,4401.54,275.44,111.73,0,143.13,56.89,Adaptive,Low Efficiency
967,2024-03-25 23:03:00,FL6915,87.69,Express,Medium,Departure,T1,23,49.02,101.71,10,1,Conveyor,82.48,86.17,63,71.32,0,Storm,647.39,445.41,105.19,1,123.37,83.27,Baseline,Moderate Efficiency
968,2024-04-11 18:46:00,FL7513,39.17,General,Medium,Departure,T2,28,135.72,76.04,15,12,Forklift,65.77,58.08,77,47.27,1,Fog,2079.24,998.37,110.08,0,96.12,38.77,Adaptive,Low Efficiency
969,2024-02-03 00:29:00,FL3423,70.14,Express,Low,Arrival,T2,36,169.89,30.71,20,12,Crane,70.92,44.73,55,53.08,1,Clear,2973.2,333.6,23.72,1,56.57,89.48,Adaptive,Low Efficiency
970,2024-01-28 02:19:00,FL8006,59.75,Hazardous,Low,Arrival,T4,25,21.41,32.58,37,5,Loader,92.65,82.03,76,46.62,0,Rain,1558.24,570.4,111.59,1,55.42,56.35,Optimized,High Efficiency
971,2024-08-09 15:09:00,FL7056,81.32,Hazardous,Low,Departure,T2,7,135.35,104.08,28,4,Forklift,97.46,71.46,91,71.08,0,Clear,758.09,348.1,73.94,0,115.46,95.51,Optimized,Low Efficiency
972,2024-12-24 17:14:00,FL7326,112.74,General,Low,Arrival,T3,18,93.49,76.96,36,7,Forklift,73.35,92.88,97,16.51,1,Rain,826.05,1219.53,83.36,0,140.0,104.76,Baseline,Low Efficiency
973,2024-03-25 13:21:00,FL7108,89.25,General,Medium,Departure,T1,20,128.84,50.85,14,2,Conveyor,58.43,75.85,31,88.31,0,Storm,1216.95,1372.86,59.95,0,147.99,10.42,Optimized,Low Efficiency
974,2024-03-11 18:33:00,FL1199,29.72,General,Low,Departure,T4,5,116.89,26.52,29,11,Crane,54.36,31.18,11,79.15,0,Storm,1723.51,1290.57,49.09,0,46.73,70.37,Adaptive,Low Efficiency
975,2024-06-19 23:25:00,FL5663,8.59,General,Critical,Arrival,T4,18,177.55,75.17,14,13,Conveyor,68.62,97.67,17,36.02,0,Clear,3675.81,138.25,22.41,1,92.87,111.64,Optimized,Low Efficiency
976,2024-04-08 18:54:00,FL6651,35.16,General,High,Arrival,T2,42,66.21,26.2,17,8,Forklift,57.78,71.52,66,37.36,0,Rain,2635.9,544.09,34.6,1,108.28,113.57,Optimized,Low Efficiency
977,2024-10-10 00:04:00,FL6756,73.43,Express,Low,Arrival,T3,40,145.78,59.07,5,9,Forklift,65.25,71.71,67,76.41,1,Fog,648.16,992.62,74.64,0,67.83,63.31,Adaptive,Low Efficiency
978,2024-11-26 07:59:00,FL6047,10.91,General,High,Departure,T4,33,57.54,82.91,39,13,Conveyor,90.07,93.65,98,40.1,1,Clear,1197.65,100.97,44.86,0,25.29,124.93,Baseline,Low Efficiency
979,2024-09-27 03:53:00,FL8300,62.08,Express,High,Departure,T3,15,89.7,70.02,18,12,Crane,68.32,76.47,32,45.73,0,Rain,2155.66,1144.9,23.17,0,50.04,101.04,Baseline,Low Efficiency
980,2024-11-01 04:46:00,FL2435,73.64,Perishable,Critical,Arrival,T3,35,176.06,111.04,25,10,Forklift,78.45,63.55,24,67.14,0,Fog,2388.98,1316.3,88.06,0,82.17,148.49,Optimized,Low Efficiency
981,2024-04-22 12:29:00,FL4533,43.44,General,Low,Departure,T1,47,142.58,9.57,42,1,Loader,45.41,37.51,88,34.92,0,Fog,784.16,208.61,68.14,1,26.1,81.75,Adaptive,Low Efficiency
982,2024-10-29 02:37:00,FL8278,93.65,General,Low,Departure,T1,46,70.53,37.18,5,5,Crane,85.73,97.35,13,40.86,1,Rain,1044.77,703.71,14.52,0,53.82,62.57,Baseline,Low Efficiency
983,2024-03-13 02:31:00,FL7809,17.26,Express,Critical,Arrival,T1,1,119.1,11.56,24,4,Forklift,68.97,35.49,22,3.34,0,Storm,1679.86,523.95,83.98,0,46.08,138.71,Optimized,Low Efficiency
984,2024-12-22 07:57:00,FL8249,13.64,Perishable,Critical,Departure,T3,21,27.95,27.38,9,5,Crane,61.66,41.92,19,11.99,0,Clear,4264.95,1425.72,104.77,0,59.62,66.49,Baseline,Moderate Efficiency
985,2024-10-24 04:20:00,FL5728,88.74,Express,High,Departure,T1,8,62.62,19.26,44,9,Crane,76.66,87.37,53,41.28,0,Fog,1441.4,554.63,95.33,1,106.16,99.65,Baseline,Moderate Efficiency
986,2024-07-22 16:48:00,FL3683,61.98,Express,High,Departure,T4,7,134.94,89.26,48,12,Loader,46.12,64.33,94,4.11,0,Storm,1520.58,913.31,111.72,0,76.67,125.61,Optimized,Low Efficiency
987,2024-01-24 19:45:00,FL7944,84.17,General,Low,Arrival,T4,41,111.21,47.48,36,3,Forklift,64.84,42.48,39,27.63,1,Rain,2725.36,112.68,47.17,1,62.67,74.49,Adaptive,Low Efficiency
988,2024-09-26 19:28:00,FL7786,55.01,Hazardous,Medium,Arrival,T2,44,95.15,111.38,5,14,Crane,88.66,50.03,21,39.35,1,Clear,4511.61,1271.24,19.69,1,48.47,71.86,Adaptive,Low Efficiency
989,2024-06-07 05:03:00,FL3286,33.34,Hazardous,Low,Departure,T3,40,130.54,7.69,49,1,Forklift,55.72,99.58,87,9.15,1,Fog,2876.84,141.0,88.55,0,106.41,50.4,Baseline,Low Efficiency
990,2024-11-18 20:40:00,FL2410,99.2,Express,Low,Arrival,T1,40,83.75,80.09,45,11,Forklift,94.85,70.88,16,5.88,1,Storm,857.11,896.92,109.22,0,104.42,144.7,Optimized,Moderate Efficiency
991,2024-11-19 19:37:00,FL3353,96.93,General,High,Departure,T4,30,24.18,116.61,44,3,Crane,76.22,58.11,7,1.47,1,Rain,1338.98,1137.0,45.09,0,72.51,142.16,Adaptive,Low Efficiency
992,2024-06-20 22:22:00,FL4404,84.89,Perishable,Low,Arrival,T3,38,90.56,25.22,49,4,Conveyor,72.45,91.34,84,43.68,1,Storm,4351.1,655.27,39.19,0,49.03,75.22,Baseline,Low Efficiency
993,2024-09-21 02:23:00,FL5968,36.3,Hazardous,Medium,Departure,T3,35,164.34,55.88,6,13,Crane,63.97,63.58,78,13.22,1,Fog,4445.41,144.33,88.63,0,123.25,55.81,Adaptive,Low Efficiency
994,2024-03-13 08:20:00,FL8776,72.88,Perishable,Critical,Departure,T1,2,157.06,85.72,35,13,Conveyor,84.52,51.56,26,61.97,0,Clear,4079.54,1361.01,90.1,0,129.3,27.89,Optimized,Low Efficiency
995,2024-09-24 11:38:00,FL9606,46.51,Hazardous,Low,Departure,T3,46,85.44,77.81,30,2,Conveyor,73.87,41.5,86,44.36,0,Clear,2938.26,612.5,101.25,0,128.46,76.89,Baseline,Low Efficiency
996,2024-09-18 04:16:00,FL6495,15.53,General,Critical,Departure,T1,8,23.56,70.09,13,1,Conveyor,87.79,82.11,90,1.7,0,Fog,2476.18,752.63,92.05,0,64.97,135.16,Baseline,Moderate Efficiency
997,2024-02-14 02:11:00,FL2083,110.49,Express,Critical,Arrival,T1,38,121.81,42.58,34,1,Conveyor,59.9,71.74,76,5.31,0,Clear,1707.0,1238.31,54.05,0,45.58,131.69,Baseline,Low Efficiency
998,2024-10-16 21:59:00,FL7156,20.73,Perishable,Medium,Departure,T1,4,138.59,88.74,12,8,Crane,82.12,36.46,31,82.6,1,Clear,2965.07,1024.94,56.53,0,128.44,26.27,Adaptive,Low Efficiency
999,2024-07-19 21:22:00,FL2449,114.28,Perishable,Low,Departure,T3,37,67.08,80.12,9,4,Conveyor,96.61,71.41,68,11.19,1,Storm,3572.69,555.52,98.51,0,147.16,78.02,Adaptive,Moderate Efficiency
1000,2024-05-18 05:08:00,FL1108,56.29,Express,Medium,Arrival,T3,21,96.27,23.72,43,12,Forklift,56.8,41.16,40,68.16,1,Rain,3196.64,856.9,39.39,0,37.11,124.18,Adaptive,Low Efficiency
1001,2024-03-29 22:53:00,FL7708,26.29,Perishable,Medium,Arrival,T1,13,178.7,115.87,8,2,Crane,98.86,98.72,27,22.16,0,Fog,1515.01,231.55,21.96,0,99.11,126.9,Adaptive,Low Efficiency
1002,2024-11-27 02:45:00,FL5478,67.32,Hazardous,Medium,Departure,T3,9,112.21,68.9,44,10,Loader,64.63,48.18,9,28.94,1,Fog,4563.97,773.64,33.97,0,56.15,140.81,Optimized,Low Efficiency
1003,2024-03-07 18:06:00,FL7791,105.39,Express,Low,Departure,T1,45,76.17,65.43,40,3,Conveyor,42.31,78.72,76,2.23,0,Storm,2256.95,699.59,65.59,0,78.02,38.44,Baseline,Low Efficiency
1004,2024-06-03 10:49:00,FL3865,89.21,Hazardous,Critical,Arrival,T2,29,120.4,102.55,25,8,Crane,61.46,75.92,93,50.05,0,Storm,4482.02,1163.92,72.75,0,90.11,68.08,Baseline,Low Efficiency
1005,2024-01-16 13:14:00,FL8571,97.75,Hazardous,Low,Departure,T3,41,48.8,78.65,37,6,Conveyor,48.98,78.39,92,42.03,1,Rain,2288.52,1220.0,17.77,0,85.41,143.62,Optimized,Low Efficiency
1006,2024-02-06 19:55:00,FL3243,80.76,General,High,Departure,T3,24,51.88,13.57,30,8,Forklift,58.26,60.1,16,67.05,0,Clear,673.05,1321.15,43.37,1,116.63,47.93,Optimized,Low Efficiency
1007,2024-08-30 20:29:00,FL4264,84.61,Hazardous,Low,Departure,T2,16,167.99,63.26,44,10,Conveyor,45.76,35.2,72,81.51,1,Fog,3820.79,1300.13,92.42,1,146.03,56.88,Baseline,Low Efficiency
1008,2024-06-26 08:40:00,FL4047,102.66,General,Medium,Departure,T2,12,58.27,94.77,43,5,Crane,50.69,98.6,13,49.29,1,Fog,4640.63,1497.69,104.87,0,22.05,41.59,Adaptive,Low Efficiency
1009,2024-04-01 16:40:00,FL7254,33.71,Perishable,Critical,Departure,T2,2,69.73,85.5,15,3,Forklift,47.6,43.41,78,85.7,0,Rain,1646.42,1090.44,24.29,1,105.68,85.42,Adaptive,Low Efficiency
1010,2024-05-29 10:13:00,FL5742,61.28,Perishable,Low,Departure,T1,19,107.0,116.64,25,6,Conveyor,42.61,83.88,60,13.33,0,Storm,2941.17,969.02,67.06,0,83.26,84.16,Baseline,Low Efficiency
1011,2024-02-19 23:02:00,FL9037,30.44,General,Low,Departure,T1,30,163.95,7.87,26,10,Loader,57.77,39.63,79,31.02,1,Storm,4134.28,306.05,26.47,0,65.53,124.4,Baseline,Low Efficiency
1012,2024-05-30 20:20:00,FL1691,118.58,Hazardous,High,Departure,T4,16,145.03,35.04,41,8,Conveyor,96.46,49.68,60,74.69,0,Clear,1944.88,755.42,89.43,0,102.7,67.79,Optimized,Low Efficiency
1013,2024-06-06 06:01:00,FL5947,113.57,Express,High,Departure,T2,24,27.01,68.15,11,14,Conveyor,96.96,69.19,9,49.8,1,Rain,1787.79,702.64,27.27,1,134.06,45.03,Optimized,Low Efficiency
1014,2024-06-18 15:56:00,FL5979,9.53,Express,High,Arrival,T4,13,130.88,76.24,46,5,Forklift,90.8,58.94,53,49.23,0,Fog,2349.79,1128.44,20.63,0,95.49,126.3,Baseline,Low Efficiency
1015,2024-08-27 05:59:00,FL9095,86.14,General,Medium,Arrival,T1,5,100.65,36.55,17,5,Conveyor,40.73,97.08,32,41.43,0,Clear,2977.59,484.55,58.48,1,124.87,100.93,Optimized,Low Efficiency
1016,2024-04-17 10:41:00,FL8593,111.4,Perishable,Low,Arrival,T3,23,96.09,100.08,24,3,Crane,41.69,89.34,86,1.68,0,Clear,2986.4,1319.19,20.42,0,51.34,31.88,Adaptive,Low Efficiency
1017,2024-01-03 01:33:00,FL4678,25.77,Perishable,Critical,Departure,T2,38,130.65,23.9,19,3,Crane,40.62,94.53,55,7.23,0,Rain,2688.6,407.74,99.77,0,71.27,89.82,Baseline,Low Efficiency
1018,2024-07-20 21:43:00,FL1439,70.31,Express,Critical,Departure,T3,31,51.4,5.1,42,13,Forklift,62.0,74.85,25,8.06,0,Clear,4191.52,777.01,100.95,0,34.4,74.38,Adaptive,Moderate Efficiency
1019,2024-04-15 08:36:00,FL1040,110.28,General,Medium,Departure,T1,17,177.04,114.53,38,12,Crane,98.82,45.32,41,17.05,0,Fog,1188.13,1422.09,66.29,0,90.16,128.41,Optimized,Low Efficiency
1020,2024-04-04 15:46:00,FL3523,8.9,Express,High,Arrival,T2,49,123.25,50.03,40,8,Loader,93.81,66.29,26,8.48,1,Fog,883.23,581.57,72.97,1,113.52,94.23,Optimized,Low Efficiency
1021,2024-07-01 12:29:00,FL5303,85.2,Hazardous,Medium,Arrival,T4,49,78.5,115.11,29,11,Conveyor,55.03,83.59,29,9.59,1,Fog,1258.53,1119.14,24.59,0,91.1,120.76,Optimized,Low Efficiency
1022,2024-05-07 01:33:00,FL5917,39.2,Hazardous,Medium,Departure,T4,3,116.03,36.96,33,1,Forklift,64.61,34.53,82,57.32,0,Storm,3668.02,569.87,40.43,0,137.68,74.89,Baseline,Low Efficiency
1023,2024-03-21 01:06:00,FL8742,111.31,General,Low,Arrival,T1,26,54.64,12.3,32,4,Crane,89.47,90.42,36,10.65,0,Clear,1153.6,820.16,23.31,0,130.31,147.26,Adaptive,Low Efficiency
1024,2024-01-19 18:32:00,FL3034,116.67,General,Medium,Arrival,T3,13,121.41,93.84,18,9,Loader,85.52,74.19,84,41.85,0,Clear,1952.72,1185.89,33.58,0,69.41,121.97,Baseline,Low Efficiency
1025,2024-04-05 23:25:00,FL5713,113.59,Hazardous,Medium,Departure,T1,44,24.51,101.12,8,6,Loader,47.96,80.65,97,5.68,0,Fog,4458.56,1240.41,53.4,0,90.12,93.8,Adaptive,Low Efficiency
1026,2024-01-11 19:42:00,FL7834,59.53,Perishable,Low,Departure,T3,38,74.59,61.59,42,6,Forklift,46.47,78.6,84,24.25,0,Storm,1131.03,1279.49,85.0,0,100.58,123.8,Optimized,Low Efficiency
1027,2024-09-17 20:44:00,FL3938,104.13,General,Medium,Arrival,T1,22,139.6,13.49,11,14,Forklift,72.62,89.34,3,83.19,0,Rain,2876.78,239.37,90.08,1,123.05,54.85,Adaptive,Low Efficiency
1028,2024-06-22 06:09:00,FL9059,102.12,Hazardous,High,Departure,T4,21,149.28,80.23,17,10,Crane,46.13,36.13,59,2.79,0,Fog,2777.18,1296.84,58.89,1,20.46,146.84,Baseline,Low Efficiency
1029,2024-08-23 18:18:00,FL5009,41.7,Hazardous,High,Arrival,T3,29,60.47,25.95,21,11,Conveyor,89.5,56.39,34,78.93,1,Rain,653.21,304.93,42.23,0,123.04,68.1,Baseline,Low Efficiency
1030,2024-01-12 11:47:00,FL1466,100.33,Perishable,High,Arrival,T1,45,106.31,102.68,33,11,Loader,55.2,65.18,6,68.36,1,Fog,1019.37,481.94,99.06,0,19.33,61.85,Adaptive,Low Efficiency
1031,2024-05-06 21:10:00,FL2955,9.26,Perishable,Critical,Arrival,T2,46,104.56,36.51,21,13,Loader,51.3,68.26,31,82.88,1,Rain,4776.77,1459.53,58.13,0,110.73,120.26,Optimized,Low Efficiency
1032,2024-07-12 05:38:00,FL5541,73.57,Perishable,Low,Departure,T4,39,87.43,102.49,40,7,Forklift,51.14,95.98,99,70.82,0,Storm,4824.62,301.91,71.66,0,75.14,98.28,Adaptive,Low Efficiency
1033,2024-02-08 03:44:00,FL9078,31.45,Perishable,Medium,Arrival,T4,5,56.55,54.1,23,11,Loader,42.71,32.97,32,74.36,1,Rain,4435.96,451.52,39.34,0,43.21,117.56,Optimized,Low Efficiency
1034,2024-04-02 07:15:00,FL2093,18.87,Express,High,Arrival,T2,14,132.52,73.6,30,7,Forklift,78.51,90.65,42,9.7,0,Clear,2443.37,570.09,17.32,0,108.98,119.14,Baseline,Low Efficiency
1035,2024-11-02 12:49:00,FL6927,13.85,Perishable,Medium,Departure,T1,18,60.38,95.8,49,6,Conveyor,49.87,68.63,57,75.2,0,Rain,3168.24,1228.67,28.1,0,131.85,99.12,Baseline,Low Efficiency
1036,2024-03-23 18:09:00,FL8872,85.07,Express,Medium,Departure,T3,4,165.76,9.65,13,9,Forklift,54.0,68.82,73,42.94,0,Storm,4208.68,549.23,88.44,0,126.02,128.23,Baseline,Low Efficiency
1037,2024-02-16 06:45:00,FL8144,44.09,General,Low,Arrival,T4,33,104.56,99.43,6,8,Conveyor,85.08,52.42,46,31.64,0,Clear,3542.65,1256.37,40.42,0,37.18,111.7,Baseline,Low Efficiency
1038,2024-12-12 19:00:00,FL5225,88.35,Hazardous,Critical,Departure,T1,39,159.28,20.94,24,12,Crane,43.45,75.05,91,13.85,0,Fog,4528.1,387.83,23.9,1,94.57,90.85,Adaptive,Low Efficiency
1039,2024-11-22 10:10:00,FL8799,12.52,Express,Medium,Departure,T2,20,66.52,46.22,27,8,Forklift,52.16,75.25,88,0.06,0,Rain,1920.83,941.43,80.62,0,102.84,116.56,Optimized,Low Efficiency
1040,2024-09-20 15:05:00,FL2959,41.26,General,Critical,Arrival,T3,13,149.13,59.37,22,2,Crane,48.96,43.25,56,57.84,1,Storm,3308.68,1443.62,62.58,1,17.33,79.7,Optimized,Low Efficiency
1041,2024-03-20 09:51:00,FL7114,67.04,General,Medium,Departure,T1,36,38.19,107.97,30,7,Conveyor,40.29,77.39,50,65.34,1,Storm,3051.67,157.43,12.56,1,55.95,77.94,Optimized,Low Efficiency
1042,2024-11-25 03:22:00,FL9397,95.93,Express,High,Arrival,T1,45,142.69,7.58,29,12,Loader,72.36,48.67,86,34.93,1,Rain,4930.68,1371.98,118.99,0,24.6,57.55,Adaptive,Low Efficiency
1043,2024-06-10 07:51:00,FL1287,41.66,General,High,Departure,T4,4,81.91,69.31,21,1,Crane,51.4,78.22,30,14.78,0,Storm,4451.35,330.78,52.05,1,68.36,128.6,Baseline,Low Efficiency
1044,2024-02-01 13:51:00,FL5252,76.98,General,High,Departure,T4,35,95.2,78.89,43,10,Forklift,77.97,72.84,36,13.01,0,Fog,1243.36,913.35,82.07,0,111.82,51.9,Baseline,Low Efficiency
1045,2024-08-07 15:22:00,FL3668,106.89,Express,Medium,Arrival,T3,8,46.69,41.41,14,8,Forklift,70.11,80.12,26,15.14,0,Storm,765.02,168.32,118.19,0,122.74,45.19,Optimized,Moderate Efficiency
1046,2024-11-29 12:52:00,FL1958,75.82,General,Medium,Arrival,T1,40,22.98,38.41,29,13,Crane,80.07,31.38,50,5.06,0,Fog,2508.81,899.82,79.8,0,116.85,40.74,Baseline,Moderate Efficiency
1047,2024-01-23 16:23:00,FL3394,31.79,Perishable,High,Departure,T2,49,126.59,61.4,32,3,Crane,98.89,38.78,2,32.37,0,Rain,2954.82,961.01,44.28,0,48.03,102.47,Baseline,Low Efficiency
1048,2024-02-14 07:00:00,FL6237,7.81,Perishable,Medium,Departure,T2,47,114.03,26.52,30,11,Crane,53.19,88.81,7,55.45,0,Storm,4054.4,1230.73,63.72,0,30.82,37.93,Adaptive,Low Efficiency
1049,2024-12-14 18:48:00,FL8553,105.06,Hazardous,Medium,Departure,T3,36,119.59,58.83,16,13,Forklift,79.95,56.65,27,40.24,0,Rain,1218.77,682.53,21.31,0,132.15,131.46,Baseline,Low Efficiency
1050,2024-10-19 10:46:00,FL3219,7.45,General,Low,Arrival,T1,6,60.8,92.98,48,9,Crane,90.02,88.57,80,11.29,0,Clear,4639.67,1382.05,28.62,0,113.95,107.73,Adaptive,Low Efficiency
1051,2024-11-06 09:40:00,FL6855,105.59,Hazardous,Critical,Departure,T4,22,58.28,102.22,23,5,Crane,97.44,34.39,49,73.45,1,Clear,3072.14,618.56,44.28,1,115.74,120.58,Adaptive,Low Efficiency
1052,2024-03-19 14:46:00,FL3675,65.83,Perishable,Low,Arrival,T1,6,152.85,49.29,27,7,Conveyor,77.34,83.86,46,25.84,1,Rain,4292.36,228.23,19.32,0,47.92,29.72,Optimized,Low Efficiency
1053,2024-12-23 00:04:00,FL1866,112.99,Perishable,High,Departure,T4,42,141.8,75.99,18,14,Crane,47.85,35.86,93,54.24,1,Rain,4264.15,641.46,22.49,0,90.1,12.1,Optimized,Low Efficiency
1054,2024-11-18 23:48:00,FL5467,96.86,Perishable,Medium,Departure,T2,36,73.89,5.0,21,7,Crane,43.23,62.78,85,22.11,0,Fog,4783.39,528.77,102.35,1,135.71,21.38,Optimized,Low Efficiency
1055,2024-02-23 12:20:00,FL6917,119.76,General,Medium,Departure,T3,9,122.05,68.29,19,9,Forklift,56.71,95.63,26,53.55,0,Fog,3464.31,725.01,37.46,0,126.78,104.8,Adaptive,Low Efficiency
1056,2024-02-28 19:54:00,FL7873,45.33,General,High,Departure,T3,16,152.5,117.15,25,2,Forklift,95.69,35.44,82,11.67,0,Clear,4027.21,379.4,45.48,0,47.43,24.46,Baseline,Low Efficiency
1057,2024-08-22 13:18:00,FL6832,93.23,Perishable,Low,Departure,T3,39,162.21,40.91,42,4,Loader,72.22,54.55,65,58.99,0,Storm,4192.37,618.48,29.09,0,143.12,76.11,Baseline,Low Efficiency
1058,2024-04-18 00:19:00,FL1798,51.22,Hazardous,Medium,Arrival,T4,46,20.93,73.4,34,12,Forklift,74.76,66.28,2,51.58,0,Clear,2606.53,1340.74,54.46,1,63.02,122.42,Baseline,Low Efficiency
1059,2024-02-17 19:52:00,FL5749,60.19,Hazardous,High,Arrival,T2,38,150.15,92.66,23,8,Forklift,76.64,92.96,78,46.74,0,Storm,2445.26,1013.44,86.76,0,90.18,60.07,Adaptive,Low Efficiency
1060,2024-04-01 21:21:00,FL5778,77.16,Express,High,Arrival,T2,33,76.06,75.03,36,5,Forklift,59.93,53.28,79,19.54,0,Fog,4759.77,377.37,113.99,0,112.39,16.59,Optimized,Low Efficiency
1061,2024-07-19 06:15:00,FL9677,105.47,Perishable,Low,Departure,T3,18,134.94,53.13,33,11,Forklift,50.9,86.49,64,47.62,1,Fog,801.37,174.02,69.27,0,45.12,133.68,Baseline,Low Efficiency
1062,2024-08-24 19:01:00,FL2258,118.17,Hazardous,Critical,Arrival,T3,12,79.42,22.55,26,5,Crane,97.25,80.27,64,80.74,0,Fog,4788.25,403.32,43.02,0,65.09,109.16,Adaptive,Low Efficiency
1063,2024-10-04 08:47:00,FL9419,93.35,Perishable,High,Arrival,T4,27,117.0,58.33,24,3,Loader,85.32,51.49,88,11.27,1,Storm,3103.17,672.83,66.08,1,140.1,14.93,Adaptive,Low Efficiency
1064,2024-08-02 17:42:00,FL4175,53.04,Hazardous,Critical,Departure,T4,47,123.49,38.9,42,5,Forklift,70.66,53.86,60,63.34,0,Fog,1826.07,613.98,24.04,1,20.61,55.43,Optimized,Low Efficiency
1065,2024-11-26 09:15:00,FL4002,53.46,Express,Medium,Departure,T1,1,84.8,85.03,42,13,Crane,62.6,43.37,89,10.23,0,Storm,3007.41,1287.88,84.49,1,12.86,62.13,Baseline,Low Efficiency
1066,2024-11-09 06:16:00,FL2548,89.82,Express,Medium,Arrival,T4,15,102.05,55.82,40,7,Forklift,68.97,78.51,9,30.43,0,Storm,3370.06,920.36,46.13,0,145.06,131.61,Baseline,Low Efficiency
1067,2024-03-13 05:16:00,FL3738,32.46,Perishable,Critical,Arrival,T1,47,136.21,102.74,5,4,Loader,42.02,69.42,15,61.54,0,Storm,998.54,1279.48,113.93,1,132.53,22.02,Baseline,Low Efficiency
1068,2024-03-24 07:31:00,FL9908,17.7,Hazardous,Critical,Arrival,T3,27,96.21,27.23,23,8,Conveyor,54.85,40.85,37,50.42,1,Storm,3514.66,1498.43,82.44,1,122.06,117.79,Baseline,Low Efficiency
1069,2024-06-05 13:48:00,FL6285,45.78,General,Medium,Arrival,T2,16,22.24,53.04,47,14,Conveyor,55.04,73.4,6,61.04,0,Fog,4561.61,506.48,62.38,0,56.69,146.38,Optimized,Low Efficiency
1070,2024-11-09 04:01:00,FL6180,38.03,Express,Low,Arrival,T4,21,22.06,69.11,30,11,Loader,66.72,64.91,43,86.7,0,Fog,4870.83,768.44,35.36,0,62.72,63.98,Baseline,Low Efficiency
1071,2024-11-24 19:29:00,FL5932,39.08,Perishable,Medium,Arrival,T2,1,125.81,19.49,11,6,Crane,54.18,36.48,45,87.26,1,Clear,3199.05,1087.77,20.11,1,135.62,13.33,Adaptive,Low Efficiency
1072,2024-06-15 09:12:00,FL5447,31.86,Perishable,Medium,Arrival,T4,29,155.56,72.61,38,6,Crane,51.13,96.76,76,82.34,0,Fog,1971.7,816.46,30.7,0,146.5,43.62,Adaptive,Low Efficiency
1073,2024-10-28 07:54:00,FL6939,9.84,Hazardous,Low,Departure,T4,3,145.64,38.46,40,6,Loader,85.93,88.43,91,44.53,1,Storm,3035.63,557.55,72.7,1,18.59,27.74,Optimized,Low Efficiency
1074,2024-09-03 19:15:00,FL2570,7.06,Perishable,Low,Arrival,T1,12,69.66,31.4,10,4,Conveyor,93.61,34.97,71,30.69,0,Rain,512.81,1242.69,67.16,0,75.55,120.46,Optimized,Moderate Efficiency
1075,2024-11-26 05:28:00,FL9755,118.59,Express,Critical,Departure,T4,28,95.38,21.32,41,14,Forklift,44.03,95.19,28,25.16,0,Storm,4636.58,1349.4,11.04,0,66.09,59.19,Adaptive,Low Efficiency
1076,2024-10-17 08:18:00,FL6761,54.19,Perishable,Low,Departure,T3,39,57.47,45.24,26,3,Conveyor,52.58,94.17,52,51.81,1,Rain,4030.88,489.53,91.85,0,113.18,135.77,Adaptive,Low Efficiency
1077,2024-10-29 21:56:00,FL3354,49.2,Perishable,High,Departure,T2,37,178.26,111.83,13,10,Forklift,86.42,32.95,76,40.82,1,Storm,1248.98,494.04,14.42,0,79.08,137.95,Adaptive,Low Efficiency
1078,2024-03-10 05:44:00,FL1211,83.16,General,Low,Arrival,T4,31,61.68,8.57,47,6,Loader,88.95,44.1,35,89.51,0,Rain,3242.15,894.43,18.58,1,21.0,61.62,Adaptive,Low Efficiency
1079,2024-08-15 14:10:00,FL3243,30.1,General,Medium,Arrival,T2,31,86.6,103.0,33,6,Loader,70.01,79.17,66,48.2,1,Rain,592.71,1242.94,88.31,0,33.42,94.66,Baseline,Low Efficiency
1080,2024-11-06 18:14:00,FL9489,114.25,Express,Low,Departure,T2,33,128.98,50.7,21,2,Loader,81.69,95.42,26,29.61,1,Clear,1472.19,827.89,81.07,0,53.04,142.18,Baseline,Low Efficiency
1081,2024-08-15 13:44:00,FL5610,95.43,Hazardous,Low,Arrival,T2,33,160.16,69.58,17,14,Conveyor,44.66,87.62,20,57.24,1,Rain,1265.05,184.07,33.7,0,120.22,22.08,Adaptive,Low Efficiency
1082,2024-07-04 14:31:00,FL7111,15.28,General,High,Arrival,T4,47,28.24,63.97,21,10,Loader,90.97,49.73,89,3.93,1,Clear,1202.67,513.01,82.91,0,118.32,118.21,Adaptive,Moderate Efficiency
1083,2024-09-29 13:23:00,FL8944,53.02,Hazardous,Critical,Departure,T1,40,68.16,111.46,14,9,Conveyor,89.96,32.34,62,9.97,0,Storm,2984.46,803.99,12.09,1,118.03,16.86,Baseline,Low Efficiency
1084,2024-04-21 03:33:00,FL7750,106.1,Express,Low,Arrival,T2,11,111.04,93.56,29,4,Crane,81.6,63.1,85,59.73,1,Storm,4839.92,1131.36,40.59,0,118.76,72.11,Optimized,Low Efficiency
1085,2024-12-11 08:25:00,FL6575,113.64,General,Medium,Departure,T2,46,118.93,118.25,22,4,Forklift,94.98,36.44,1,11.1,1,Rain,1086.52,1184.92,93.55,0,68.3,81.74,Adaptive,Low Efficiency
1086,2024-02-18 21:14:00,FL3671,58.75,Hazardous,Medium,Departure,T4,29,31.2,96.36,48,10,Forklift,42.86,47.17,92,67.99,1,Storm,4427.67,1153.23,62.22,0,96.06,86.91,Adaptive,Low Efficiency
1087,2024-03-07 10:16:00,FL2678,75.54,General,Critical,Departure,T4,25,126.25,39.03,19,13,Forklift,53.86,74.81,53,5.57,0,Fog,870.16,232.75,104.11,0,30.27,128.86,Optimized,Low Efficiency
1088,2024-03-03 03:51:00,FL4569,24.21,Express,High,Departure,T3,13,104.49,115.73,31,12,Loader,61.75,64.65,77,53.45,0,Fog,872.79,962.4,25.8,0,41.41,38.91,Baseline,Low Efficiency
1089,2024-03-08 21:18:00,FL3532,118.98,Express,Medium,Arrival,T3,44,152.42,118.11,23,11,Forklift,49.52,56.37,30,61.06,1,Fog,3326.35,695.61,104.89,0,55.3,71.75,Adaptive,Low Efficiency
1090,2024-11-10 11:35:00,FL9247,31.64,General,High,Departure,T1,19,55.55,19.16,19,12,Loader,88.89,95.1,60,70.16,0,Storm,3085.28,538.93,63.48,1,81.87,48.41,Optimized,Moderate Efficiency
1091,2024-03-11 07:35:00,FL4622,113.41,Hazardous,High,Arrival,T1,36,51.2,108.62,49,12,Conveyor,85.43,43.51,10,79.71,1,Fog,2049.03,1258.65,21.16,0,35.74,92.65,Optimized,Low Efficiency
1092,2024-09-28 08:28:00,FL4087,79.71,Perishable,Low,Arrival,T1,28,146.93,81.38,11,8,Loader,86.4,64.12,22,28.1,0,Clear,2900.25,601.73,15.13,0,132.42,88.14,Adaptive,Low Efficiency
1093,2024-04-04 17:55:00,FL9612,74.89,Perishable,Medium,Arrival,T1,4,132.62,111.03,47,3,Forklift,57.48,70.14,29,64.72,1,Storm,3897.12,355.52,10.14,1,96.98,120.26,Optimized,Low Efficiency
1094,2024-02-13 16:14:00,FL9717,63.96,General,Critical,Arrival,T2,3,146.67,110.31,44,10,Loader,85.76,52.54,69,7.27,1,Fog,3979.83,1074.03,80.08,0,85.18,34.85,Optimized,Low Efficiency
1095,2024-08-28 00:58:00,FL2867,31.53,Hazardous,High,Departure,T4,38,145.11,107.51,20,7,Loader,47.38,79.37,8,74.68,1,Storm,553.93,289.71,34.43,0,12.25,124.25,Adaptive,Low Efficiency
1096,2024-03-30 00:08:00,FL7837,25.3,Perishable,Medium,Departure,T3,37,36.64,106.81,28,7,Conveyor,46.41,90.71,53,80.12,0,Fog,851.37,511.43,26.05,0,88.73,58.79,Adaptive,Low Efficiency
1097,2024-10-26 03:24:00,FL8544,30.36,Express,Medium,Departure,T2,43,64.57,18.53,27,2,Loader,75.04,67.9,11,67.38,1,Clear,515.44,722.23,76.16,0,138.21,89.62,Optimized,Moderate Efficiency
1098,2024-09-14 11:34:00,FL2251,26.44,Hazardous,Medium,Departure,T4,25,61.61,21.5,15,3,Forklift,42.92,84.69,26,25.32,0,Rain,570.39,298.34,55.01,0,41.35,41.98,Adaptive,Low Efficiency
1099,2024-11-03 23:21:00,FL2909,94.65,Perishable,Medium,Departure,T4,41,169.53,18.54,28,12,Loader,96.32,34.27,19,5.61,0,Clear,4278.37,502.26,59.45,0,40.9,76.85,Adaptive,Low Efficiency
1100,2024-02-07 11:05:00,FL3150,45.26,Hazardous,High,Arrival,T2,35,97.99,15.47,9,14,Crane,59.73,40.76,19,37.94,1,Rain,875.99,998.25,24.74,0,138.05,33.32,Optimized,Low Efficiency
1101,2024-07-28 10:41:00,FL1284,11.65,General,Medium,Departure,T2,29,37.77,45.63,43,4,Loader,68.62,62.34,30,24.36,0,Fog,3699.53,880.37,37.85,1,126.58,105.94,Adaptive,Low Efficiency
1102,2024-08-15 12:26:00,FL8856,116.45,Hazardous,High,Arrival,T3,41,66.33,83.66,34,2,Crane,88.79,94.47,36,47.72,0,Clear,4910.15,1281.99,20.89,0,105.28,16.36,Baseline,Low Efficiency
1103,2024-09-13 01:27:00,FL6705,106.64,Perishable,Critical,Arrival,T1,29,159.5,45.79,20,14,Forklift,64.0,67.21,42,35.45,1,Rain,4194.09,297.25,46.85,0,112.65,94.15,Adaptive,Low Efficiency
1104,2024-03-16 10:33:00,FL6104,111.69,General,Low,Departure,T1,12,155.53,87.83,24,9,Crane,65.84,60.26,56,12.24,0,Clear,798.78,1309.41,43.95,0,18.29,115.15,Baseline,Low Efficiency
1105,2024-06-03 21:52:00,FL6940,119.41,Hazardous,Medium,Arrival,T3,35,164.05,99.33,33,10,Crane,60.88,72.01,9,75.3,1,Storm,4522.46,205.87,95.54,1,116.58,133.44,Optimized,Low Efficiency
1106,2024-04-22 16:06:00,FL3277,25.0,Express,Medium,Arrival,T3,20,82.16,81.61,21,11,Crane,61.1,38.71,7,77.82,0,Rain,4811.76,1140.79,118.54,0,114.24,124.47,Optimized,Low Efficiency
1107,2024-12-17 02:52:00,FL8240,50.57,Perishable,High,Departure,T1,17,122.61,58.49,23,6,Crane,68.08,75.76,18,73.18,0,Fog,3678.68,389.65,119.91,0,17.0,135.23,Adaptive,Low Efficiency
1108,2024-06-12 06:57:00,FL9570,92.2,General,Low,Departure,T2,12,64.51,38.98,30,1,Crane,96.76,36.58,9,18.93,1,Storm,3273.4,1364.33,52.45,1,120.56,96.02,Adaptive,Low Efficiency
1109,2024-03-19 19:15:00,FL6604,85.04,Hazardous,High,Departure,T1,36,48.93,19.31,19,1,Loader,96.16,70.38,6,38.56,0,Fog,3208.08,158.18,97.24,1,99.72,17.26,Optimized,Moderate Efficiency
1110,2024-09-11 22:41:00,FL3821,22.7,Express,Critical,Arrival,T4,10,23.5,61.77,29,8,Conveyor,72.71,80.01,70,15.43,0,Fog,4191.14,912.34,40.7,0,89.99,145.88,Adaptive,Low Efficiency
1111,2024-09-24 15:35:00,FL5991,98.82,Perishable,Medium,Departure,T4,18,55.75,87.75,19,11,Crane,67.36,58.81,45,59.87,1,Storm,2990.53,117.96,25.73,0,82.03,118.93,Adaptive,Low Efficiency
1112,2024-03-24 15:45:00,FL1471,30.81,Express,Critical,Departure,T3,30,116.7,68.05,24,6,Forklift,88.49,93.76,22,72.45,0,Rain,2002.0,1130.46,80.39,0,81.89,93.04,Optimized,Low Efficiency
1113,2024-07-21 20:19:00,FL2943,30.74,Hazardous,Critical,Arrival,T1,8,164.67,87.97,34,13,Forklift,80.86,40.64,81,52.34,0,Storm,4866.96,147.24,62.46,1,42.81,74.33,Optimized,Low Efficiency
1114,2024-06-13 16:24:00,FL4643,66.75,Hazardous,Low,Departure,T1,41,41.35,43.55,25,10,Loader,92.89,41.97,79,49.15,1,Fog,718.06,1118.02,75.31,0,10.43,23.65,Baseline,Moderate Efficiency
1115,2024-11-08 11:16:00,FL3108,73.19,General,Low,Arrival,T4,13,166.88,12.68,39,12,Conveyor,83.84,66.18,73,64.35,1,Clear,3494.07,1231.93,50.29,1,144.37,11.47,Baseline,Low Efficiency
1116,2024-01-20 02:49:00,FL3332,71.71,Express,Critical,Arrival,T1,31,75.26,93.68,48,7,Conveyor,97.14,95.22,70,10.22,1,Rain,3135.32,1353.74,43.23,0,74.6,70.93,Optimized,Low Efficiency
1117,2024-07-13 17:59:00,FL4712,15.52,General,Critical,Departure,T3,6,88.29,30.27,10,6,Crane,93.17,57.35,87,22.29,0,Clear,3376.17,603.18,112.06,0,16.09,146.28,Optimized,Moderate Efficiency
1118,2024-01-22 01:59:00,FL6036,105.91,Perishable,Low,Arrival,T3,7,78.4,75.87,41,2,Forklift,91.31,94.85,81,28.23,0,Rain,3389.93,859.53,107.19,0,56.36,83.6,Baseline,Moderate Efficiency
1119,2024-05-11 08:59:00,FL3053,35.54,General,Low,Arrival,T4,21,85.38,97.49,15,3,Forklift,63.49,78.54,96,47.93,0,Rain,1055.88,1126.94,23.62,0,62.23,64.92,Optimized,Low Efficiency
1120,2024-07-17 23:44:00,FL4438,19.89,Perishable,Low,Departure,T1,38,61.47,21.0,27,8,Loader,63.17,84.78,32,87.84,0,Clear,1100.8,1249.03,81.75,1,131.96,73.74,Optimized,Low Efficiency
1121,2024-08-12 23:53:00,FL3133,107.21,Hazardous,Critical,Departure,T1,43,131.78,73.83,48,4,Crane,84.47,95.65,67,77.67,0,Fog,803.18,1195.98,49.36,0,57.92,51.78,Optimized,Low Efficiency
1122,2024-09-04 10:51:00,FL2287,114.9,Hazardous,Low,Departure,T4,49,141.31,84.28,43,13,Forklift,45.02,70.06,16,22.23,1,Storm,4722.72,1286.92,72.43,0,133.1,146.74,Adaptive,Low Efficiency
1123,2024-09-12 14:34:00,FL7960,104.14,Express,Medium,Arrival,T2,28,151.7,90.85,13,8,Crane,59.33,74.92,2,20.97,0,Clear,3244.57,1356.7,32.79,1,71.96,28.65,Baseline,Low Efficiency
1124,2024-01-05 10:42:00,FL2830,98.09,Perishable,High,Arrival,T2,44,74.61,21.98,22,3,Conveyor,95.93,70.53,67,39.21,1,Fog,846.99,1010.45,89.6,0,33.37,107.32,Baseline,Moderate Efficiency
1125,2024-05-12 02:17:00,FL2273,80.35,Hazardous,Low,Departure,T1,21,142.34,99.89,40,2,Crane,67.01,84.94,41,87.72,1,Clear,2451.46,343.57,44.08,1,50.02,73.21,Baseline,Low Efficiency
1126,2024-04-14 07:30:00,FL1308,68.35,Express,High,Departure,T3,21,122.03,15.83,44,7,Crane,56.19,49.14,51,13.72,0,Storm,2116.95,1266.87,85.74,1,128.7,31.36,Optimized,Low Efficiency
1127,2024-10-18 20:12:00,FL8934,15.0,Express,Low,Departure,T2,24,173.27,64.75,40,1,Loader,68.59,85.16,14,86.12,0,Storm,1166.92,748.6,25.75,0,32.44,92.29,Optimized,Low Efficiency
1128,2024-02-20 16:05:00,FL8065,51.97,General,Critical,Arrival,T1,27,87.97,55.99,32,11,Loader,57.32,79.95,78,17.14,1,Rain,4199.08,170.9,24.71,1,96.11,93.26,Adaptive,Low Efficiency
1129,2024-04-13 07:26:00,FL1696,47.86,Express,Low,Departure,T2,27,178.77,30.5,23,3,Conveyor,86.1,72.14,94,79.78,0,Clear,3990.23,976.51,48.25,0,111.57,35.17,Baseline,Low Efficiency
1130,2024-01-23 07:46:00,FL4217,34.87,Hazardous,High,Arrival,T4,13,138.46,39.72,34,2,Conveyor,91.04,32.72,49,74.73,1,Clear,2588.34,1118.46,119.69,0,53.7,74.54,Optimized,Moderate Efficiency
1131,2024-03-07 19:34:00,FL2766,88.19,General,High,Departure,T2,29,144.2,23.91,42,5,Crane,86.96,84.22,49,79.41,0,Rain,2851.1,741.0,104.71,1,122.51,135.81,Optimized,Low Efficiency
1132,2024-06-05 15:43:00,FL1537,62.03,Perishable,Low,Arrival,T2,39,24.11,53.96,19,2,Forklift,48.94,39.27,27,80.26,0,Fog,2463.94,809.34,78.28,0,53.82,25.97,Adaptive,Low Efficiency
1133,2024-09-30 22:28:00,FL9412,14.32,Perishable,Low,Arrival,T4,28,99.58,9.08,48,10,Crane,60.16,97.34,81,19.63,1,Fog,2979.59,869.97,43.97,0,48.09,146.57,Optimized,Low Efficiency
1134,2024-11-01 17:06:00,FL1971,30.32,Hazardous,Medium,Departure,T3,37,104.53,107.23,16,5,Conveyor,52.84,35.7,39,70.08,0,Rain,3796.54,453.5,28.04,0,20.51,11.15,Baseline,Low Efficiency
1135,2024-11-26 08:02:00,FL8685,83.57,Hazardous,Low,Arrival,T1,29,26.5,23.8,6,13,Loader,42.57,80.42,73,61.39,1,Fog,4441.87,623.58,91.83,1,91.97,97.19,Baseline,Moderate Efficiency
1136,2024-09-05 05:35:00,FL2948,13.76,General,High,Arrival,T3,48,69.94,106.89,13,3,Loader,84.35,55.23,36,79.1,1,Fog,3165.44,1229.64,32.46,0,84.54,88.62,Baseline,Low Efficiency
1137,2024-04-24 14:55:00,FL5145,102.89,General,High,Departure,T3,22,172.9,104.31,39,9,Conveyor,65.7,81.5,10,44.13,0,Fog,1066.09,141.88,55.26,1,102.75,11.6,Baseline,Low Efficiency
1138,2024-09-26 11:08:00,FL1709,61.94,Hazardous,Medium,Departure,T2,36,88.18,56.94,5,10,Crane,56.6,66.33,93,37.21,1,Rain,3974.25,879.66,68.21,0,75.52,96.85,Adaptive,Low Efficiency
1139,2024-08-14 22:15:00,FL2085,60.27,Hazardous,High,Arrival,T1,30,49.87,62.24,35,9,Forklift,58.45,74.07,4,65.36,1,Storm,2175.25,144.49,20.18,0,38.79,121.55,Optimized,Low Efficiency
1140,2024-08-24 05:00:00,FL5942,73.13,Perishable,High,Arrival,T2,28,102.13,39.72,32,8,Loader,48.1,35.28,85,24.29,1,Rain,3334.45,382.29,95.73,0,24.5,18.18,Adaptive,Low Efficiency
1141,2024-03-02 20:43:00,FL1168,99.84,Perishable,High,Arrival,T4,23,25.4,119.64,49,13,Crane,89.61,97.65,2,73.8,0,Clear,1393.65,622.05,113.54,1,79.89,80.25,Adaptive,Moderate Efficiency
1142,2024-02-08 07:24:00,FL2581,45.0,Perishable,Medium,Departure,T3,33,102.56,82.14,41,5,Forklift,48.64,30.27,79,25.74,0,Clear,1235.34,361.01,26.13,0,85.22,112.21,Baseline,Low Efficiency
1143,2024-04-23 06:57:00,FL3028,82.97,Hazardous,Low,Arrival,T3,4,115.08,114.46,11,10,Conveyor,60.3,95.88,28,3.89,0,Clear,737.03,1287.92,105.43,0,140.52,121.02,Baseline,Low Efficiency
1144,2024-04-24 14:56:00,FL4365,70.06,Express,Low,Arrival,T4,3,77.23,52.7,20,11,Crane,40.44,69.78,89,49.63,0,Fog,1915.05,1318.29,63.32,0,79.25,125.19,Optimized,Low Efficiency
1145,2024-02-06 05:39:00,FL4277,35.71,Hazardous,Medium,Departure,T1,32,142.01,106.55,18,7,Forklift,66.18,48.08,26,75.24,0,Clear,3187.15,314.22,24.94,0,140.58,21.42,Baseline,Low Efficiency
1146,2024-02-29 09:44:00,FL4027,106.04,Hazardous,Medium,Departure,T3,4,41.71,56.55,37,2,Crane,61.29,74.64,73,62.14,1,Fog,1934.49,1349.27,76.86,1,98.95,102.89,Adaptive,Low Efficiency
1147,2024-07-17 03:20:00,FL6759,96.7,Perishable,Medium,Departure,T3,1,160.51,104.69,10,3,Loader,83.15,77.1,30,89.04,1,Fog,1583.96,421.99,112.33,0,31.04,110.89,Adaptive,Low Efficiency
1148,2024-11-18 15:57:00,FL1479,80.72,Hazardous,Low,Departure,T1,12,172.87,20.06,25,12,Conveyor,82.92,81.12,9,12.67,0,Fog,4976.9,116.99,115.31,0,22.04,48.47,Adaptive,Low Efficiency
1149,2024-11-04 18:11:00,FL2487,102.82,General,High,Departure,T2,13,20.2,78.24,14,11,Loader,42.32,31.15,1,31.01,1,Clear,4994.79,1131.58,89.17,0,144.62,146.53,Optimized,Low Efficiency
1150,2024-12-19 15:33:00,FL3384,104.74,Hazardous,Low,Arrival,T4,34,154.84,83.05,36,2,Loader,46.95,98.79,56,34.19,1,Clear,3222.26,825.53,64.29,1,38.53,110.56,Adaptive,Low Efficiency
1151,2024-11-17 21:16:00,FL5544,86.46,Hazardous,Low,Arrival,T1,29,100.98,80.46,10,10,Crane,94.28,73.25,56,5.23,0,Clear,1956.16,797.75,30.54,0,58.68,138.39,Optimized,Low Efficiency
1152,2024-10-28 14:23:00,FL6698,101.26,Hazardous,Medium,Arrival,T4,9,93.82,56.41,6,11,Conveyor,87.51,56.43,76,3.87,0,Fog,4377.33,103.78,75.99,0,14.96,107.17,Baseline,Low Efficiency
1153,2024-07-17 21:56:00,FL6770,85.21,Hazardous,Low,Departure,T4,31,58.19,83.65,43,1,Crane,63.37,69.95,61,2.65,1,Fog,3815.56,1469.95,77.47,1,48.48,28.21,Optimized,Low Efficiency
1154,2024-06-05 23:20:00,FL3630,83.22,Express,Medium,Departure,T3,7,91.57,32.54,31,3,Forklift,49.98,42.49,45,36.8,0,Storm,3271.72,1265.6,22.22,1,143.9,46.28,Baseline,Low Efficiency
1155,2024-03-23 21:06:00,FL9202,76.14,Hazardous,Medium,Departure,T1,13,172.07,73.52,18,4,Conveyor,55.65,47.31,13,76.03,0,Storm,4587.14,1454.42,37.92,0,22.78,69.26,Baseline,Low Efficiency
1156,2024-09-08 08:19:00,FL4962,91.56,General,Medium,Arrival,T4,2,53.73,68.74,27,12,Loader,79.48,36.0,14,63.87,1,Rain,2503.91,441.14,43.81,0,135.81,70.01,Baseline,Low Efficiency
1157,2024-11-09 01:17:00,FL9272,23.24,General,Medium,Departure,T2,33,48.65,41.61,43,9,Loader,96.73,91.55,10,40.21,0,Rain,1649.55,945.15,104.56,0,19.17,100.38,Optimized,Moderate Efficiency
1158,2024-03-21 17:56:00,FL2119,106.3,Hazardous,Low,Departure,T4,7,58.7,94.57,25,12,Loader,76.94,47.61,17,23.76,0,Fog,4851.7,1145.44,74.18,0,101.13,91.09,Optimized,Low Efficiency
1159,2024-07-25 06:05:00,FL2623,105.26,Perishable,Low,Departure,T3,18,108.29,14.3,45,2,Crane,41.59,81.78,17,1.4,1,Rain,4371.1,1224.67,36.83,0,79.35,22.01,Baseline,Low Efficiency
1160,2024-12-20 08:31:00,FL1229,8.36,Express,Critical,Arrival,T2,8,168.85,24.72,34,9,Crane,79.04,49.19,31,15.78,0,Storm,4604.29,1194.42,44.11,0,112.29,127.68,Adaptive,Low Efficiency
1161,2024-08-12 14:01:00,FL9664,99.97,Hazardous,Medium,Departure,T2,12,111.82,59.18,29,1,Crane,96.69,40.22,46,34.85,1,Storm,4631.93,901.26,26.05,1,118.88,129.47,Adaptive,Low Efficiency
1162,2024-02-03 01:43:00,FL4555,19.82,Hazardous,Medium,Departure,T1,43,58.96,107.55,28,9,Conveyor,61.52,37.57,49,33.34,0,Fog,2221.76,144.24,14.87,0,104.89,129.17,Baseline,Low Efficiency
1163,2024-06-09 13:50:00,FL4138,43.54,Hazardous,Low,Arrival,T2,30,90.47,71.14,15,6,Conveyor,96.01,90.22,90,23.34,0,Rain,4373.64,1491.57,66.07,1,37.49,40.78,Adaptive,Low Efficiency
1164,2024-10-14 19:43:00,FL5617,90.5,Perishable,Medium,Departure,T1,9,82.46,101.84,39,8,Conveyor,80.24,38.38,99,89.74,1,Fog,4501.76,260.82,13.5,1,98.83,54.64,Optimized,Low Efficiency
1165,2024-02-09 21:23:00,FL3814,23.49,Perishable,Medium,Departure,T1,28,27.45,64.52,8,3,Conveyor,51.39,36.1,75,40.26,0,Rain,2964.14,353.15,119.12,1,96.51,113.03,Baseline,Moderate Efficiency
1166,2024-01-06 14:20:00,FL9800,99.07,Perishable,Medium,Departure,T2,4,101.7,95.33,41,8,Forklift,48.72,30.65,80,24.1,1,Fog,3313.66,1254.21,94.96,1,129.06,66.78,Adaptive,Low Efficiency
1167,2024-05-28 20:33:00,FL1070,100.7,Express,High,Arrival,T1,39,40.16,42.47,40,11,Loader,50.58,55.65,93,36.64,1,Storm,3098.73,240.81,95.57,1,25.99,72.64,Adaptive,Moderate Efficiency
1168,2024-08-07 11:41:00,FL2616,63.36,General,Low,Departure,T1,17,154.76,98.74,17,9,Crane,81.95,95.99,18,25.15,0,Clear,572.12,398.69,93.0,0,94.47,93.56,Adaptive,Low Efficiency
1169,2024-06-02 19:34:00,FL4506,5.73,Express,Low,Departure,T2,11,107.83,51.19,13,7,Crane,75.37,93.61,75,31.69,0,Rain,2909.9,128.42,80.52,0,38.82,14.65,Optimized,Low Efficiency
1170,2024-04-09 22:21:00,FL9260,38.01,Perishable,High,Arrival,T3,2,155.14,69.27,32,4,Forklift,67.33,38.05,11,11.33,0,Fog,670.27,319.34,17.7,1,102.9,14.29,Optimized,Low Efficiency
1171,2024-07-05 01:31:00,FL8777,75.95,General,Critical,Arrival,T4,23,172.97,25.23,20,6,Loader,55.8,30.87,73,0.08,1,Storm,2529.83,1022.54,60.16,0,82.56,18.4,Adaptive,Low Efficiency
1172,2024-07-29 18:27:00,FL7004,117.84,General,Low,Departure,T1,22,170.91,110.85,10,6,Loader,94.43,82.57,89,44.25,0,Storm,705.59,604.75,40.69,0,36.59,41.19,Adaptive,Low Efficiency
1173,2024-08-26 22:21:00,FL4033,77.66,Perishable,Medium,Arrival,T1,26,36.07,85.67,31,2,Forklift,52.82,51.45,55,44.02,1,Storm,2549.11,289.19,42.8,1,27.25,147.4,Adaptive,Low Efficiency
1174,2024-03-28 08:52:00,FL8203,34.88,Perishable,Low,Departure,T2,12,171.17,103.77,14,2,Conveyor,57.02,88.43,96,14.13,0,Clear,1871.37,469.6,50.78,0,107.8,23.75,Adaptive,Low Efficiency
1175,2024-01-06 15:05:00,FL2758,77.91,Express,Low,Arrival,T4,32,147.32,28.9,27,11,Loader,43.3,45.08,98,74.94,0,Fog,3982.66,1155.15,45.27,0,124.51,133.75,Baseline,Low Efficiency
1176,2024-12-28 04:26:00,FL3963,67.1,Perishable,Medium,Departure,T4,9,144.43,12.78,25,5,Conveyor,56.52,64.45,3,17.26,1,Clear,2655.95,879.59,82.84,0,61.81,26.79,Adaptive,Low Efficiency
1177,2024-11-09 14:14:00,FL6813,94.68,General,Low,Departure,T1,43,34.42,43.78,30,1,Forklift,95.37,32.31,78,69.32,1,Fog,2804.43,766.46,10.82,1,97.09,113.15,Adaptive,Low Efficiency
1178,2024-05-07 22:29:00,FL7219,17.3,Hazardous,High,Departure,T2,5,48.72,64.42,49,5,Crane,51.26,92.63,89,17.12,1,Storm,4566.59,165.32,50.29,1,122.82,99.13,Baseline,Low Efficiency
1179,2024-04-04 01:41:00,FL7948,92.52,Perishable,Medium,Arrival,T3,26,176.03,97.27,7,10,Crane,52.24,42.46,16,25.31,1,Fog,2670.34,816.42,113.89,1,111.3,111.93,Baseline,Low Efficiency
1180,2024-10-03 20:36:00,FL4510,67.25,Perishable,Low,Arrival,T4,7,54.14,50.74,47,3,Crane,76.0,50.63,9,24.29,0,Storm,1203.67,774.14,38.37,0,112.12,22.13,Adaptive,Low Efficiency
1181,2024-06-16 13:28:00,FL9425,115.74,Express,Low,Departure,T3,29,47.05,36.05,39,3,Crane,74.02,63.58,68,20.66,0,Fog,1006.6,720.02,78.35,0,88.09,115.25,Adaptive,Moderate Efficiency
1182,2024-12-30 06:43:00,FL4728,44.32,Express,High,Departure,T2,33,77.98,47.84,11,8,Loader,50.56,48.99,45,85.73,0,Rain,1876.2,782.49,71.65,0,29.15,55.74,Baseline,Low Efficiency
1183,2024-09-14 21:31:00,FL7677,77.75,Perishable,Low,Departure,T3,24,166.14,85.91,31,11,Conveyor,49.26,32.81,2,23.71,1,Clear,1694.2,204.02,63.82,0,142.55,45.25,Optimized,Low Efficiency
1184,2024-02-22 11:36:00,FL2848,112.18,General,High,Departure,T2,25,96.19,43.67,46,3,Crane,47.02,32.04,89,43.65,1,Clear,4183.23,1406.22,23.44,0,52.98,97.44,Optimized,Low Efficiency
1185,2024-10-16 03:19:00,FL6149,16.79,General,Medium,Arrival,T1,31,167.29,117.6,37,3,Crane,91.67,96.86,22,66.17,0,Clear,3914.98,528.59,101.94,0,26.02,24.1,Optimized,Low Efficiency
1186,2024-01-31 19:17:00,FL3025,112.78,Hazardous,Medium,Arrival,T3,29,73.49,25.12,8,1,Crane,79.27,52.78,69,28.72,1,Rain,763.81,1013.52,72.4,1,130.92,43.78,Baseline,Low Efficiency
1187,2024-11-13 15:29:00,FL8633,84.11,Perishable,Medium,Departure,T1,5,56.24,91.61,30,14,Forklift,97.21,53.41,49,1.05,1,Rain,1404.5,602.58,69.25,1,133.56,87.39,Adaptive,Low Efficiency
1188,2024-01-14 15:31:00,FL2807,12.8,Express,Low,Arrival,T1,38,99.23,72.75,12,8,Loader,49.95,94.6,21,68.55,1,Storm,2519.71,559.11,114.41,1,132.67,119.16,Optimized,Low Efficiency
1189,2024-11-30 18:47:00,FL9515,39.61,General,Low,Arrival,T2,45,118.48,31.81,24,13,Forklift,67.64,88.53,74,25.56,1,Storm,892.39,1115.0,19.11,0,82.31,131.65,Optimized,Low Efficiency
1190,2024-02-26 16:44:00,FL3226,86.44,Hazardous,Low,Arrival,T3,11,82.64,91.67,21,14,Conveyor,84.58,78.09,87,78.59,1,Clear,1247.98,686.28,64.07,0,53.28,69.7,Adaptive,Low Efficiency
1191,2024-08-15 23:07:00,FL9123,12.75,Perishable,Medium,Departure,T4,32,75.36,56.47,9,10,Crane,52.81,76.1,91,44.2,0,Rain,4588.0,962.22,87.66,0,123.65,146.64,Baseline,Low Efficiency
1192,2024-11-08 14:17:00,FL6918,71.95,General,High,Departure,T3,8,54.89,83.48,13,10,Loader,81.08,86.08,94,56.2,0,Rain,2935.38,483.91,97.69,0,139.86,118.31,Optimized,Moderate Efficiency
1193,2024-10-21 11:48:00,FL5723,44.78,Perishable,Low,Arrival,T4,20,64.0,81.16,12,6,Loader,68.43,41.82,55,85.59,0,Clear,4084.91,471.65,10.1,0,11.44,66.35,Optimized,Low Efficiency
1194,2024-10-31 03:43:00,FL1665,76.41,Perishable,Low,Arrival,T1,34,127.7,17.72,11,11,Loader,65.85,76.5,4,78.3,0,Fog,1987.47,378.69,85.04,0,136.8,64.81,Adaptive,Low Efficiency
1195,2024-07-29 19:38:00,FL2347,10.26,General,Medium,Departure,T1,47,79.18,101.6,41,8,Forklift,78.7,36.89,58,71.34,0,Storm,2186.55,521.28,115.13,1,43.08,71.58,Adaptive,Moderate Efficiency
1196,2024-03-24 20:48:00,FL6375,105.23,General,High,Departure,T2,42,32.76,83.37,40,3,Forklift,68.06,38.86,70,47.77,0,Storm,4362.59,190.86,90.33,1,121.26,114.61,Baseline,Moderate Efficiency
1197,2024-10-21 22:27:00,FL9088,116.95,General,Critical,Departure,T4,8,42.1,94.77,7,14,Forklift,89.2,46.99,59,15.24,0,Fog,3457.31,208.92,56.09,0,123.45,54.77,Adaptive,Low Efficiency
1198,2024-01-16 04:29:00,FL2895,116.42,Perishable,Medium,Arrival,T3,2,79.58,56.49,12,11,Forklift,95.83,79.69,26,75.69,0,Clear,3552.72,1294.07,106.36,0,88.65,24.31,Baseline,Moderate Efficiency
1199,2024-08-24 11:44:00,FL7304,91.21,Perishable,Medium,Arrival,T2,21,167.92,27.43,9,6,Conveyor,75.33,92.48,74,8.46,0,Rain,3375.23,491.82,106.65,0,71.26,88.8,Baseline,Low Efficiency
1200,2024-05-05 03:42:00,FL5646,19.96,Hazardous,Medium,Arrival,T2,15,80.64,42.51,9,12,Crane,58.04,78.36,69,79.87,0,Storm,2935.1,853.67,85.7,0,41.45,96.36,Adaptive,Low Efficiency
1201,2024-12-01 00:46:00,FL8486,92.2,Express,Critical,Departure,T2,6,29.7,108.67,21,2,Crane,86.63,59.16,39,68.96,0,Rain,4960.08,795.0,83.27,1,43.61,141.65,Optimized,Moderate Efficiency
1202,2024-09-20 11:50:00,FL6111,7.83,Perishable,High,Departure,T3,5,86.88,112.87,31,3,Forklift,50.23,65.96,1,72.31,0,Clear,4523.94,987.87,47.88,0,79.66,28.84,Optimized,Low Efficiency
1203,2024-03-05 04:10:00,FL8273,7.54,Express,Medium,Departure,T2,3,127.01,60.41,44,13,Forklift,45.7,79.86,57,33.95,0,Clear,3699.06,1007.12,36.68,1,29.96,84.68,Optimized,Low Efficiency
1204,2024-11-14 00:05:00,FL4700,42.22,General,Low,Departure,T3,43,114.98,39.36,43,4,Forklift,71.12,72.93,98,7.65,1,Storm,3551.71,613.5,79.28,0,104.74,40.29,Adaptive,Low Efficiency
1205,2024-03-18 02:05:00,FL7672,61.19,Perishable,Low,Departure,T2,43,64.61,88.99,16,9,Conveyor,78.8,67.06,48,65.43,0,Clear,879.19,286.8,10.87,1,14.44,115.87,Baseline,Low Efficiency
1206,2024-06-26 04:15:00,FL5761,93.6,Hazardous,Medium,Arrival,T4,16,130.09,93.09,32,12,Conveyor,90.1,46.58,72,88.03,0,Clear,2683.33,348.38,102.73,0,13.75,59.53,Baseline,Low Efficiency
1207,2024-11-13 05:59:00,FL8011,83.58,Hazardous,High,Arrival,T1,35,120.9,98.78,8,4,Loader,97.31,73.19,21,77.26,0,Rain,2732.03,603.05,109.3,0,81.42,99.31,Adaptive,Low Efficiency
1208,2024-10-18 14:22:00,FL4093,56.28,Express,Medium,Arrival,T4,9,47.55,8.57,32,7,Crane,92.4,31.31,31,75.72,0,Fog,733.73,884.15,28.04,1,47.23,34.14,Adaptive,Low Efficiency
1209,2024-02-27 06:27:00,FL2140,36.47,General,Low,Departure,T4,35,45.94,6.12,29,12,Forklift,99.32,69.2,58,56.91,0,Clear,3900.21,959.95,72.98,0,76.84,91.35,Adaptive,Moderate Efficiency
1210,2024-10-15 04:31:00,FL8793,119.67,Express,High,Arrival,T2,19,107.55,46.07,40,8,Loader,68.54,87.45,47,10.46,0,Storm,508.85,1405.3,29.61,0,88.08,12.14,Adaptive,Low Efficiency
1211,2024-08-13 22:26:00,FL7020,54.01,General,High,Departure,T4,43,125.51,22.54,46,5,Crane,58.99,42.58,23,77.69,1,Storm,2413.44,527.31,64.4,0,53.58,127.7,Optimized,Low Efficiency
1212,2024-09-04 05:25:00,FL3937,56.91,Hazardous,Low,Arrival,T4,46,173.91,97.57,7,2,Loader,67.58,37.99,75,19.98,0,Rain,4564.63,253.01,80.23,0,133.07,92.66,Optimized,Low Efficiency
1213,2024-06-10 08:15:00,FL1209,23.82,Express,High,Arrival,T4,34,87.51,66.28,35,11,Conveyor,78.65,97.92,80,23.8,1,Clear,2031.61,852.72,52.96,0,79.46,40.87,Optimized,Low Efficiency
1214,2024-08-30 12:47:00,FL9055,96.4,Hazardous,Medium,Departure,T2,39,142.39,99.92,41,8,Conveyor,70.44,89.04,91,68.03,1,Fog,3121.91,193.24,108.43,0,125.12,56.84,Optimized,Low Efficiency
1215,2024-05-02 10:19:00,FL2723,84.77,Hazardous,Critical,Arrival,T3,10,38.64,25.35,16,5,Loader,78.05,51.14,7,64.52,0,Clear,1885.8,331.87,108.03,0,135.01,31.0,Baseline,Moderate Efficiency
1216,2024-02-25 14:49:00,FL7494,30.39,General,High,Arrival,T1,10,162.34,77.13,41,5,Loader,93.2,44.6,49,6.53,0,Storm,1305.42,875.79,68.38,0,134.5,104.22,Optimized,Low Efficiency
1217,2024-03-24 00:45:00,FL8177,14.47,Express,Medium,Arrival,T1,20,121.3,71.72,41,7,Crane,49.95,53.38,88,22.68,0,Rain,3785.09,1394.26,73.85,0,19.2,62.45,Adaptive,Low Efficiency
1218,2024-05-21 04:42:00,FL9563,83.26,Express,High,Arrival,T3,1,120.64,44.14,8,6,Forklift,47.22,60.19,96,73.59,0,Clear,1420.57,373.77,10.3,1,16.29,143.61,Adaptive,Low Efficiency
1219,2024-09-11 09:46:00,FL2392,80.27,Hazardous,Critical,Arrival,T3,6,42.79,64.46,34,3,Crane,69.91,87.48,99,85.46,0,Fog,824.87,607.5,47.17,0,92.88,135.26,Adaptive,Low Efficiency
1220,2024-09-12 15:54:00,FL2953,36.42,Hazardous,Medium,Arrival,T4,46,26.33,72.74,42,14,Crane,98.91,46.74,31,23.97,0,Rain,2458.09,720.0,93.69,0,67.41,123.98,Optimized,Moderate Efficiency
1221,2024-04-17 13:04:00,FL3348,114.35,General,Medium,Arrival,T1,2,132.23,107.29,46,14,Conveyor,43.54,80.46,47,68.46,1,Rain,3689.94,1434.9,119.35,0,118.04,47.09,Optimized,Low Efficiency
1222,2024-06-21 01:05:00,FL7468,22.37,Perishable,High,Departure,T3,38,38.73,11.4,42,7,Conveyor,99.19,95.05,93,45.51,1,Storm,3110.03,1129.86,113.98,1,143.51,50.8,Adaptive,High Efficiency
1223,2024-03-15 20:38:00,FL7563,54.72,Perishable,Low,Arrival,T4,33,40.32,99.69,31,12,Loader,98.06,56.57,68,34.21,1,Storm,1599.82,565.01,20.4,0,19.44,67.24,Adaptive,Low Efficiency
1224,2024-04-16 15:17:00,FL2666,113.52,Hazardous,Medium,Departure,T1,3,50.0,117.72,26,14,Conveyor,57.56,31.82,35,80.83,0,Fog,4179.89,479.91,55.89,1,98.27,138.56,Optimized,Low Efficiency
1225,2024-07-05 09:22:00,FL3764,53.27,Perishable,Critical,Arrival,T2,36,35.64,89.15,5,1,Crane,93.46,87.93,75,49.34,0,Storm,936.91,825.91,16.01,0,94.64,76.32,Baseline,Low Efficiency
1226,2024-05-23 15:34:00,FL2060,78.43,Perishable,High,Departure,T2,13,120.06,89.79,47,4,Loader,40.47,79.59,34,62.26,1,Clear,3516.43,633.93,102.12,0,131.64,23.41,Adaptive,Low Efficiency
1227,2024-05-06 08:06:00,FL6959,50.72,Perishable,Medium,Departure,T1,35,87.52,30.07,42,4,Loader,67.24,40.43,58,53.32,1,Clear,3230.05,963.52,90.31,0,53.92,42.66,Optimized,Low Efficiency
1228,2024-04-21 07:35:00,FL4261,36.53,Perishable,Low,Arrival,T1,15,62.58,65.15,24,6,Conveyor,64.13,71.78,15,57.92,0,Rain,4545.15,848.66,111.39,1,82.19,16.67,Adaptive,Moderate Efficiency
1229,2024-02-24 20:53:00,FL6548,118.16,Hazardous,Medium,Departure,T2,45,90.52,86.18,22,6,Forklift,94.16,87.74,78,46.56,1,Fog,2871.17,147.27,65.19,0,141.7,18.05,Optimized,Low Efficiency
1230,2024-05-08 23:51:00,FL4281,52.07,Perishable,Low,Departure,T2,22,155.06,74.26,10,10,Conveyor,68.34,42.67,85,48.01,1,Storm,4185.43,204.27,21.36,0,149.38,139.2,Optimized,Low Efficiency
1231,2024-12-25 19:19:00,FL7623,107.82,Perishable,Low,Arrival,T1,43,168.33,49.29,16,8,Loader,65.08,45.6,71,76.7,0,Rain,1468.83,287.67,74.24,0,89.45,96.38,Baseline,Low Efficiency
1232,2024-12-03 20:10:00,FL3011,31.44,General,High,Departure,T4,4,98.0,113.11,21,12,Loader,78.38,44.12,81,27.24,1,Rain,2953.92,1011.05,105.39,0,39.1,24.18,Baseline,Low Efficiency
1233,2024-11-22 21:11:00,FL4815,29.51,Hazardous,Low,Arrival,T3,17,110.68,64.11,26,1,Forklift,62.55,99.83,42,66.27,1,Fog,2896.83,1468.15,15.51,0,121.09,91.72,Baseline,Low Efficiency
1234,2024-08-23 08:28:00,FL7958,8.58,Express,Medium,Departure,T3,5,61.15,116.54,22,13,Crane,72.19,46.07,18,24.17,0,Storm,1828.99,733.67,99.63,0,62.52,145.99,Baseline,Low Efficiency
1235,2024-08-18 04:55:00,FL9177,79.94,Express,Medium,Departure,T1,21,102.18,69.85,14,7,Loader,97.33,48.68,78,6.37,1,Fog,522.89,309.15,78.6,1,137.73,12.13,Adaptive,Low Efficiency
1236,2024-04-19 22:10:00,FL5563,47.38,General,Critical,Departure,T3,24,139.7,96.24,28,14,Forklift,52.16,33.35,38,81.29,1,Fog,3849.12,954.06,24.54,0,121.37,114.31,Baseline,Low Efficiency
1237,2024-11-16 05:24:00,FL5472,104.4,General,Medium,Departure,T2,31,98.74,90.33,24,4,Crane,67.53,98.83,64,36.96,1,Storm,2285.03,975.57,82.51,0,141.57,34.69,Baseline,Low Efficiency
1238,2024-02-19 17:23:00,FL7557,59.42,Hazardous,Low,Arrival,T2,40,68.33,80.99,16,13,Conveyor,40.92,47.27,29,61.49,0,Clear,1850.42,1158.06,16.83,1,40.08,62.79,Adaptive,Low Efficiency
1239,2024-12-07 10:59:00,FL6834,116.34,Express,Low,Arrival,T3,30,113.13,6.66,8,6,Forklift,90.53,80.77,10,68.21,0,Rain,1373.41,1093.76,29.19,0,68.16,25.97,Baseline,Low Efficiency
1240,2024-11-18 00:08:00,FL8795,26.34,Perishable,Medium,Arrival,T1,42,171.46,13.9,46,10,Crane,45.52,31.85,17,71.73,1,Rain,4332.73,1062.98,16.42,0,44.96,10.9,Baseline,Low Efficiency
1241,2024-08-08 12:10:00,FL7626,104.89,General,Medium,Arrival,T2,7,162.08,71.87,9,14,Loader,45.69,84.84,32,20.37,1,Clear,2002.44,1114.78,74.28,0,141.68,24.06,Adaptive,Low Efficiency
1242,2024-07-19 00:16:00,FL8938,94.31,Express,Medium,Arrival,T4,49,143.08,109.85,30,9,Loader,92.97,82.54,61,59.01,0,Fog,1417.78,1246.92,41.65,1,112.84,90.19,Optimized,Low Efficiency
1243,2024-02-10 21:40:00,FL9379,93.66,Hazardous,Medium,Departure,T4,7,64.19,74.13,40,3,Forklift,64.56,35.89,84,68.42,0,Clear,2855.55,1353.64,41.73,0,13.44,136.15,Adaptive,Low Efficiency
1244,2024-09-13 06:38:00,FL5569,102.15,Perishable,Low,Arrival,T2,27,58.65,32.14,20,8,Conveyor,81.24,38.58,81,10.78,1,Rain,4018.32,104.77,81.11,0,49.12,13.02,Optimized,Moderate Efficiency
1245,2024-02-24 00:34:00,FL3414,92.52,Hazardous,Medium,Departure,T2,24,154.17,41.83,9,3,Forklift,91.47,50.66,46,12.72,0,Storm,3211.09,1032.71,22.1,0,113.26,18.8,Optimized,Low Efficiency
1246,2024-08-14 00:46:00,FL8448,77.02,General,Medium,Arrival,T3,19,49.01,76.66,30,6,Loader,62.47,54.83,71,32.75,0,Storm,4820.87,1417.7,79.65,0,105.36,32.8,Adaptive,Low Efficiency
1247,2024-12-02 05:32:00,FL2770,20.09,Express,Low,Arrival,T1,41,116.9,73.66,23,2,Crane,55.69,84.84,56,27.15,0,Clear,4805.46,1161.02,86.77,1,15.29,146.23,Adaptive,Low Efficiency
1248,2024-11-25 01:46:00,FL3001,8.74,Express,Low,Arrival,T3,34,90.23,114.91,10,9,Conveyor,50.17,34.28,61,71.75,1,Rain,4560.68,213.92,104.32,0,63.94,33.83,Baseline,Low Efficiency
1249,2024-01-28 09:14:00,FL5107,110.9,Express,Low,Arrival,T1,22,94.88,65.84,28,14,Crane,76.43,75.52,44,57.84,0,Clear,3043.19,1130.84,83.86,1,121.12,75.72,Baseline,Low Efficiency
1250,2024-02-11 10:13:00,FL9017,75.91,Express,Low,Departure,T4,27,92.73,45.83,35,13,Forklift,55.14,46.0,94,44.82,0,Clear,3957.22,453.63,81.88,0,57.46,15.86,Adaptive,Low Efficiency
1251,2024-09-25 12:09:00,FL9147,96.6,Perishable,High,Arrival,T4,6,163.99,65.37,35,2,Forklift,78.06,56.77,38,9.58,0,Rain,1798.26,357.68,82.22,0,43.61,129.1,Baseline,Low Efficiency
1252,2024-07-28 01:02:00,FL4781,60.38,Perishable,Low,Departure,T1,10,33.94,95.42,11,12,Crane,59.03,30.15,50,10.13,0,Storm,3089.12,384.48,14.53,0,109.43,142.66,Baseline,Low Efficiency
1253,2024-02-25 20:58:00,FL3205,18.49,Hazardous,Low,Departure,T3,45,145.26,67.14,14,5,Crane,60.87,50.38,74,46.53,0,Rain,799.22,1460.99,58.59,0,101.43,115.87,Adaptive,Low Efficiency
1254,2024-03-06 18:02:00,FL1486,19.4,Perishable,Low,Arrival,T2,31,153.6,42.5,43,6,Crane,54.95,41.99,32,79.46,0,Clear,1685.44,1022.76,70.63,0,13.54,88.86,Optimized,Low Efficiency
1255,2024-10-06 23:19:00,FL2631,83.84,General,Critical,Departure,T1,25,170.86,43.94,26,4,Forklift,65.11,65.28,90,69.76,0,Clear,1964.04,1469.0,83.16,1,136.82,44.84,Optimized,Low Efficiency
1256,2024-12-02 22:28:00,FL1865,54.49,General,Critical,Departure,T3,2,92.42,92.03,18,12,Crane,49.73,41.07,53,79.34,1,Storm,2125.59,1286.07,42.03,1,78.11,35.04,Optimized,Low Efficiency
1257,2024-01-30 20:55:00,FL2117,28.06,Express,Low,Arrival,T4,10,100.01,12.64,32,7,Loader,59.18,88.51,48,50.86,0,Clear,1224.57,1394.85,84.57,1,130.04,82.18,Adaptive,Low Efficiency
1258,2024-11-23 11:39:00,FL9161,61.53,General,Medium,Departure,T2,10,173.81,36.6,46,13,Crane,86.67,91.8,81,19.92,0,Clear,874.69,876.91,53.54,0,64.7,50.68,Optimized,Low Efficiency
1259,2024-05-17 01:43:00,FL1438,12.38,Hazardous,Low,Arrival,T4,26,93.35,22.6,26,7,Loader,52.94,89.17,1,2.86,1,Storm,3102.67,588.24,88.69,1,62.55,103.86,Optimized,Low Efficiency
1260,2024-08-22 03:05:00,FL3934,71.93,Perishable,Medium,Arrival,T1,5,100.57,113.64,36,12,Loader,96.83,98.73,90,84.62,0,Rain,2710.95,1133.95,30.35,0,27.09,47.11,Adaptive,Low Efficiency
1261,2024-12-12 08:13:00,FL7269,35.93,Perishable,Low,Departure,T4,22,73.16,15.36,15,7,Crane,69.58,94.03,30,42.77,1,Fog,3130.4,125.29,43.52,1,121.7,33.83,Optimized,Low Efficiency
1262,2024-04-19 20:29:00,FL6356,96.72,Perishable,High,Departure,T4,4,25.06,92.19,18,11,Conveyor,46.42,49.59,9,77.31,0,Rain,1081.87,1001.25,114.46,0,10.58,91.42,Optimized,Moderate Efficiency
1263,2024-02-15 01:19:00,FL3502,40.69,General,Medium,Departure,T1,34,89.29,77.5,35,7,Conveyor,96.58,52.01,33,65.97,0,Fog,4764.61,1439.08,93.37,0,50.54,116.52,Baseline,Low Efficiency
1264,2024-11-24 01:27:00,FL5960,57.35,Perishable,Critical,Departure,T2,7,124.81,77.77,48,13,Conveyor,67.4,67.29,26,74.9,1,Rain,2360.09,1284.21,108.85,0,20.17,20.33,Optimized,Low Efficiency
1265,2024-03-16 08:49:00,FL2578,6.34,Express,Low,Departure,T1,17,130.39,92.79,8,10,Loader,73.42,56.95,42,18.96,0,Storm,2522.63,365.25,32.02,0,109.68,96.68,Baseline,Low Efficiency
1266,2024-09-07 02:00:00,FL2253,13.33,Express,High,Departure,T3,11,21.04,51.06,49,11,Conveyor,51.11,97.89,74,61.15,1,Storm,2961.35,279.26,113.72,0,110.34,124.17,Optimized,Moderate Efficiency
1267,2024-03-02 09:45:00,FL9518,50.14,Express,High,Departure,T1,8,148.17,51.09,26,10,Conveyor,60.0,53.77,42,65.04,0,Storm,3605.57,1257.07,91.86,0,53.9,10.89,Optimized,Low Efficiency
1268,2024-05-05 15:41:00,FL9064,60.19,General,Low,Arrival,T1,28,98.79,38.2,33,9,Crane,82.22,81.81,96,49.74,0,Fog,2231.86,174.75,74.96,0,108.31,41.35,Baseline,Low Efficiency
1269,2024-01-29 12:03:00,FL8635,74.0,Perishable,Medium,Arrival,T2,44,103.32,73.74,39,2,Forklift,47.44,70.28,39,75.17,0,Rain,1144.18,1493.43,11.4,0,44.77,51.8,Optimized,Low Efficiency
1270,2024-06-29 09:38:00,FL4308,38.54,General,Low,Arrival,T3,33,173.88,111.93,17,5,Loader,74.23,96.95,61,88.94,1,Storm,4024.04,754.36,15.71,0,53.95,11.97,Baseline,Low Efficiency
1271,2024-11-14 18:22:00,FL5809,84.92,Perishable,Low,Departure,T4,25,65.51,111.26,24,10,Forklift,81.61,82.12,47,0.95,1,Fog,1672.51,1398.63,94.97,0,122.99,104.92,Baseline,Low Efficiency
1272,2024-11-15 23:27:00,FL9157,103.91,Hazardous,Low,Departure,T4,21,141.86,85.84,23,9,Loader,40.11,51.26,42,40.95,1,Storm,2492.9,1235.79,83.59,1,113.49,68.71,Adaptive,Low Efficiency
1273,2024-04-25 14:17:00,FL9032,94.68,Hazardous,Medium,Departure,T4,12,111.96,109.21,19,12,Loader,90.25,43.79,48,67.85,1,Clear,3345.48,1076.32,33.5,1,118.35,100.63,Optimized,Low Efficiency
1274,2024-09-21 23:34:00,FL9270,9.56,General,Medium,Arrival,T4,26,132.13,115.8,30,13,Conveyor,43.38,89.82,52,65.31,0,Clear,4844.15,388.06,58.54,0,25.78,66.69,Adaptive,Low Efficiency
1275,2024-09-28 12:03:00,FL5287,60.26,Express,Critical,Arrival,T2,29,86.85,96.44,24,14,Crane,54.82,93.77,33,42.11,1,Storm,651.13,219.91,82.16,0,28.57,34.35,Baseline,Low Efficiency
1276,2024-07-24 23:55:00,FL9887,17.07,General,Low,Arrival,T3,38,64.67,51.9,40,11,Forklift,97.81,88.18,27,75.79,0,Fog,2834.91,1017.93,11.68,0,52.45,82.21,Optimized,Low Efficiency
1277,2024-10-09 02:35:00,FL6629,32.84,Express,Critical,Departure,T2,35,107.38,60.57,10,11,Forklift,44.86,81.62,43,60.75,0,Clear,4712.56,365.64,84.49,0,24.48,111.26,Optimized,Low Efficiency
1278,2024-10-24 15:45:00,FL9856,118.47,Perishable,Low,Arrival,T1,37,79.99,112.09,19,2,Conveyor,89.56,52.52,29,49.35,0,Storm,1648.16,1260.2,54.17,0,82.98,31.66,Baseline,Low Efficiency
1279,2024-09-03 09:23:00,FL9955,21.39,Express,High,Arrival,T3,46,55.67,82.05,8,3,Forklift,79.12,65.38,19,24.56,1,Storm,1005.35,193.93,20.44,0,84.33,59.52,Baseline,Low Efficiency
1280,2024-02-08 03:09:00,FL1289,62.37,Express,Medium,Departure,T3,44,154.28,99.38,10,7,Forklift,75.9,94.1,82,33.06,0,Fog,3185.78,833.4,27.99,0,58.66,112.82,Optimized,Low Efficiency
1281,2024-08-31 16:25:00,FL1517,76.09,Perishable,Low,Arrival,T4,45,96.13,18.35,6,9,Loader,74.9,39.44,99,89.01,1,Fog,1184.87,690.87,56.93,0,68.05,101.89,Optimized,Low Efficiency
1282,2024-02-17 23:53:00,FL8051,85.78,Hazardous,Critical,Arrival,T4,45,155.57,27.3,40,14,Crane,49.99,64.64,28,81.55,0,Clear,4454.92,1394.81,78.9,1,23.91,149.94,Adaptive,Low Efficiency
1283,2024-08-28 01:45:00,FL2951,69.36,Perishable,Medium,Arrival,T4,29,95.85,44.57,19,3,Crane,80.13,54.89,10,62.61,1,Storm,3754.27,1357.9,47.88,1,105.04,34.29,Optimized,Low Efficiency
1284,2024-03-09 19:36:00,FL7285,6.12,General,High,Departure,T4,49,109.09,26.65,16,10,Forklift,97.1,77.42,67,77.3,1,Clear,1044.61,1108.42,22.11,1,47.08,58.17,Baseline,Low Efficiency
1285,2024-10-08 11:41:00,FL8374,42.54,General,Medium,Arrival,T1,24,179.24,109.24,44,8,Forklift,44.62,74.38,93,12.24,0,Rain,3098.52,1157.44,100.9,0,118.81,37.73,Adaptive,Low Efficiency
1286,2024-07-25 21:49:00,FL6153,64.54,General,Medium,Departure,T4,15,172.24,29.94,48,11,Loader,59.94,69.2,16,24.08,0,Storm,622.02,1089.14,65.03,0,117.94,44.18,Adaptive,Low Efficiency
1287,2024-07-02 11:56:00,FL7165,15.1,General,Medium,Departure,T2,6,63.47,69.08,45,8,Conveyor,68.34,49.57,1,79.66,0,Fog,4303.26,1044.72,41.12,0,92.77,37.4,Baseline,Low Efficiency
1288,2024-04-19 11:57:00,FL8250,45.32,General,High,Arrival,T3,32,158.98,14.83,11,12,Loader,53.94,41.17,82,42.38,0,Rain,1424.47,1495.72,85.16,1,71.46,148.47,Optimized,Low Efficiency
1289,2024-08-30 17:55:00,FL8531,8.82,Hazardous,Low,Arrival,T1,44,82.46,22.82,26,4,Conveyor,84.45,84.9,4,53.18,0,Fog,3793.17,1130.49,46.99,0,38.95,100.49,Optimized,Low Efficiency
1290,2024-02-29 08:21:00,FL1589,14.04,Hazardous,High,Departure,T1,34,31.4,33.45,12,11,Conveyor,81.32,99.42,69,79.53,1,Fog,978.45,1423.81,49.79,1,141.26,21.85,Adaptive,Low Efficiency
1291,2024-04-12 23:38:00,FL1538,50.65,Express,Critical,Departure,T3,36,112.12,118.03,46,13,Loader,47.07,41.84,85,36.36,0,Rain,2625.91,712.12,40.54,0,135.46,82.88,Baseline,Low Efficiency
1292,2024-09-11 17:33:00,FL3897,20.26,General,Low,Departure,T3,20,176.33,96.66,15,6,Crane,74.17,35.31,4,43.36,0,Clear,4681.54,1497.37,49.7,0,115.3,21.59,Adaptive,Low Efficiency
1293,2024-08-13 21:41:00,FL5965,70.27,Perishable,Low,Departure,T3,12,175.89,82.46,6,11,Loader,62.13,82.2,20,10.1,0,Rain,835.15,960.25,38.86,0,138.55,64.67,Adaptive,Low Efficiency
1294,2024-10-12 09:57:00,FL3689,84.29,General,High,Departure,T1,35,40.23,110.37,34,12,Conveyor,53.7,54.07,63,89.23,0,Storm,1829.17,1366.9,118.06,0,135.89,99.62,Optimized,Moderate Efficiency
1295,2024-04-03 21:35:00,FL9052,97.07,Hazardous,Medium,Arrival,T2,49,143.4,114.96,8,8,Crane,90.9,44.91,83,87.6,0,Clear,4021.82,227.29,38.33,0,83.11,16.64,Optimized,Low Efficiency
1296,2024-03-02 16:34:00,FL8056,28.02,General,Medium,Departure,T2,38,148.45,57.16,29,12,Crane,43.28,66.76,35,26.69,1,Clear,2585.14,954.77,81.18,0,39.37,16.49,Baseline,Low Efficiency
1297,2024-08-13 10:20:00,FL3203,24.26,Hazardous,Low,Arrival,T3,17,79.0,42.68,25,9,Loader,68.04,77.27,45,76.72,1,Storm,3426.36,1489.92,31.14,0,38.54,45.08,Adaptive,Low Efficiency
1298,2024-10-01 06:56:00,FL6119,17.03,Express,Medium,Departure,T1,27,125.38,41.26,29,2,Crane,68.52,45.04,57,66.34,1,Storm,4154.04,193.19,71.25,0,79.6,102.27,Baseline,Low Efficiency
1299,2024-08-27 04:32:00,FL7374,78.19,Express,Low,Arrival,T4,17,98.11,9.11,13,1,Crane,74.21,99.62,24,13.19,0,Fog,4028.23,1425.87,65.98,0,111.5,139.44,Baseline,Low Efficiency
1300,2024-04-03 01:21:00,FL8986,86.24,Express,Medium,Departure,T1,11,56.46,37.16,12,5,Loader,51.86,52.98,20,2.15,1,Rain,2279.18,304.26,70.91,0,66.63,48.05,Optimized,Low Efficiency
1301,2024-03-09 01:12:00,FL2792,8.63,Hazardous,High,Arrival,T3,39,141.8,45.83,9,10,Forklift,92.27,52.05,28,1.27,1,Storm,2437.81,1494.57,49.21,1,66.53,143.91,Adaptive,Low Efficiency
1302,2024-11-04 07:33:00,FL9037,112.66,General,Low,Arrival,T1,2,62.04,9.24,32,3,Crane,97.92,59.61,38,5.91,1,Rain,3070.04,504.52,105.79,0,20.2,86.76,Adaptive,Moderate Efficiency
1303,2024-09-20 11:24:00,FL9837,10.98,General,Medium,Departure,T1,2,74.47,106.5,6,11,Loader,72.94,82.15,24,56.47,1,Clear,1052.42,1211.1,42.77,0,119.03,80.39,Baseline,Low Efficiency
1304,2024-01-14 06:36:00,FL8697,67.25,Perishable,Critical,Departure,T1,29,50.4,102.5,25,13,Loader,55.37,91.13,84,44.3,0,Storm,4412.85,138.8,105.85,0,34.03,24.45,Baseline,Low Efficiency
1305,2024-09-21 00:51:00,FL8797,86.54,Hazardous,High,Arrival,T4,45,135.08,33.92,12,6,Forklift,92.61,52.68,24,89.71,0,Clear,920.68,501.51,54.7,0,135.8,143.76,Baseline,Low Efficiency
1306,2024-08-12 21:49:00,FL3560,105.16,Perishable,High,Arrival,T3,24,93.4,97.29,38,12,Crane,99.29,38.31,70,25.79,0,Fog,1331.67,944.48,81.75,0,34.39,120.81,Adaptive,Low Efficiency
1307,2024-05-11 06:19:00,FL9301,87.12,Express,Medium,Arrival,T3,24,90.94,96.56,27,14,Conveyor,84.51,47.93,25,65.31,0,Fog,4751.6,418.16,11.11,0,113.92,10.45,Optimized,Low Efficiency
1308,2024-06-04 23:17:00,FL1913,97.2,General,High,Departure,T3,16,116.73,43.53,19,11,Conveyor,60.02,35.9,96,34.84,0,Storm,1768.27,1165.04,58.51,0,114.39,121.01,Baseline,Low Efficiency
1309,2024-09-05 20:12:00,FL7412,44.04,Hazardous,Low,Departure,T2,31,45.16,85.16,31,1,Crane,54.16,74.12,81,8.85,1,Storm,1598.97,1045.93,81.46,1,130.64,87.47,Baseline,Low Efficiency
1310,2024-12-20 02:12:00,FL5315,98.7,Perishable,Low,Departure,T2,49,163.7,38.33,6,12,Crane,49.4,81.85,81,78.94,1,Storm,2414.06,1487.23,42.74,0,82.98,23.96,Adaptive,Low Efficiency
1311,2024-05-19 19:32:00,FL9105,14.21,Perishable,Low,Departure,T3,43,94.42,13.08,32,11,Loader,54.1,60.05,69,36.0,0,Clear,3759.29,918.05,45.36,0,66.37,108.18,Optimized,Low Efficiency
1312,2024-06-13 23:07:00,FL7189,107.9,Perishable,Medium,Arrival,T1,9,78.64,63.05,15,4,Loader,53.64,96.7,17,82.52,0,Storm,2148.0,1175.36,53.67,1,23.59,103.25,Optimized,Low Efficiency
1313,2024-04-10 04:07:00,FL6779,67.97,General,High,Departure,T1,27,40.27,55.41,25,6,Conveyor,98.05,80.93,58,84.32,1,Fog,4436.26,204.33,39.6,1,126.87,105.48,Optimized,Low Efficiency
1314,2024-04-22 19:51:00,FL5660,98.99,General,Medium,Departure,T3,41,46.87,20.89,46,2,Crane,78.59,56.58,73,73.81,0,Storm,1172.12,160.19,76.34,0,68.39,132.59,Baseline,Moderate Efficiency
1315,2024-02-26 04:33:00,FL6250,57.02,General,High,Departure,T4,14,167.26,61.41,36,11,Loader,50.02,37.15,20,2.49,1,Storm,1030.74,914.31,15.41,0,148.48,116.41,Adaptive,Low Efficiency
1316,2024-08-03 09:20:00,FL2006,79.01,Hazardous,High,Departure,T4,45,93.06,114.18,36,11,Conveyor,69.28,64.56,2,86.94,0,Clear,848.3,1479.49,101.43,1,51.84,137.54,Adaptive,Low Efficiency
1317,2024-03-14 15:33:00,FL1461,65.54,General,Medium,Departure,T1,25,135.55,89.11,11,8,Conveyor,51.08,65.27,83,11.17,1,Rain,1842.61,476.31,115.6,0,71.33,63.5,Optimized,Low Efficiency
1318,2024-01-28 11:41:00,FL1739,89.13,Hazardous,Medium,Arrival,T1,43,32.88,89.97,26,4,Forklift,76.36,68.54,9,83.82,1,Fog,1398.01,102.4,28.22,0,68.3,88.7,Adaptive,Low Efficiency
1319,2024-09-02 05:23:00,FL3100,14.39,Perishable,Medium,Departure,T2,44,122.95,92.12,18,2,Crane,60.48,77.77,63,54.59,0,Rain,2575.99,577.28,34.76,0,76.88,148.01,Optimized,Low Efficiency
1320,2024-04-05 10:14:00,FL7003,11.94,Perishable,Medium,Arrival,T4,22,167.44,90.63,17,1,Forklift,51.74,48.51,83,33.97,1,Clear,4980.65,1134.72,114.37,0,41.17,92.62,Baseline,Low Efficiency
1321,2024-10-01 07:39:00,FL6715,33.42,Express,Low,Departure,T1,35,67.99,7.29,25,8,Loader,54.57,30.17,68,64.92,0,Storm,4408.44,1223.18,28.06,1,48.33,69.14,Adaptive,Low Efficiency
1322,2024-04-22 07:45:00,FL1440,23.35,General,Critical,Departure,T1,33,112.66,111.34,26,10,Loader,80.51,86.9,6,45.62,0,Storm,4527.34,1193.5,21.7,0,74.47,75.4,Optimized,Low Efficiency
1323,2024-04-28 03:28:00,FL6591,105.26,Perishable,Low,Departure,T3,27,170.44,100.47,38,1,Conveyor,64.48,87.65,11,71.5,1,Fog,4238.32,213.29,97.26,0,117.94,113.42,Adaptive,Low Efficiency
1324,2024-05-11 16:30:00,FL7235,30.21,General,Low,Departure,T2,40,135.09,36.58,14,7,Loader,70.79,93.81,21,46.24,1,Storm,1722.7,1179.16,84.54,0,114.23,61.12,Baseline,Low Efficiency
1325,2024-04-30 13:00:00,FL2594,117.22,Hazardous,Critical,Arrival,T4,26,29.97,68.57,5,7,Forklift,89.28,97.83,63,33.2,1,Clear,1518.46,214.32,84.79,1,35.83,16.74,Baseline,Moderate Efficiency
1326,2024-11-14 16:53:00,FL8014,43.74,Perishable,Medium,Arrival,T4,19,80.6,75.73,5,13,Crane,79.33,41.14,89,32.48,0,Rain,3794.5,1482.03,34.93,1,84.4,138.05,Adaptive,Low Efficiency
1327,2024-02-01 19:34:00,FL6654,25.94,General,High,Departure,T2,45,33.72,20.17,28,6,Conveyor,67.74,54.77,30,31.87,0,Fog,3195.35,618.67,51.35,0,83.12,77.47,Adaptive,Low Efficiency
1328,2024-10-26 04:16:00,FL6855,95.82,Perishable,Medium,Arrival,T1,39,157.81,34.21,7,8,Conveyor,97.24,89.6,82,42.56,0,Storm,1427.56,1070.88,27.53,0,89.91,82.63,Baseline,Low Efficiency
1329,2024-09-22 06:35:00,FL7749,80.75,Perishable,Medium,Arrival,T4,45,119.47,7.67,35,10,Loader,52.87,95.38,89,9.91,0,Storm,4853.02,778.32,27.78,1,54.05,60.67,Baseline,Low Efficiency
1330,2024-06-21 23:08:00,FL6755,62.29,General,Low,Departure,T4,26,173.02,104.35,47,1,Conveyor,57.34,31.02,21,59.55,1,Rain,2408.95,436.91,64.53,1,110.55,138.82,Adaptive,Low Efficiency
1331,2024-11-19 10:56:00,FL1924,68.87,Perishable,Medium,Arrival,T4,6,23.16,7.86,45,12,Conveyor,94.69,57.13,23,30.72,0,Rain,4164.91,955.2,84.0,1,49.25,35.84,Optimized,Moderate Efficiency
1332,2024-07-26 11:28:00,FL5001,87.71,Perishable,Medium,Arrival,T3,3,87.69,41.65,17,1,Crane,91.19,37.94,61,50.54,0,Storm,832.13,122.29,45.28,0,56.04,64.7,Optimized,Low Efficiency
1333,2024-11-22 21:35:00,FL5056,31.27,Perishable,High,Departure,T2,6,36.7,14.0,8,13,Conveyor,47.8,85.19,30,47.39,1,Storm,658.25,807.22,62.29,0,36.84,63.1,Optimized,Low Efficiency
1334,2024-06-19 09:29:00,FL4844,119.58,Perishable,Medium,Departure,T4,28,76.08,94.86,27,1,Crane,95.8,82.3,46,77.14,0,Clear,2551.12,154.66,48.32,0,32.48,80.4,Baseline,Low Efficiency
1335,2024-06-23 03:46:00,FL6113,117.1,Hazardous,Critical,Arrival,T2,3,45.9,111.37,10,6,Forklift,40.61,82.8,60,77.55,0,Rain,1037.26,894.92,110.63,0,133.38,145.68,Baseline,Low Efficiency
1336,2024-08-13 08:20:00,FL2391,79.79,Perishable,Low,Departure,T1,13,72.61,69.72,38,7,Conveyor,89.35,57.32,18,89.03,1,Rain,4906.69,740.21,87.38,1,65.16,38.03,Baseline,Low Efficiency
1337,2024-12-07 12:38:00,FL2073,27.95,Express,Medium,Departure,T2,13,151.08,21.05,45,10,Forklift,56.73,58.44,62,21.74,1,Rain,4154.09,1352.62,78.77,0,115.77,98.9,Optimized,Low Efficiency
1338,2024-05-21 06:40:00,FL5995,83.23,Perishable,Medium,Departure,T3,13,45.71,69.19,22,9,Crane,51.32,48.33,97,3.1,0,Clear,2543.33,1452.4,90.34,0,116.19,88.1,Optimized,Low Efficiency
1339,2024-09-24 20:29:00,FL2875,13.3,General,Critical,Arrival,T3,1,95.79,93.59,40,10,Conveyor,66.92,55.26,45,38.24,1,Rain,4907.82,1011.54,39.48,0,89.92,46.73,Optimized,Low Efficiency
1340,2024-11-16 19:59:00,FL6531,8.53,Express,Low,Departure,T2,40,167.45,87.62,30,5,Loader,93.82,98.82,61,80.7,1,Clear,1572.23,359.26,112.28,0,125.63,67.87,Baseline,Low Efficiency
1341,2024-12-02 04:26:00,FL3781,34.63,Hazardous,Medium,Departure,T3,37,179.8,90.3,37,1,Loader,87.15,33.26,59,54.02,0,Fog,3555.39,832.99,31.94,0,10.12,69.12,Baseline,Low Efficiency
1342,2024-07-24 04:19:00,FL1322,58.2,Express,Critical,Arrival,T4,31,60.1,37.1,37,9,Conveyor,98.02,52.68,35,33.62,1,Fog,578.88,102.28,25.19,0,32.64,42.43,Optimized,Low Efficiency
1343,2024-10-05 01:42:00,FL9821,104.85,Express,Low,Arrival,T3,17,169.69,13.48,29,5,Crane,72.46,85.29,22,69.49,1,Clear,2175.19,1175.29,109.66,0,129.56,77.83,Adaptive,Low Efficiency
1344,2024-10-31 20:37:00,FL6343,88.62,Express,Critical,Arrival,T1,9,61.82,22.13,21,6,Loader,70.63,56.76,24,64.11,0,Fog,856.96,157.63,38.59,1,141.15,36.01,Baseline,Low Efficiency
1345,2024-04-28 00:10:00,FL1612,90.41,General,Low,Arrival,T2,45,86.16,114.88,7,9,Forklift,40.78,96.5,87,64.22,0,Rain,2153.18,1230.6,103.32,1,81.54,38.91,Baseline,Low Efficiency
1346,2024-05-25 09:58:00,FL8551,53.93,General,High,Arrival,T2,13,160.47,75.55,26,2,Crane,50.84,53.25,51,46.31,0,Rain,2212.69,470.55,42.74,0,107.06,128.86,Adaptive,Low Efficiency
1347,2024-04-10 18:41:00,FL7921,44.78,General,Critical,Departure,T1,37,145.79,88.71,39,14,Crane,69.86,89.48,65,47.74,0,Clear,2188.27,450.04,42.39,0,31.86,140.73,Baseline,Low Efficiency
1348,2024-07-01 01:07:00,FL9433,47.67,Hazardous,High,Arrival,T1,14,157.2,108.39,8,3,Conveyor,85.15,87.06,15,50.02,0,Storm,2364.94,225.55,115.36,0,104.0,64.55,Baseline,Low Efficiency
1349,2024-02-07 23:54:00,FL7900,118.58,General,Medium,Departure,T1,11,148.04,103.07,32,14,Forklift,89.36,30.64,28,49.74,0,Rain,3275.84,1060.07,116.18,0,100.91,11.46,Adaptive,Low Efficiency
1350,2024-12-15 22:55:00,FL5368,9.61,General,Low,Arrival,T1,25,57.61,30.12,17,7,Crane,57.0,58.21,42,18.57,0,Storm,1352.42,612.39,115.8,0,25.35,134.64,Adaptive,Moderate Efficiency
1351,2024-09-27 07:24:00,FL1334,104.71,Express,Critical,Departure,T4,31,109.41,11.68,34,3,Conveyor,82.75,49.64,20,22.12,1,Storm,1554.78,225.87,25.09,1,119.63,120.77,Baseline,Low Efficiency
1352,2024-03-15 16:53:00,FL8695,71.55,General,Medium,Departure,T3,14,81.64,111.39,16,2,Forklift,89.71,63.57,43,33.66,1,Storm,3404.44,549.41,72.89,0,14.7,68.24,Baseline,Low Efficiency
1353,2024-03-31 18:54:00,FL1364,55.44,Perishable,Low,Arrival,T3,7,93.55,117.89,7,7,Crane,62.49,62.39,80,76.99,1,Fog,2598.07,1390.95,14.01,0,147.2,96.72,Adaptive,Low Efficiency
1354,2024-07-26 13:50:00,FL6185,88.4,General,High,Arrival,T4,24,44.63,70.24,25,8,Loader,81.73,93.39,69,41.62,0,Fog,1228.64,148.92,85.51,0,145.25,137.97,Adaptive,Moderate Efficiency
1355,2024-03-02 01:49:00,FL7188,60.97,Hazardous,Medium,Arrival,T1,49,70.52,107.17,44,9,Forklift,66.24,42.85,63,83.37,0,Clear,4042.6,1036.68,83.82,0,120.17,148.26,Adaptive,Low Efficiency
1356,2024-04-26 17:39:00,FL7394,105.44,Hazardous,Low,Arrival,T2,36,157.22,31.66,5,2,Crane,99.14,42.75,43,71.4,1,Fog,4688.97,801.41,119.16,0,78.17,75.24,Optimized,Low Efficiency
1357,2024-07-17 15:22:00,FL6282,108.58,Perishable,Low,Arrival,T2,42,163.61,17.77,22,13,Forklift,40.4,37.56,79,77.54,0,Storm,2594.01,936.7,106.56,0,51.73,75.68,Adaptive,Low Efficiency
1358,2024-11-23 04:25:00,FL2601,53.5,Hazardous,Low,Arrival,T2,42,117.62,62.48,17,2,Loader,64.86,81.71,2,12.07,0,Storm,3263.14,648.3,34.0,0,57.47,131.96,Adaptive,Low Efficiency
1359,2024-04-17 07:06:00,FL9001,36.84,Hazardous,Medium,Departure,T1,47,99.72,98.29,11,11,Crane,55.82,94.25,88,13.39,1,Fog,4169.05,774.16,58.82,0,24.44,114.41,Optimized,Low Efficiency
1360,2024-11-14 13:23:00,FL2639,73.12,Express,High,Departure,T4,44,134.05,80.29,17,7,Loader,90.98,55.8,77,21.3,0,Fog,4836.88,1163.02,38.3,0,111.53,121.46,Optimized,Low Efficiency
1361,2024-03-07 18:48:00,FL4373,109.92,Perishable,Medium,Departure,T4,41,117.42,78.29,21,14,Conveyor,57.23,34.33,23,59.64,0,Storm,4861.17,776.45,15.25,0,144.52,96.66,Adaptive,Low Efficiency
1362,2024-06-10 16:23:00,FL6504,29.23,Express,High,Departure,T4,3,177.39,7.01,49,4,Conveyor,72.63,40.92,12,42.87,1,Clear,4652.77,626.8,52.07,1,43.44,61.09,Baseline,Low Efficiency
1363,2024-11-24 12:01:00,FL9138,76.64,Express,Critical,Departure,T3,47,50.41,41.51,36,5,Crane,84.42,37.17,46,15.28,1,Storm,4172.05,486.06,21.85,0,146.89,36.71,Optimized,Low Efficiency
1364,2024-09-11 13:26:00,FL9237,77.63,General,High,Arrival,T3,44,91.85,113.04,33,1,Crane,69.83,71.46,33,67.12,0,Clear,2416.0,730.7,94.14,1,73.42,143.4,Adaptive,Low Efficiency
1365,2024-01-20 10:05:00,FL6563,89.31,Perishable,Low,Arrival,T3,26,166.92,20.44,49,6,Forklift,64.62,49.76,44,46.57,1,Rain,3513.39,906.01,52.84,0,29.62,31.29,Baseline,Low Efficiency
1366,2024-10-29 02:50:00,FL3730,20.13,General,High,Departure,T3,47,166.36,88.53,34,10,Crane,42.55,92.82,25,65.79,0,Storm,3935.39,624.28,13.44,0,118.1,72.67,Baseline,Low Efficiency
1367,2024-02-08 18:43:00,FL5907,87.32,General,Medium,Departure,T2,26,99.26,92.32,15,13,Conveyor,41.38,41.36,35,81.85,1,Fog,913.56,1361.38,39.78,1,126.21,76.89,Adaptive,Low Efficiency
1368,2024-10-15 16:32:00,FL6952,109.54,Express,Medium,Arrival,T2,1,41.57,89.28,18,8,Crane,97.44,95.11,35,82.33,0,Fog,1023.64,1494.32,46.6,0,57.29,134.68,Adaptive,Low Efficiency
1369,2024-09-29 07:27:00,FL8143,25.66,Hazardous,High,Arrival,T4,15,150.39,118.77,14,11,Forklift,78.59,53.29,65,27.1,0,Storm,3674.3,385.77,59.85,1,145.37,109.41,Optimized,Low Efficiency
1370,2024-06-20 16:31:00,FL4305,32.32,Perishable,Medium,Arrival,T3,11,113.63,52.06,12,1,Conveyor,89.52,90.71,43,14.27,0,Clear,3501.11,1001.97,84.93,0,85.09,43.67,Baseline,Low Efficiency
1371,2024-10-08 04:44:00,FL9142,116.71,Hazardous,Critical,Arrival,T4,37,143.71,83.45,35,2,Crane,68.83,96.43,68,39.04,0,Fog,4117.36,388.61,96.67,0,14.5,38.06,Baseline,Low Efficiency
1372,2024-02-29 10:09:00,FL2234,25.81,Express,Low,Departure,T1,7,94.0,27.27,10,7,Loader,55.69,99.05,62,7.55,0,Rain,1330.6,857.47,118.44,0,58.25,142.6,Baseline,Moderate Efficiency
1373,2024-09-30 00:04:00,FL9779,103.25,Express,High,Departure,T3,12,52.62,50.97,23,14,Loader,57.67,86.25,31,3.96,0,Fog,4715.06,650.61,103.96,1,117.23,16.11,Adaptive,Moderate Efficiency
1374,2024-06-12 12:05:00,FL4507,61.61,Express,Low,Arrival,T3,38,23.84,61.53,23,2,Loader,42.61,37.12,28,88.03,1,Clear,1572.6,443.58,60.34,1,37.83,135.28,Adaptive,Low Efficiency
1375,2024-01-21 12:36:00,FL5708,33.43,Express,Critical,Arrival,T4,3,109.46,29.71,16,9,Loader,87.45,33.88,11,87.46,0,Storm,1107.95,578.91,21.6,1,28.43,40.52,Adaptive,Low Efficiency
1376,2024-08-20 01:25:00,FL5344,105.14,Express,Low,Departure,T4,42,45.77,109.28,43,6,Forklift,74.89,81.78,32,31.66,1,Fog,1959.51,272.68,83.04,1,95.94,22.6,Baseline,Low Efficiency
1377,2024-03-13 03:36:00,FL1778,56.21,Express,Low,Departure,T1,26,49.94,87.36,22,12,Loader,68.85,92.79,66,73.85,0,Storm,4138.54,211.28,56.46,0,51.85,49.75,Optimized,Low Efficiency
1378,2024-09-01 03:37:00,FL5871,64.2,Hazardous,Medium,Departure,T4,30,89.81,37.63,7,12,Loader,91.14,41.62,60,20.11,0,Storm,627.08,730.18,54.62,0,95.9,87.31,Baseline,Low Efficiency
1379,2024-04-16 08:23:00,FL7586,46.31,General,Medium,Arrival,T3,32,90.73,20.52,13,5,Crane,66.69,95.87,51,37.56,1,Rain,1520.74,1241.36,47.15,0,54.16,130.49,Adaptive,Low Efficiency
1380,2024-04-10 04:43:00,FL4700,73.19,Hazardous,Low,Departure,T2,36,63.9,38.1,10,7,Loader,96.88,72.72,59,65.38,0,Rain,4800.2,1056.06,28.57,0,117.98,104.72,Baseline,Low Efficiency
1381,2024-01-28 21:23:00,FL2506,23.81,Perishable,Medium,Arrival,T1,45,41.11,76.64,5,10,Loader,40.79,38.68,77,49.55,0,Storm,576.54,933.47,19.77,0,69.02,118.24,Adaptive,Low Efficiency
1382,2024-07-27 21:34:00,FL2552,49.97,Hazardous,Medium,Arrival,T1,37,171.19,100.04,46,8,Crane,99.08,41.69,17,73.9,1,Clear,1752.16,688.71,100.08,0,148.07,137.93,Baseline,Low Efficiency
1383,2024-12-10 00:44:00,FL6518,116.48,Express,Low,Arrival,T3,18,41.06,62.86,44,13,Conveyor,88.95,34.62,68,88.2,0,Rain,1965.97,755.97,30.35,0,62.46,10.77,Baseline,Low Efficiency
1384,2024-04-11 01:34:00,FL5478,34.69,Hazardous,Medium,Departure,T2,1,76.12,16.79,33,9,Forklift,61.3,40.03,95,0.81,1,Fog,4657.6,130.1,86.98,1,30.51,101.15,Adaptive,Low Efficiency
1385,2024-12-07 14:17:00,FL2102,80.52,General,High,Departure,T4,21,68.78,33.67,39,6,Forklift,75.72,81.25,38,83.21,0,Rain,4330.44,1416.2,89.94,1,98.92,63.96,Optimized,Moderate Efficiency
1386,2024-11-22 15:52:00,FL9700,42.4,Perishable,High,Arrival,T4,28,158.61,44.69,39,5,Conveyor,91.88,45.31,64,37.21,1,Storm,2570.4,535.21,43.81,1,112.01,95.81,Baseline,Low Efficiency
1387,2024-01-04 19:46:00,FL8786,93.95,Hazardous,High,Departure,T2,48,85.61,78.16,34,7,Crane,68.9,69.32,3,36.72,0,Rain,1929.01,1380.24,71.19,1,58.24,17.4,Baseline,Low Efficiency
1388,2024-02-27 16:34:00,FL7997,20.05,General,High,Arrival,T2,16,39.85,33.36,39,2,Conveyor,43.06,80.48,54,0.06,1,Clear,4749.92,1102.75,88.25,0,114.42,31.05,Adaptive,Low Efficiency
1389,2024-01-14 20:07:00,FL4436,116.53,Hazardous,Medium,Departure,T3,48,21.64,31.9,43,8,Forklift,94.22,92.67,76,75.09,1,Rain,1347.35,886.41,24.79,0,57.81,110.51,Adaptive,Low Efficiency
1390,2024-07-05 08:35:00,FL6690,57.19,Perishable,Low,Arrival,T4,28,135.51,37.91,26,12,Forklift,71.02,71.29,44,68.31,0,Clear,2645.69,723.3,28.63,0,23.6,133.4,Adaptive,Low Efficiency
1391,2024-06-06 00:50:00,FL2256,32.15,Hazardous,Low,Arrival,T3,22,134.32,73.14,47,4,Conveyor,72.71,69.88,82,80.46,0,Fog,2382.97,552.16,88.93,0,21.65,79.66,Baseline,Low Efficiency
1392,2024-04-18 21:02:00,FL5945,13.45,Express,High,Departure,T4,19,86.85,61.65,32,1,Loader,40.82,93.9,30,15.06,0,Rain,4708.42,993.63,40.79,0,76.72,37.13,Optimized,Low Efficiency
1393,2024-11-04 04:54:00,FL9268,24.52,Hazardous,Critical,Departure,T4,48,40.21,101.79,22,3,Forklift,46.0,50.64,75,19.36,1,Fog,3901.15,1458.32,21.79,0,147.71,113.15,Adaptive,Low Efficiency
1394,2024-03-21 23:07:00,FL5913,64.77,General,Medium,Arrival,T2,1,79.46,85.26,36,13,Conveyor,86.64,44.26,88,27.32,1,Storm,2585.19,1226.06,67.23,1,84.47,17.2,Adaptive,Low Efficiency
1395,2024-07-28 18:56:00,FL8092,43.76,Hazardous,Low,Departure,T3,31,114.38,81.68,9,9,Loader,66.1,91.1,85,47.72,0,Fog,3231.74,647.58,98.7,0,84.5,112.05,Adaptive,Low Efficiency
1396,2024-06-22 01:03:00,FL9846,100.32,General,Low,Arrival,T2,42,132.63,22.78,38,4,Loader,99.88,35.22,54,31.06,1,Rain,4583.85,775.04,43.68,0,130.8,123.22,Baseline,Low Efficiency
1397,2024-08-07 06:59:00,FL6133,54.55,Perishable,Medium,Arrival,T3,34,32.52,11.35,35,10,Crane,81.74,43.28,48,26.98,1,Rain,4240.53,755.84,38.66,0,142.63,18.54,Baseline,Low Efficiency
1398,2024-03-29 17:27:00,FL4278,33.6,Hazardous,Medium,Arrival,T4,46,109.01,63.65,37,10,Conveyor,96.98,58.79,35,16.44,0,Clear,3269.54,463.36,32.85,1,34.63,66.47,Optimized,Low Efficiency
1399,2024-02-04 18:28:00,FL7788,75.97,Perishable,Low,Arrival,T1,40,64.18,13.24,8,14,Forklift,56.76,55.29,68,14.33,1,Rain,4618.93,1286.2,62.44,1,28.48,27.14,Optimized,Low Efficiency
1400,2024-06-22 15:01:00,FL7591,86.28,Perishable,Critical,Arrival,T1,6,118.76,46.86,18,11,Crane,50.57,79.43,26,42.56,0,Storm,2211.29,1069.97,73.0,0,105.55,124.87,Optimized,Low Efficiency
1401,2024-11-01 16:58:00,FL5116,24.21,Hazardous,Medium,Arrival,T3,28,123.7,8.0,19,3,Forklift,62.6,36.43,72,40.13,1,Clear,3799.31,936.55,24.8,0,95.65,124.87,Optimized,Low Efficiency
1402,2024-11-28 20:38:00,FL9443,24.28,General,Critical,Arrival,T3,3,165.7,25.33,24,4,Loader,55.89,63.4,88,70.66,0,Rain,572.52,706.62,98.16,0,58.4,139.13,Baseline,Low Efficiency
1403,2024-02-15 17:38:00,FL8425,9.22,Perishable,High,Arrival,T2,31,85.66,17.69,24,3,Conveyor,76.8,86.6,56,74.14,1,Rain,3123.38,434.6,68.31,1,135.37,28.52,Baseline,Low Efficiency
1404,2024-03-21 17:22:00,FL9971,89.69,Perishable,High,Departure,T4,16,106.01,97.11,39,3,Loader,84.67,77.83,76,63.06,0,Rain,1116.41,995.73,71.9,0,85.97,110.79,Optimized,Low Efficiency
1405,2024-12-29 23:08:00,FL3958,81.34,Hazardous,High,Departure,T1,17,62.91,44.8,8,2,Loader,64.13,74.22,69,74.81,1,Rain,2859.35,431.47,22.93,0,34.25,134.47,Adaptive,Low Efficiency
1406,2024-01-12 23:13:00,FL1304,59.58,Hazardous,High,Arrival,T2,44,65.85,14.07,22,6,Loader,45.39,46.76,80,9.8,0,Storm,1609.3,112.33,78.56,0,64.52,71.66,Optimized,Low Efficiency
1407,2024-06-25 04:10:00,FL9457,102.08,Hazardous,High,Arrival,T3,27,27.37,35.53,28,13,Conveyor,41.58,57.55,64,41.2,1,Rain,2213.07,193.29,84.62,1,132.9,55.96,Baseline,Low Efficiency
1408,2024-04-14 13:11:00,FL4056,97.65,Hazardous,High,Arrival,T4,24,65.77,83.52,31,10,Crane,53.08,42.65,96,25.78,1,Clear,4064.74,1071.62,54.42,0,12.61,110.03,Optimized,Low Efficiency
1409,2024-07-31 02:20:00,FL9178,72.32,Hazardous,Medium,Departure,T2,20,30.21,90.75,37,6,Forklift,83.95,65.62,29,22.66,1,Rain,763.72,628.57,75.91,0,127.31,66.91,Optimized,Moderate Efficiency
1410,2024-11-08 13:29:00,FL4489,104.85,Express,Critical,Arrival,T2,32,174.23,18.78,29,10,Loader,53.29,70.89,97,64.14,1,Clear,2918.31,388.97,35.68,0,143.23,72.36,Adaptive,Low Efficiency
1411,2024-01-02 03:20:00,FL8656,28.67,Hazardous,High,Arrival,T3,35,119.88,94.54,9,4,Forklift,94.66,74.18,78,74.81,0,Clear,1151.93,433.01,80.32,0,61.29,111.09,Optimized,Low Efficiency
1412,2024-09-13 21:54:00,FL5389,17.87,General,High,Arrival,T4,13,47.7,47.61,22,14,Forklift,79.1,91.32,59,10.33,0,Rain,3079.58,792.26,68.63,0,49.87,73.35,Baseline,Low Efficiency
1413,2024-06-24 04:09:00,FL9728,36.02,Perishable,Critical,Departure,T1,48,38.68,83.13,49,8,Crane,91.73,34.33,25,11.17,0,Storm,3351.17,1367.63,74.11,0,33.21,125.4,Adaptive,Moderate Efficiency
1414,2024-10-30 08:02:00,FL8106,11.56,General,Low,Departure,T2,43,79.22,82.22,24,6,Conveyor,63.15,57.18,72,57.55,0,Rain,1319.39,476.31,37.69,1,15.6,108.72,Baseline,Low Efficiency
1415,2024-05-16 09:32:00,FL1981,66.08,General,Low,Departure,T3,20,69.22,96.26,39,12,Forklift,99.01,71.37,27,12.99,0,Rain,526.85,1017.64,96.8,0,104.71,142.56,Adaptive,Moderate Efficiency
1416,2024-03-03 08:12:00,FL9556,112.71,Express,Medium,Arrival,T2,48,64.68,85.18,10,8,Crane,80.77,69.91,99,69.15,0,Clear,884.54,1255.83,100.86,0,33.93,85.46,Optimized,Moderate Efficiency
1417,2024-09-19 14:00:00,FL4287,9.52,Hazardous,Medium,Arrival,T3,2,94.91,9.47,31,6,Forklift,61.42,31.52,22,74.58,0,Fog,3603.26,784.16,21.52,0,135.28,102.18,Adaptive,Low Efficiency
1418,2024-02-19 06:46:00,FL6968,19.04,Perishable,High,Departure,T3,4,166.06,64.74,32,13,Loader,52.75,43.25,71,47.06,1,Fog,2210.44,137.85,105.44,1,73.81,18.29,Optimized,Low Efficiency
1419,2024-01-15 19:22:00,FL8577,57.0,General,Medium,Arrival,T3,27,110.89,24.11,15,9,Crane,91.99,89.2,47,81.76,1,Storm,2178.03,1214.64,95.35,0,146.21,118.2,Adaptive,Moderate Efficiency
1420,2024-10-11 07:40:00,FL3420,112.4,Hazardous,Medium,Departure,T4,25,103.4,116.55,13,3,Conveyor,59.09,66.08,76,1.83,0,Clear,3613.51,1331.11,70.86,0,147.18,97.1,Optimized,Low Efficiency
1421,2024-12-08 08:12:00,FL4938,41.36,Hazardous,Medium,Departure,T1,4,149.05,34.42,32,14,Conveyor,42.66,58.95,55,20.38,0,Storm,2737.1,143.46,16.06,0,122.08,77.32,Adaptive,Low Efficiency
1422,2024-02-01 16:49:00,FL3465,63.33,Express,Low,Arrival,T4,32,20.64,53.31,23,3,Loader,56.72,93.01,9,69.56,0,Rain,3366.88,262.68,67.56,1,71.57,146.07,Optimized,Low Efficiency
1423,2024-10-08 17:14:00,FL5919,9.78,Express,High,Arrival,T1,17,51.58,27.62,43,2,Loader,50.77,35.25,54,86.16,1,Rain,4636.98,221.84,61.54,0,74.73,65.37,Baseline,Low Efficiency
1424,2024-09-28 19:55:00,FL8133,22.06,Express,High,Arrival,T3,1,99.39,20.48,25,10,Forklift,59.18,94.56,64,86.45,0,Storm,2780.89,409.65,34.58,0,143.08,28.96,Adaptive,Low Efficiency
1425,2024-07-03 16:51:00,FL7721,118.46,Perishable,Low,Arrival,T1,33,132.85,74.11,35,14,Crane,76.8,31.94,99,0.04,1,Clear,3371.16,794.41,101.69,0,111.88,49.09,Adaptive,Low Efficiency
1426,2024-01-12 19:51:00,FL6220,115.99,General,Medium,Departure,T4,30,97.6,61.72,46,14,Crane,70.03,69.39,39,56.87,0,Rain,3378.71,146.68,45.26,0,66.09,137.5,Baseline,Low Efficiency
1427,2024-09-17 00:40:00,FL2055,5.57,Express,Medium,Departure,T2,5,46.19,48.09,11,6,Crane,82.65,68.86,83,2.46,1,Clear,2906.14,336.64,73.83,0,130.75,39.35,Baseline,Moderate Efficiency
1428,2024-02-19 04:41:00,FL4335,114.46,Express,Low,Departure,T4,12,168.8,14.82,41,7,Crane,60.03,74.73,92,63.03,1,Rain,3489.95,670.15,59.56,0,48.05,145.21,Adaptive,Low Efficiency
1429,2024-09-08 01:51:00,FL7757,78.5,Express,Low,Departure,T4,38,72.59,89.64,29,7,Forklift,47.19,32.07,93,69.12,1,Rain,4254.55,986.3,106.63,0,141.16,105.13,Baseline,Low Efficiency
1430,2024-06-24 13:58:00,FL5373,104.81,General,Critical,Departure,T4,32,146.11,5.67,32,5,Crane,49.62,67.14,8,77.19,1,Storm,4135.24,1373.42,65.11,0,43.95,38.26,Baseline,Low Efficiency
1431,2024-03-16 11:39:00,FL5702,57.3,General,Medium,Departure,T4,38,162.63,57.63,40,6,Crane,87.84,37.95,27,47.65,1,Storm,757.71,1261.82,40.58,0,112.62,19.29,Baseline,Low Efficiency
1432,2024-08-30 03:11:00,FL3631,64.29,Express,Low,Arrival,T4,17,75.43,77.75,21,7,Conveyor,45.88,40.92,69,76.51,0,Clear,4783.04,175.48,89.44,0,100.62,76.18,Baseline,Low Efficiency
1433,2024-04-07 03:30:00,FL5201,61.22,Express,Low,Departure,T1,45,155.25,54.53,30,11,Conveyor,87.89,45.07,93,83.15,1,Fog,4312.4,1453.7,94.41,1,92.08,80.37,Baseline,Low Efficiency
1434,2024-02-02 06:49:00,FL4868,81.69,Hazardous,High,Arrival,T1,40,133.72,19.51,32,2,Forklift,52.76,72.92,99,47.99,0,Fog,4867.71,473.83,112.81,1,75.54,58.84,Optimized,Low Efficiency
1435,2024-09-13 12:52:00,FL7649,21.06,Express,High,Arrival,T2,32,164.68,94.5,41,10,Loader,80.7,57.31,33,47.17,0,Fog,1373.36,608.95,92.08,0,88.06,16.34,Baseline,Low Efficiency
1436,2024-09-03 12:32:00,FL4907,8.45,Perishable,High,Departure,T4,24,60.21,42.25,21,14,Conveyor,77.39,35.97,96,45.53,0,Rain,2913.84,204.32,15.45,0,106.95,139.46,Baseline,Low Efficiency
1437,2024-05-07 11:54:00,FL2860,40.41,Perishable,Low,Departure,T4,12,169.0,20.5,21,12,Loader,45.9,50.23,85,45.42,0,Fog,2479.52,1410.47,101.2,0,98.67,93.81,Optimized,Low Efficiency
1438,2024-12-04 07:52:00,FL3456,86.04,Express,Critical,Arrival,T2,47,30.45,68.28,37,7,Forklift,79.95,35.36,10,69.71,1,Storm,2196.31,864.28,63.06,1,48.72,77.82,Baseline,Low Efficiency
1439,2024-12-14 10:56:00,FL4144,28.21,General,Medium,Arrival,T2,31,146.99,7.2,38,1,Conveyor,66.85,76.49,16,6.06,0,Fog,2329.32,822.83,26.08,0,48.04,59.94,Baseline,Low Efficiency
1440,2024-05-12 17:32:00,FL1453,82.44,Hazardous,Medium,Departure,T3,19,89.71,42.27,27,6,Conveyor,82.43,69.02,11,40.72,0,Fog,4566.29,121.28,117.63,0,100.88,104.76,Adaptive,Moderate Efficiency
1441,2024-04-08 04:43:00,FL5023,116.54,General,Medium,Departure,T2,29,48.46,91.32,34,8,Forklift,90.13,58.54,19,47.16,0,Fog,3643.01,104.81,81.5,0,31.34,83.94,Adaptive,Moderate Efficiency
1442,2024-02-15 22:45:00,FL6087,15.8,Express,Medium,Arrival,T2,21,32.7,109.96,31,13,Crane,42.37,94.94,64,19.3,1,Fog,1961.37,1055.1,108.15,1,146.51,128.7,Adaptive,Low Efficiency
1443,2024-11-29 06:31:00,FL8604,82.35,Perishable,Critical,Departure,T2,26,82.33,73.05,13,1,Forklift,78.88,66.31,52,48.71,0,Fog,2204.95,775.19,29.54,1,128.55,87.94,Optimized,Low Efficiency
1444,2024-01-27 22:20:00,FL8952,56.03,Hazardous,Critical,Departure,T3,28,82.29,30.03,24,1,Loader,46.3,92.13,77,41.01,0,Clear,2608.35,810.6,95.41,1,73.42,83.06,Adaptive,Low Efficiency
1445,2024-08-01 16:16:00,FL8145,104.84,General,Medium,Departure,T1,17,56.79,30.3,27,6,Loader,62.73,70.54,15,66.38,0,Storm,2151.19,1010.32,75.62,1,83.5,37.78,Baseline,Low Efficiency
1446,2024-05-26 19:03:00,FL7914,25.37,General,Critical,Departure,T3,9,54.48,74.45,23,5,Crane,40.76,56.38,42,31.8,1,Fog,1445.33,304.32,52.5,0,59.6,20.33,Adaptive,Low Efficiency
1447,2024-02-01 21:34:00,FL1606,84.65,Express,High,Departure,T1,21,83.92,51.78,41,3,Forklift,59.72,67.73,96,85.48,0,Rain,2459.06,1497.68,33.5,0,31.34,39.56,Baseline,Low Efficiency
1448,2024-05-25 05:59:00,FL4309,101.38,Hazardous,Critical,Arrival,T2,34,85.62,25.39,49,14,Forklift,50.16,40.63,83,37.24,0,Clear,857.87,213.08,47.48,0,92.81,32.59,Baseline,Low Efficiency
1449,2024-01-31 12:21:00,FL3610,113.63,Perishable,Low,Departure,T3,11,90.78,95.55,8,10,Crane,73.38,77.23,79,56.78,1,Rain,4344.89,475.03,68.75,1,148.43,111.33,Baseline,Low Efficiency
1450,2024-08-17 19:26:00,FL5468,83.57,Express,Medium,Departure,T3,20,159.0,28.03,17,13,Forklift,70.74,98.75,38,19.95,0,Storm,4211.91,1071.39,90.63,1,32.81,45.8,Optimized,Low Efficiency
1451,2024-08-13 18:58:00,FL3235,62.18,Hazardous,Low,Arrival,T1,49,117.8,41.99,42,10,Conveyor,87.6,47.32,86,61.98,1,Fog,4513.64,822.29,57.95,0,85.06,104.61,Optimized,Low Efficiency
1452,2024-10-16 23:28:00,FL1477,76.05,General,High,Arrival,T3,47,23.27,12.06,16,7,Forklift,78.4,52.62,49,46.25,0,Storm,2506.6,235.2,53.18,0,144.42,91.41,Baseline,Moderate Efficiency
1453,2024-12-10 17:15:00,FL5233,104.92,Express,Low,Departure,T3,39,103.06,85.66,13,7,Conveyor,82.88,58.43,77,30.8,1,Fog,3430.53,1184.79,10.94,0,147.52,45.11,Baseline,Low Efficiency
1454,2024-07-03 10:58:00,FL5551,70.62,General,Medium,Departure,T4,16,141.99,36.66,19,7,Forklift,45.55,63.84,84,31.31,1,Fog,4144.97,1458.61,114.42,1,78.03,95.7,Optimized,Low Efficiency
1455,2024-01-27 15:59:00,FL3883,8.49,General,Medium,Arrival,T1,29,29.03,31.78,25,14,Conveyor,41.67,80.34,49,33.79,0,Rain,1916.86,762.31,94.78,0,20.23,107.4,Adaptive,Moderate Efficiency
1456,2024-05-19 03:46:00,FL1691,112.06,Express,Medium,Departure,T3,1,87.62,39.89,19,6,Loader,98.17,39.57,79,39.37,0,Storm,3350.23,454.36,119.55,0,45.0,12.57,Adaptive,Moderate Efficiency
1457,2024-07-27 08:09:00,FL8960,84.3,Express,High,Departure,T3,18,92.19,105.53,9,4,Crane,65.62,51.17,71,22.29,1,Fog,2472.05,249.56,111.24,0,108.53,88.19,Adaptive,Low Efficiency
1458,2024-09-16 22:34:00,FL1326,82.8,Express,Critical,Departure,T2,22,172.64,64.57,9,9,Loader,63.7,67.71,55,24.97,0,Storm,2181.7,387.32,104.93,0,19.75,118.11,Adaptive,Low Efficiency
1459,2024-02-04 19:26:00,FL1906,29.8,Express,High,Arrival,T4,8,96.11,23.16,29,12,Conveyor,42.1,71.27,22,86.25,0,Fog,4367.63,535.72,16.39,1,99.3,25.95,Baseline,Low Efficiency
1460,2024-08-29 16:48:00,FL2375,80.77,Express,Critical,Departure,T4,7,139.98,94.07,28,9,Crane,47.13,67.56,43,27.11,1,Storm,3308.35,363.15,77.72,0,73.06,64.87,Adaptive,Low Efficiency
1461,2024-07-17 22:48:00,FL6143,50.29,General,Low,Departure,T2,25,68.46,28.97,41,7,Loader,96.43,60.48,50,56.42,0,Storm,3305.28,1058.27,34.79,0,35.3,51.39,Baseline,Low Efficiency
1462,2024-03-31 15:21:00,FL5882,79.89,Perishable,Medium,Arrival,T2,30,144.69,52.43,35,7,Loader,81.69,79.8,84,31.08,1,Fog,1205.89,132.12,106.97,0,23.94,99.33,Baseline,Low Efficiency
1463,2024-09-24 23:36:00,FL2041,17.26,Perishable,Medium,Departure,T2,34,71.63,70.33,38,8,Conveyor,64.55,44.31,19,72.98,0,Storm,2061.13,672.75,100.17,0,105.62,116.63,Optimized,Low Efficiency
1464,2024-11-14 04:16:00,FL7668,80.65,Express,Low,Departure,T2,44,88.8,72.21,45,11,Forklift,94.27,49.79,91,62.64,1,Fog,4285.66,623.8,28.74,0,34.65,145.03,Adaptive,Low Efficiency
1465,2024-10-18 06:53:00,FL6954,119.93,General,Medium,Departure,T4,48,96.72,12.94,18,5,Forklift,75.39,61.11,72,29.54,0,Fog,1460.71,1329.2,96.51,0,83.18,79.67,Adaptive,Moderate Efficiency
1466,2024-11-16 04:57:00,FL2479,10.54,Perishable,High,Departure,T3,41,168.22,101.23,31,11,Conveyor,84.79,78.69,18,64.5,1,Fog,4867.09,481.89,118.56,0,79.02,110.58,Optimized,Low Efficiency
1467,2024-10-08 13:06:00,FL7502,117.38,Perishable,Medium,Arrival,T3,11,28.55,60.13,8,9,Loader,65.9,35.76,10,68.11,1,Clear,4243.44,915.37,49.33,0,104.31,83.34,Optimized,Low Efficiency
1468,2024-09-03 21:05:00,FL3302,51.79,Perishable,High,Arrival,T2,15,51.5,118.76,27,6,Forklift,65.89,38.1,50,12.45,0,Fog,1704.27,106.55,50.18,1,70.38,60.2,Baseline,Low Efficiency
1469,2024-05-16 00:52:00,FL4867,105.14,General,Medium,Departure,T1,35,132.92,87.51,42,7,Forklift,44.1,84.77,49,52.03,0,Storm,986.99,1383.73,12.76,1,138.16,38.63,Adaptive,Low Efficiency
1470,2024-12-27 07:46:00,FL2833,94.97,Express,Low,Departure,T2,23,112.41,119.15,9,12,Loader,84.04,48.27,41,72.7,0,Clear,1263.0,991.33,89.97,0,129.34,134.31,Baseline,Low Efficiency
1471,2024-12-28 06:51:00,FL9196,70.21,Express,Low,Departure,T3,45,60.25,57.15,31,7,Conveyor,45.95,97.44,99,4.53,0,Fog,1589.91,1211.08,100.96,1,124.45,91.81,Adaptive,Low Efficiency
1472,2024-09-24 11:51:00,FL2976,89.92,Express,Medium,Departure,T1,21,66.27,21.19,47,9,Conveyor,85.86,97.3,15,45.71,0,Storm,1569.86,897.09,15.13,0,48.82,99.68,Adaptive,Low Efficiency
1473,2024-07-13 05:16:00,FL9551,106.03,Hazardous,Low,Arrival,T2,28,78.77,88.64,18,7,Forklift,51.45,78.02,23,75.59,0,Storm,573.26,1241.74,113.98,0,147.89,96.38,Baseline,Low Efficiency
1474,2024-03-01 03:44:00,FL9605,51.48,Hazardous,Low,Arrival,T1,13,92.06,94.44,11,14,Conveyor,54.84,80.18,76,85.75,1,Storm,3718.86,218.14,18.08,1,83.38,43.21,Optimized,Low Efficiency
1475,2024-11-05 02:40:00,FL5125,42.61,Hazardous,Medium,Arrival,T2,34,150.88,103.08,49,3,Loader,95.07,75.57,27,59.04,0,Clear,4896.8,1094.69,72.57,0,146.73,55.21,Adaptive,Low Efficiency
1476,2024-02-27 11:20:00,FL9133,81.77,General,Medium,Departure,T4,38,22.21,39.67,22,6,Conveyor,68.29,42.41,6,29.5,0,Rain,1788.95,308.33,112.01,1,127.74,128.27,Adaptive,Moderate Efficiency
1477,2024-11-09 13:24:00,FL2478,97.9,Perishable,Medium,Departure,T3,6,163.68,63.73,36,6,Crane,47.51,65.03,24,54.44,1,Rain,573.25,907.08,112.12,1,131.09,72.87,Optimized,Low Efficiency
1478,2024-05-11 09:42:00,FL4900,92.66,Perishable,High,Departure,T2,44,86.08,103.61,6,11,Conveyor,94.3,85.51,86,2.46,1,Clear,4632.4,1480.01,24.66,1,108.81,12.04,Optimized,Low Efficiency
1479,2024-08-01 21:56:00,FL3003,96.75,General,High,Arrival,T1,4,56.88,104.44,45,12,Conveyor,67.14,84.23,9,41.03,1,Fog,1427.9,352.72,116.85,1,34.34,71.12,Baseline,Moderate Efficiency
1480,2024-08-21 21:34:00,FL6134,55.09,General,Medium,Arrival,T3,5,101.35,7.95,47,7,Conveyor,47.83,92.91,74,65.46,1,Rain,532.19,458.64,39.75,0,144.12,42.58,Baseline,Low Efficiency
1481,2024-03-15 17:01:00,FL6395,99.05,Express,High,Arrival,T2,40,125.55,82.16,24,6,Crane,63.45,93.06,62,3.26,0,Rain,1508.55,395.84,47.58,0,66.03,130.69,Optimized,Low Efficiency
1482,2024-02-28 07:18:00,FL7388,18.82,Express,High,Arrival,T2,6,27.16,74.19,33,4,Loader,75.36,48.3,67,54.29,0,Storm,968.07,677.09,84.26,0,142.1,81.7,Baseline,Moderate Efficiency
1483,2024-08-26 18:48:00,FL4865,67.62,Hazardous,High,Arrival,T2,21,134.52,14.58,47,14,Conveyor,61.74,80.52,70,52.95,1,Storm,3767.21,783.95,22.33,0,132.87,149.18,Baseline,Low Efficiency
1484,2024-08-03 06:40:00,FL7928,5.66,Hazardous,Medium,Departure,T2,28,141.72,111.97,30,6,Forklift,95.46,75.59,90,17.07,1,Fog,507.39,324.08,68.77,0,125.14,14.56,Baseline,Low Efficiency
1485,2024-08-11 04:24:00,FL4571,42.33,General,Low,Departure,T4,3,46.59,56.22,42,3,Conveyor,56.18,92.01,78,51.23,0,Rain,2486.08,138.96,99.76,0,11.14,87.28,Adaptive,Moderate Efficiency
1486,2024-11-20 16:56:00,FL3363,47.14,Hazardous,High,Departure,T3,23,46.86,82.54,5,1,Crane,50.55,42.84,42,36.85,0,Storm,2713.78,578.27,64.58,0,90.73,17.35,Adaptive,Low Efficiency
1487,2024-11-06 06:55:00,FL2750,50.56,Perishable,Medium,Arrival,T4,8,52.61,106.52,9,1,Crane,53.26,81.79,60,43.09,0,Clear,4028.91,634.84,16.72,0,44.16,49.77,Optimized,Low Efficiency
1488,2024-05-01 08:19:00,FL3869,84.98,General,Critical,Departure,T3,19,147.46,19.96,18,5,Forklift,45.02,59.63,83,29.29,0,Fog,2850.64,636.0,98.56,1,133.27,42.17,Baseline,Low Efficiency
1489,2024-11-19 05:51:00,FL4507,49.68,General,High,Departure,T2,11,63.52,103.42,29,11,Crane,67.14,57.61,48,72.93,0,Storm,1061.32,1030.98,36.43,0,108.21,49.51,Adaptive,Low Efficiency
1490,2024-09-12 23:43:00,FL5498,56.6,Perishable,Medium,Arrival,T3,10,147.35,88.3,13,13,Crane,92.7,32.51,56,32.91,0,Storm,2419.16,728.24,98.62,1,100.82,147.31,Adaptive,Low Efficiency
1491,2024-11-21 14:09:00,FL8200,32.32,Express,Low,Arrival,T1,28,106.48,101.55,34,14,Crane,58.32,97.3,87,71.17,0,Storm,4705.66,251.0,113.2,0,136.63,48.98,Baseline,Low Efficiency
1492,2024-01-31 20:12:00,FL7690,47.92,Express,Low,Arrival,T3,20,142.75,61.91,23,8,Loader,55.5,77.3,5,6.89,0,Clear,1565.62,1405.29,93.03,1,51.39,33.02,Baseline,Low Efficiency
1493,2024-09-13 17:25:00,FL5166,31.14,Perishable,Medium,Departure,T1,44,108.59,8.85,44,3,Crane,90.24,71.35,79,25.07,0,Clear,1847.61,1080.92,13.65,0,25.1,143.19,Baseline,Low Efficiency
1494,2024-11-12 17:08:00,FL1916,13.42,Perishable,Medium,Arrival,T1,28,73.72,82.11,12,13,Conveyor,58.36,47.58,94,36.24,0,Storm,4429.66,398.0,82.55,0,52.75,97.53,Adaptive,Low Efficiency
1495,2024-07-18 22:12:00,FL9034,74.4,Hazardous,Low,Departure,T4,29,165.71,48.07,20,2,Forklift,68.61,76.09,97,36.41,0,Fog,4036.84,1409.15,39.94,0,35.69,50.12,Optimized,Low Efficiency
1496,2024-02-11 18:24:00,FL9740,81.84,General,Medium,Departure,T3,8,134.45,51.28,12,8,Conveyor,41.87,96.19,54,39.72,0,Storm,1829.83,1488.21,31.89,0,45.37,102.29,Adaptive,Low Efficiency
1497,2024-02-24 15:26:00,FL7139,76.24,Hazardous,Low,Arrival,T2,19,97.45,55.75,27,9,Conveyor,57.22,41.43,38,58.72,0,Rain,3687.68,376.39,93.69,1,89.28,120.42,Optimized,Low Efficiency
1498,2024-10-22 19:02:00,FL2850,58.3,Perishable,Critical,Departure,T3,48,121.99,61.68,13,9,Forklift,47.83,98.87,19,51.66,1,Storm,883.02,632.73,41.85,1,73.75,12.36,Adaptive,Low Efficiency
1499,2024-09-21 13:19:00,FL6185,48.68,Hazardous,Low,Arrival,T4,21,118.53,81.12,36,2,Loader,46.35,59.92,69,46.89,1,Clear,2943.47,196.51,25.79,0,147.34,42.9,Adaptive,Low Efficiency
1500,2024-04-26 11:58:00,FL9941,104.28,Perishable,Critical,Arrival,T1,18,77.3,88.58,41,12,Loader,65.89,98.48,73,75.39,1,Rain,4419.39,775.44,28.8,1,68.59,89.92,Baseline,Low Efficiency
1501,2024-01-23 16:13:00,FL7943,64.69,Hazardous,Critical,Departure,T1,9,87.8,94.34,38,8,Crane,56.64,74.37,71,17.66,1,Clear,4291.33,1202.78,84.5,0,31.25,81.52,Baseline,Low Efficiency
1502,2024-04-13 23:15:00,FL8780,60.11,Hazardous,Medium,Departure,T4,4,70.92,82.23,22,2,Loader,49.99,52.69,24,77.42,0,Fog,1412.8,1365.62,60.32,1,132.48,68.98,Optimized,Low Efficiency
1503,2024-11-15 01:37:00,FL5036,7.95,Express,High,Departure,T4,41,179.92,97.4,49,7,Loader,70.69,56.21,80,73.03,1,Fog,2899.24,863.35,32.95,0,48.69,14.32,Adaptive,Low Efficiency
1504,2024-01-26 08:09:00,FL5550,44.24,Perishable,Medium,Arrival,T3,25,112.81,19.05,48,8,Crane,87.04,50.34,10,17.61,0,Storm,2293.07,556.42,18.77,0,25.1,143.15,Adaptive,Low Efficiency
1505,2024-04-01 22:01:00,FL3374,48.72,Hazardous,High,Departure,T1,34,34.73,101.23,19,1,Loader,84.09,53.43,85,56.17,0,Fog,3023.85,904.71,113.1,0,102.24,110.11,Optimized,Moderate Efficiency
1506,2024-02-18 22:59:00,FL6947,50.86,General,Medium,Arrival,T4,9,103.06,49.54,19,8,Loader,55.05,75.26,21,20.09,1,Rain,837.83,261.72,119.73,0,45.89,149.34,Optimized,Low Efficiency
1507,2024-06-20 20:19:00,FL8786,71.72,Hazardous,Medium,Arrival,T3,9,27.99,65.81,33,3,Crane,55.79,31.16,15,84.85,0,Clear,4916.1,1269.4,53.36,0,12.24,132.47,Adaptive,Low Efficiency
1508,2024-09-23 18:03:00,FL7025,66.36,Hazardous,Medium,Departure,T3,18,66.18,54.88,27,13,Conveyor,83.91,97.73,64,44.37,0,Storm,3035.81,828.97,37.36,0,102.91,90.31,Optimized,Low Efficiency
1509,2024-09-20 17:02:00,FL6049,74.91,General,Medium,Departure,T2,11,91.35,59.71,27,1,Conveyor,73.43,83.8,13,18.34,0,Fog,1036.8,1475.41,14.6,1,20.14,59.32,Baseline,Low Efficiency
1510,2024-10-05 18:51:00,FL1345,92.96,Perishable,Medium,Departure,T1,13,105.48,37.82,5,7,Forklift,84.54,95.87,71,57.25,0,Clear,3390.21,661.36,43.8,0,10.32,32.96,Optimized,Low Efficiency
1511,2024-01-24 13:58:00,FL1570,98.49,Express,Low,Departure,T3,38,176.19,24.54,26,10,Loader,40.08,80.23,40,63.65,0,Clear,534.71,1014.96,74.1,0,105.51,39.59,Adaptive,Low Efficiency
1512,2024-04-21 17:31:00,FL1895,87.58,Express,Medium,Arrival,T4,9,177.16,17.06,11,3,Crane,45.23,63.67,8,54.45,1,Fog,529.1,575.9,67.68,0,73.44,131.52,Baseline,Low Efficiency
1513,2024-11-23 14:58:00,FL4926,114.89,Express,Low,Departure,T1,16,35.69,56.91,49,8,Crane,88.12,43.28,38,21.75,0,Storm,1306.16,306.72,55.24,1,122.62,130.56,Baseline,Low Efficiency
1514,2024-09-27 03:04:00,FL5144,7.1,General,Low,Arrival,T4,4,106.1,19.41,36,9,Loader,91.07,66.14,52,66.17,1,Clear,1719.18,1156.62,49.83,0,33.0,130.49,Adaptive,Low Efficiency
1515,2024-09-27 21:24:00,FL7302,27.51,Hazardous,Low,Departure,T4,34,150.74,33.17,32,2,Loader,60.61,79.82,2,83.66,1,Storm,1684.22,1041.43,117.61,0,81.5,130.5,Baseline,Low Efficiency
1516,2024-11-19 06:24:00,FL6067,5.87,Perishable,Low,Departure,T3,7,58.03,20.37,36,1,Crane,97.5,89.79,22,85.69,0,Clear,2494.27,1192.58,65.03,0,26.25,36.1,Baseline,Moderate Efficiency
1517,2024-02-25 23:40:00,FL6945,79.46,Hazardous,Low,Departure,T3,15,140.09,17.55,37,8,Crane,58.09,52.69,4,61.15,0,Storm,2809.38,1472.16,10.97,0,67.36,129.52,Baseline,Low Efficiency
1518,2024-04-10 06:23:00,FL2999,108.27,Express,High,Arrival,T2,38,160.58,106.48,47,10,Crane,93.42,65.73,52,75.62,0,Storm,2399.68,1490.77,86.92,0,59.89,27.54,Baseline,Low Efficiency
1519,2024-09-24 04:54:00,FL9763,33.0,Hazardous,Low,Departure,T4,11,126.0,82.51,17,6,Forklift,65.3,73.4,7,88.08,1,Fog,2182.5,1400.59,74.16,0,99.35,68.03,Optimized,Low Efficiency
1520,2024-10-16 20:08:00,FL4872,111.61,General,High,Arrival,T3,32,72.43,111.23,32,10,Conveyor,73.71,71.2,1,3.9,0,Clear,3515.63,1352.78,27.4,0,97.28,148.98,Optimized,Low Efficiency
1521,2024-08-16 22:17:00,FL8248,11.93,General,Low,Departure,T2,27,167.7,79.06,13,1,Crane,78.6,33.67,83,42.93,1,Fog,1617.52,522.11,87.92,0,46.15,107.69,Baseline,Low Efficiency
1522,2024-07-21 22:27:00,FL7364,112.46,Perishable,Critical,Departure,T1,30,161.36,102.05,47,3,Conveyor,47.99,63.84,58,26.23,1,Rain,3325.13,755.84,12.19,1,17.1,100.55,Adaptive,Low Efficiency
1523,2024-06-30 18:16:00,FL1128,45.44,Perishable,Medium,Arrival,T2,17,134.53,68.86,7,9,Loader,42.23,86.63,62,42.73,1,Storm,4805.0,165.52,89.8,0,24.67,41.77,Adaptive,Low Efficiency
1524,2024-03-23 14:39:00,FL7438,16.66,Express,Medium,Arrival,T2,36,78.19,58.2,21,9,Conveyor,65.61,86.16,94,82.52,0,Clear,2622.98,1057.88,26.44,0,137.81,113.13,Optimized,Low Efficiency
1525,2024-01-19 20:52:00,FL5186,60.88,Perishable,Medium,Departure,T4,19,146.7,65.77,38,6,Conveyor,49.62,65.5,66,88.5,0,Fog,2800.39,864.46,118.3,1,111.72,86.66,Adaptive,Low Efficiency
1526,2024-05-15 11:25:00,FL5929,34.53,Hazardous,Medium,Departure,T1,7,70.58,41.83,36,3,Conveyor,72.94,96.66,55,81.44,0,Rain,3777.25,1089.75,66.25,0,141.94,77.41,Optimized,Low Efficiency
1527,2024-12-29 09:25:00,FL2478,37.76,General,Medium,Arrival,T4,43,60.47,80.67,13,8,Loader,67.22,87.84,13,17.74,0,Storm,2783.28,1053.15,11.18,0,96.48,42.76,Optimized,Low Efficiency
1528,2024-10-08 19:05:00,FL4857,40.34,General,Low,Departure,T4,45,102.4,108.18,45,6,Conveyor,47.33,81.61,28,72.26,1,Clear,1147.58,480.69,102.19,1,133.1,27.47,Baseline,Low Efficiency
1529,2024-03-26 18:01:00,FL5872,97.35,General,Critical,Arrival,T2,21,179.54,94.97,5,1,Conveyor,79.95,66.09,14,73.59,0,Fog,3248.17,745.49,100.73,1,118.2,42.02,Optimized,Low Efficiency
1530,2024-07-09 14:52:00,FL4446,67.0,Perishable,Medium,Departure,T2,28,148.69,58.13,46,6,Forklift,41.23,71.35,3,52.14,0,Clear,2789.48,247.12,93.97,1,44.27,80.73,Optimized,Low Efficiency
1531,2024-07-08 12:53:00,FL3625,40.8,General,Medium,Arrival,T3,3,136.77,114.7,24,13,Loader,47.58,45.63,16,64.34,0,Storm,4781.64,218.33,69.17,0,114.97,145.04,Adaptive,Low Efficiency
1532,2024-11-20 23:11:00,FL8190,75.19,General,High,Arrival,T2,14,92.32,118.32,9,5,Conveyor,82.01,67.27,89,81.48,1,Rain,918.52,744.06,34.03,0,95.31,45.36,Adaptive,Low Efficiency
1533,2024-06-05 05:53:00,FL6196,87.36,General,Medium,Arrival,T3,2,69.91,61.71,44,8,Loader,71.67,66.82,46,89.47,1,Storm,2914.11,878.13,80.4,1,33.77,104.86,Optimized,Low Efficiency
1534,2024-07-26 22:49:00,FL7656,36.35,Express,High,Arrival,T4,29,156.94,104.43,49,13,Crane,56.92,44.19,3,3.61,1,Clear,3276.19,546.29,103.28,0,23.18,34.57,Optimized,Low Efficiency
1535,2024-12-23 16:20:00,FL1555,52.56,Express,Medium,Arrival,T2,18,110.84,5.55,25,2,Conveyor,50.81,96.58,98,23.14,1,Storm,3289.52,186.22,64.23,0,61.33,67.07,Baseline,Low Efficiency
1536,2024-05-25 18:22:00,FL5489,19.02,Perishable,High,Departure,T1,37,150.12,12.67,9,12,Loader,78.54,47.13,3,84.11,1,Fog,768.65,1026.2,17.39,0,92.0,48.71,Optimized,Low Efficiency
1537,2024-03-30 07:14:00,FL2312,25.83,General,Low,Departure,T1,45,98.04,7.57,8,7,Conveyor,52.34,37.3,41,29.62,0,Clear,1975.24,1048.34,117.28,1,87.94,58.36,Adaptive,Low Efficiency
1538,2024-04-08 20:01:00,FL9055,83.33,Perishable,High,Departure,T4,45,140.63,93.91,12,6,Conveyor,99.08,62.69,29,9.58,0,Clear,1681.44,549.01,84.44,0,77.37,41.15,Optimized,Low Efficiency
1539,2024-02-23 22:09:00,FL8718,25.87,General,High,Departure,T4,24,158.84,14.17,29,1,Crane,92.16,78.03,40,28.19,1,Clear,3559.94,101.13,118.01,0,77.03,146.24,Baseline,Low Efficiency
1540,2024-11-25 04:01:00,FL7765,65.39,General,Low,Departure,T2,46,82.62,6.96,11,12,Forklift,47.93,43.66,19,46.66,1,Rain,3809.35,990.15,30.57,0,12.31,56.49,Optimized,Low Efficiency
1541,2024-05-05 17:23:00,FL6451,86.54,General,Low,Departure,T3,12,22.17,21.95,41,8,Loader,91.55,42.8,20,34.75,0,Rain,1441.71,198.73,32.37,0,13.02,132.12,Adaptive,Low Efficiency
1542,2024-11-20 02:52:00,FL7920,17.29,Perishable,Medium,Departure,T2,45,60.79,40.22,46,6,Conveyor,60.7,48.3,21,70.95,0,Clear,4217.36,412.79,21.05,1,67.09,57.19,Optimized,Low Efficiency
1543,2024-03-04 22:15:00,FL2644,70.24,Perishable,Critical,Departure,T3,32,166.39,58.44,36,13,Crane,69.4,51.19,20,54.99,0,Rain,2682.65,446.99,33.15,0,82.12,81.76,Baseline,Low Efficiency
1544,2024-08-20 17:12:00,FL3627,34.5,General,Low,Departure,T2,18,130.01,12.52,21,3,Crane,48.57,47.23,92,39.14,0,Rain,1683.32,468.94,21.92,1,104.58,137.99,Adaptive,Low Efficiency
1545,2024-09-09 23:41:00,FL5275,115.74,Hazardous,Medium,Arrival,T1,13,137.95,62.38,32,5,Forklift,47.11,62.95,47,89.75,0,Fog,1848.89,963.33,40.03,0,103.13,40.59,Optimized,Low Efficiency
1546,2024-02-17 06:53:00,FL9295,60.61,Perishable,Low,Arrival,T1,4,72.05,33.53,10,7,Forklift,91.93,31.28,91,79.73,0,Rain,1685.92,210.84,73.85,0,147.92,74.53,Optimized,Moderate Efficiency
1547,2024-07-30 10:26:00,FL2087,97.69,Express,Medium,Departure,T3,23,132.2,36.55,46,9,Crane,77.79,36.13,44,77.6,1,Rain,3219.99,1003.38,100.17,1,64.85,142.73,Baseline,Low Efficiency
1548,2024-08-06 10:07:00,FL6764,68.28,Perishable,Medium,Arrival,T2,10,123.41,99.52,46,4,Crane,67.63,81.06,89,51.05,0,Rain,2871.8,778.72,20.6,0,27.74,129.19,Adaptive,Low Efficiency
1549,2024-04-24 16:36:00,FL7895,9.99,General,Critical,Departure,T4,5,48.54,118.5,40,12,Loader,42.17,58.86,2,70.19,0,Clear,4724.28,588.26,27.33,0,52.14,85.64,Optimized,Low Efficiency
1550,2024-05-06 18:27:00,FL9973,77.81,Hazardous,Medium,Arrival,T3,40,174.99,58.34,6,14,Loader,95.32,55.22,43,30.23,0,Clear,1731.6,945.86,41.88,1,117.32,43.73,Baseline,Low Efficiency
1551,2024-09-20 05:32:00,FL6353,114.41,General,High,Arrival,T1,14,76.64,42.0,35,2,Crane,62.57,30.73,57,29.69,0,Rain,1936.3,1322.87,47.77,1,44.14,86.43,Adaptive,Low Efficiency
1552,2024-06-12 06:54:00,FL8426,74.19,Express,Medium,Arrival,T3,34,72.69,112.12,5,3,Crane,65.0,50.88,88,80.28,0,Fog,529.15,861.54,107.81,0,124.45,127.0,Optimized,Low Efficiency
1553,2024-03-29 08:57:00,FL1448,99.21,Perishable,Low,Departure,T2,28,79.07,62.55,7,7,Forklift,57.39,87.48,97,53.72,0,Rain,1842.52,318.57,34.95,0,122.85,105.32,Optimized,Low Efficiency
1554,2024-05-26 08:23:00,FL1853,106.68,Perishable,Medium,Departure,T4,8,34.68,88.99,17,8,Loader,93.48,53.83,19,30.92,0,Fog,1628.96,880.87,24.07,0,75.69,81.26,Baseline,Low Efficiency
1555,2024-04-11 03:02:00,FL4010,31.23,General,Medium,Departure,T4,16,119.99,52.58,35,5,Crane,60.68,97.46,90,76.08,1,Storm,2308.98,735.13,106.11,1,112.21,44.29,Optimized,Low Efficiency
1556,2024-06-21 09:15:00,FL8264,29.39,General,Critical,Departure,T3,31,58.18,28.29,33,3,Loader,50.45,57.3,64,39.83,1,Fog,2730.38,1416.8,107.1,0,122.17,99.18,Adaptive,Moderate Efficiency
1557,2024-12-25 17:39:00,FL3229,75.26,Express,Critical,Arrival,T2,7,148.53,80.31,48,1,Loader,70.03,62.49,46,36.0,0,Rain,3516.13,930.73,96.38,0,111.68,51.66,Adaptive,Low Efficiency
1558,2024-01-20 03:20:00,FL1050,52.27,Hazardous,Low,Departure,T2,3,83.06,81.46,37,10,Crane,86.89,86.13,41,2.36,0,Fog,1363.5,149.31,51.95,0,53.78,11.73,Baseline,Low Efficiency
1559,2024-09-19 19:07:00,FL7564,101.58,Express,Low,Arrival,T4,29,93.37,57.92,14,13,Crane,62.28,98.81,67,61.11,0,Fog,3003.88,269.02,110.41,1,33.78,63.16,Optimized,Low Efficiency
1560,2024-09-25 15:11:00,FL4278,108.5,Hazardous,Low,Departure,T1,36,123.43,36.04,42,1,Conveyor,79.12,56.01,91,47.94,0,Fog,3778.89,845.37,58.33,1,26.69,38.25,Adaptive,Low Efficiency
1561,2024-12-06 08:30:00,FL6006,45.64,Perishable,Critical,Arrival,T2,39,141.9,100.66,13,11,Loader,58.25,38.4,14,28.06,1,Storm,1585.32,1213.29,97.07,0,144.88,135.13,Baseline,Low Efficiency
1562,2024-04-04 11:54:00,FL6140,32.24,Hazardous,Critical,Arrival,T4,4,56.98,36.66,5,2,Loader,83.19,66.61,20,12.54,0,Rain,2080.45,233.85,57.84,1,23.23,26.91,Baseline,Low Efficiency
1563,2024-03-03 18:43:00,FL2347,94.76,Hazardous,High,Arrival,T4,9,174.61,80.79,48,5,Forklift,80.12,71.42,35,16.42,1,Fog,1423.03,891.61,63.01,0,71.72,57.48,Baseline,Low Efficiency
1564,2024-02-17 21:01:00,FL2815,36.6,Perishable,Medium,Arrival,T2,17,119.57,49.16,41,3,Forklift,80.85,97.16,87,20.24,1,Rain,999.64,733.67,104.63,1,24.23,40.07,Optimized,Low Efficiency
1565,2024-08-13 05:14:00,FL3585,99.6,Perishable,Medium,Departure,T2,49,20.9,59.34,36,13,Forklift,78.75,58.97,25,77.87,0,Storm,3902.92,608.04,10.1,0,121.27,33.63,Baseline,Low Efficiency
1566,2024-10-16 22:20:00,FL5089,53.73,Perishable,Medium,Departure,T3,20,86.5,29.31,37,7,Loader,49.38,36.36,4,43.26,0,Clear,1580.29,214.93,40.14,1,87.44,79.34,Optimized,Low Efficiency
1567,2024-12-14 13:16:00,FL9460,81.77,Express,Low,Arrival,T1,14,89.89,79.69,6,2,Crane,93.28,75.57,57,62.59,0,Rain,2154.06,1331.5,80.83,0,34.6,147.36,Baseline,Low Efficiency
1568,2024-10-26 03:09:00,FL3131,15.99,Perishable,Medium,Departure,T3,46,149.47,30.97,6,2,Crane,75.15,31.48,2,41.52,0,Clear,1614.59,1168.5,111.41,0,144.36,63.48,Adaptive,Low Efficiency
1569,2024-10-25 03:22:00,FL7722,76.74,General,Low,Departure,T3,29,68.82,60.86,9,3,Crane,62.94,59.78,66,42.64,0,Storm,697.21,1389.25,11.38,1,128.77,78.38,Optimized,Low Efficiency
1570,2024-02-23 16:53:00,FL6233,56.95,Perishable,Low,Arrival,T4,13,73.0,42.77,14,13,Loader,50.34,58.68,89,73.99,0,Storm,3780.46,334.72,61.07,0,27.77,99.1,Adaptive,Low Efficiency
1571,2024-04-01 06:14:00,FL8397,72.46,Perishable,Critical,Departure,T4,36,31.28,115.81,42,12,Crane,87.01,47.84,87,69.4,1,Clear,3394.98,901.44,66.81,1,123.86,107.01,Baseline,Low Efficiency
1572,2024-08-18 20:27:00,FL8837,24.32,Perishable,High,Departure,T1,45,65.37,117.96,41,1,Forklift,70.54,97.5,21,20.89,0,Rain,2642.57,126.99,119.93,0,128.22,73.14,Optimized,Moderate Efficiency
1573,2024-02-24 00:07:00,FL3187,89.74,Hazardous,Medium,Departure,T3,17,134.71,91.65,6,2,Crane,48.84,58.24,89,56.31,0,Clear,3534.51,348.77,86.68,0,118.05,21.22,Adaptive,Low Efficiency
1574,2024-11-23 15:52:00,FL5270,104.22,Express,Medium,Arrival,T3,47,121.56,118.15,45,5,Crane,95.29,92.63,91,61.22,0,Storm,4309.25,1204.67,23.9,0,59.16,127.48,Optimized,Low Efficiency
1575,2024-12-05 05:01:00,FL3842,29.93,Perishable,Medium,Departure,T4,43,33.02,18.06,46,3,Forklift,46.36,66.06,52,36.43,1,Storm,3283.08,501.73,71.09,0,45.91,87.3,Baseline,Low Efficiency
1576,2024-09-07 20:49:00,FL6367,16.01,Express,High,Arrival,T4,4,38.35,119.12,44,11,Conveyor,71.45,87.44,75,6.15,1,Rain,4580.53,376.15,26.94,0,83.49,75.55,Optimized,Low Efficiency
1577,2024-04-03 10:48:00,FL5616,7.72,General,High,Arrival,T2,20,80.31,16.91,29,10,Conveyor,76.63,61.6,78,33.43,1,Rain,1406.73,859.15,89.87,1,76.39,127.78,Optimized,Moderate Efficiency
1578,2024-05-12 12:02:00,FL4254,78.83,General,High,Arrival,T3,11,139.0,52.78,42,6,Conveyor,99.94,99.41,81,32.25,0,Fog,4475.11,1017.66,49.97,0,91.71,93.76,Optimized,Low Efficiency
1579,2024-04-03 23:00:00,FL2382,74.82,Perishable,High,Departure,T1,42,153.27,32.48,41,2,Loader,48.45,74.8,15,62.16,1,Clear,2936.91,954.49,82.7,0,68.52,39.74,Optimized,Low Efficiency
1580,2024-11-11 00:33:00,FL7791,67.87,General,Low,Departure,T3,22,22.34,114.69,22,14,Loader,76.81,40.92,46,72.86,0,Rain,4287.32,238.81,108.4,0,39.5,69.28,Baseline,Moderate Efficiency
1581,2024-02-10 08:24:00,FL7022,31.67,Express,Medium,Departure,T4,45,72.64,78.12,31,8,Forklift,68.6,30.45,31,35.64,0,Rain,3847.14,1402.56,97.08,1,89.83,106.36,Optimized,Low Efficiency
1582,2024-03-31 09:52:00,FL3980,49.95,Hazardous,Medium,Arrival,T2,8,87.88,73.67,24,4,Conveyor,55.43,95.02,62,58.11,0,Clear,759.38,348.07,97.64,1,85.26,147.99,Baseline,Low Efficiency
1583,2024-04-21 10:08:00,FL7447,73.36,Perishable,Medium,Departure,T3,28,165.78,119.71,38,3,Loader,96.53,78.08,34,57.86,0,Storm,4270.08,1395.54,40.86,1,137.18,95.72,Optimized,Low Efficiency
1584,2024-08-09 10:57:00,FL7182,62.13,General,High,Arrival,T1,45,100.23,75.43,48,5,Crane,87.45,37.44,36,58.33,0,Clear,2017.8,777.22,75.02,0,98.93,37.22,Adaptive,Low Efficiency
1585,2024-04-29 21:35:00,FL4677,118.6,Express,Medium,Departure,T4,41,63.15,79.31,12,14,Conveyor,86.62,82.04,44,49.89,1,Clear,2404.11,244.14,30.65,0,117.73,12.43,Optimized,Low Efficiency
1586,2024-04-27 22:34:00,FL1339,20.69,Express,Low,Arrival,T2,30,82.41,10.15,8,8,Conveyor,93.95,45.9,63,56.63,1,Storm,549.84,308.07,34.31,0,69.8,52.5,Baseline,Low Efficiency
1587,2024-08-22 22:54:00,FL1376,84.94,General,Medium,Departure,T3,33,89.83,103.79,34,9,Loader,83.5,86.65,77,78.09,0,Clear,3914.25,703.15,87.86,0,125.14,69.9,Adaptive,Low Efficiency
1588,2024-06-13 04:22:00,FL4747,51.5,Express,Critical,Departure,T1,33,127.2,116.56,40,1,Conveyor,70.4,72.69,18,82.96,1,Rain,2601.31,1497.25,54.76,0,53.35,97.18,Adaptive,Low Efficiency
1589,2024-09-08 23:11:00,FL2457,54.24,Express,Low,Departure,T4,47,26.57,115.44,13,4,Forklift,63.49,38.66,81,8.26,0,Clear,4728.28,1340.2,107.74,0,146.91,37.26,Adaptive,Moderate Efficiency
1590,2024-07-25 20:06:00,FL8576,87.52,Perishable,High,Arrival,T1,36,82.31,30.43,45,6,Forklift,82.25,34.97,45,1.06,0,Rain,1764.49,1472.32,63.59,0,124.2,21.74,Baseline,Low Efficiency
1591,2024-02-27 10:10:00,FL4248,84.63,Express,Medium,Arrival,T3,27,123.45,30.98,16,6,Loader,76.17,62.63,39,46.7,0,Storm,2732.32,736.76,17.59,0,10.61,41.31,Baseline,Low Efficiency
1592,2024-07-01 11:38:00,FL5289,118.99,General,Low,Departure,T4,20,65.33,47.1,18,13,Conveyor,72.57,95.58,92,37.15,1,Clear,2350.11,1051.66,55.62,1,124.51,84.82,Adaptive,Low Efficiency
1593,2024-05-22 22:37:00,FL3764,19.77,Perishable,Medium,Arrival,T3,33,114.68,40.67,39,9,Forklift,75.34,69.52,26,40.61,0,Fog,4064.5,826.87,24.74,0,85.33,28.23,Baseline,Low Efficiency
1594,2024-07-18 20:22:00,FL1815,16.97,General,High,Arrival,T2,25,77.16,40.15,10,1,Conveyor,79.32,83.14,78,41.27,0,Clear,2910.4,141.4,119.39,0,91.21,31.49,Adaptive,Moderate Efficiency
1595,2024-04-01 03:30:00,FL7570,88.3,Hazardous,Medium,Arrival,T3,44,141.4,74.6,27,13,Forklift,98.12,62.86,75,80.57,0,Clear,2569.45,298.57,12.62,1,149.77,135.46,Optimized,Low Efficiency
1596,2024-08-08 12:14:00,FL8027,71.51,General,Critical,Departure,T2,43,29.7,97.64,8,14,Forklift,85.19,56.89,96,57.3,1,Rain,4760.69,499.5,71.79,0,110.46,22.51,Adaptive,Low Efficiency
1597,2024-03-09 00:46:00,FL5262,36.53,General,Low,Departure,T3,19,166.87,112.73,5,5,Conveyor,50.59,87.55,24,39.81,1,Rain,2200.74,538.37,50.09,0,28.24,107.86,Baseline,Low Efficiency
1598,2024-05-02 19:07:00,FL3445,14.13,Perishable,Low,Departure,T1,47,47.46,12.8,13,10,Loader,68.01,62.44,58,40.93,0,Fog,2705.09,1072.8,76.76,1,115.57,13.46,Adaptive,Moderate Efficiency
1599,2024-04-22 06:44:00,FL2459,14.85,Express,Critical,Arrival,T1,21,45.37,36.97,13,1,Loader,80.69,39.91,95,76.01,1,Fog,2993.63,1109.08,69.3,0,37.93,92.18,Adaptive,Moderate Efficiency
1600,2024-05-04 15:56:00,FL7028,107.83,General,Medium,Departure,T4,42,154.5,34.33,48,6,Loader,50.54,49.22,50,19.54,1,Storm,742.39,730.72,110.99,1,140.89,125.48,Optimized,Low Efficiency
1601,2024-09-02 20:19:00,FL3787,27.06,Perishable,Medium,Arrival,T1,33,159.09,46.11,19,9,Conveyor,95.96,69.3,72,1.33,1,Storm,2869.3,630.61,30.07,1,46.92,84.81,Baseline,Low Efficiency
1602,2024-01-30 23:55:00,FL2922,42.19,Hazardous,High,Arrival,T1,3,34.88,53.8,28,4,Conveyor,44.62,58.18,39,43.04,0,Clear,2011.1,347.92,23.16,1,74.64,45.76,Adaptive,Low Efficiency
1603,2024-01-21 15:51:00,FL1231,31.07,Perishable,Medium,Departure,T2,14,165.4,49.75,12,10,Conveyor,76.66,55.65,72,86.44,0,Rain,3426.11,157.32,105.74,0,123.79,12.84,Baseline,Low Efficiency
1604,2024-02-29 03:28:00,FL9615,45.82,Perishable,High,Departure,T1,15,63.73,114.5,32,10,Loader,98.56,76.81,31,73.29,0,Clear,3396.31,919.48,112.49,0,144.99,11.39,Baseline,Moderate Efficiency
1605,2024-02-03 02:30:00,FL8129,12.98,Express,Low,Departure,T2,33,118.98,55.27,46,9,Conveyor,83.67,74.54,83,36.76,0,Rain,3700.84,587.22,49.06,1,32.0,124.97,Baseline,Low Efficiency
1606,2024-07-11 17:11:00,FL8433,64.69,General,Low,Arrival,T2,42,30.97,68.43,21,3,Loader,80.64,51.98,36,15.76,1,Storm,2296.18,767.43,115.19,1,19.67,97.91,Optimized,Moderate Efficiency
1607,2024-06-02 12:08:00,FL9096,12.78,Hazardous,Low,Arrival,T2,22,80.91,91.09,39,11,Forklift,99.85,55.16,39,51.31,0,Rain,971.54,1361.18,47.71,0,120.61,73.71,Baseline,Low Efficiency
1608,2024-10-30 08:22:00,FL2941,97.04,Perishable,High,Departure,T3,1,92.12,88.38,35,7,Loader,87.51,82.64,96,79.17,1,Rain,2476.19,1034.76,74.28,0,130.78,80.87,Baseline,Low Efficiency
1609,2024-01-23 01:17:00,FL4677,31.88,General,Low,Arrival,T2,31,115.97,72.04,8,5,Loader,98.22,94.49,21,64.55,1,Storm,2984.84,1190.28,83.34,0,94.29,84.3,Baseline,Low Efficiency
1610,2024-12-28 15:50:00,FL4328,67.1,General,High,Departure,T3,47,104.04,104.0,18,10,Crane,81.93,52.7,23,48.62,1,Storm,611.83,351.87,119.33,0,33.92,60.19,Optimized,Low Efficiency
1611,2024-07-29 22:22:00,FL4121,106.21,Perishable,Critical,Departure,T2,35,93.84,76.78,29,1,Crane,79.93,50.43,54,66.14,0,Rain,2963.13,102.19,28.74,0,32.0,126.26,Baseline,Low Efficiency
1612,2024-08-07 23:28:00,FL5361,79.85,General,Medium,Departure,T3,20,173.54,105.6,44,7,Loader,85.75,48.57,36,86.82,0,Fog,2296.74,289.44,42.42,0,74.48,149.11,Baseline,Low Efficiency
1613,2024-12-17 16:04:00,FL5717,66.29,Perishable,Medium,Departure,T4,32,49.6,39.82,11,8,Crane,51.33,39.91,15,49.74,0,Rain,2653.06,1175.32,70.08,0,37.15,81.59,Optimized,Low Efficiency
1614,2024-06-27 07:33:00,FL9096,42.3,Perishable,Medium,Departure,T4,12,45.28,20.18,35,6,Conveyor,88.35,56.4,2,49.98,0,Storm,1865.01,721.36,33.61,1,58.55,79.09,Optimized,Low Efficiency
1615,2024-10-22 16:58:00,FL7259,43.3,Perishable,Medium,Departure,T3,16,134.15,99.24,39,1,Crane,98.21,66.12,76,43.07,1,Fog,2714.63,399.47,73.8,0,121.2,139.74,Adaptive,Low Efficiency
1616,2024-08-04 14:02:00,FL3133,81.99,Hazardous,Medium,Arrival,T4,8,31.93,48.99,42,9,Crane,76.7,67.62,70,51.0,1,Fog,4468.28,1446.62,95.6,1,24.81,102.73,Baseline,Moderate Efficiency
1617,2024-11-26 06:15:00,FL8066,119.33,Perishable,High,Arrival,T1,14,97.26,79.87,24,7,Crane,40.74,78.37,38,57.16,0,Clear,4045.32,781.39,106.72,1,52.52,99.4,Adaptive,Low Efficiency
1618,2024-02-23 03:17:00,FL4385,81.11,Express,Critical,Departure,T2,18,97.45,89.79,20,14,Loader,44.33,33.68,65,18.39,0,Storm,3272.2,616.53,46.99,0,65.53,18.65,Optimized,Low Efficiency
1619,2024-02-13 15:03:00,FL4531,69.15,General,Critical,Departure,T3,30,69.6,42.57,26,6,Forklift,54.08,69.3,50,51.12,1,Clear,3319.6,1468.01,28.98,1,41.84,78.53,Baseline,Low Efficiency
1620,2024-04-25 02:39:00,FL5636,89.02,Hazardous,Critical,Arrival,T4,33,168.87,63.09,40,4,Forklift,69.47,47.85,90,1.21,1,Storm,4529.26,287.02,85.43,0,109.18,94.21,Adaptive,Low Efficiency
1621,2024-11-16 02:39:00,FL4102,58.5,General,Critical,Arrival,T4,34,65.21,107.92,23,3,Forklift,64.83,46.74,87,84.41,0,Fog,2658.63,939.37,85.52,0,75.63,124.56,Optimized,Low Efficiency
1622,2024-10-29 15:30:00,FL7853,11.92,Hazardous,Medium,Departure,T1,44,66.15,106.18,6,4,Forklift,98.75,85.28,1,3.41,1,Fog,2927.06,1148.62,58.17,0,142.53,112.69,Baseline,Low Efficiency
1623,2024-12-18 14:54:00,FL3955,69.66,Express,High,Departure,T2,49,57.49,91.18,8,1,Forklift,96.74,40.74,21,86.23,0,Storm,4370.8,1417.07,75.3,1,57.58,148.66,Optimized,Low Efficiency
1624,2024-12-04 04:42:00,FL7693,115.13,Hazardous,Critical,Arrival,T1,34,43.33,92.72,38,9,Forklift,63.56,53.04,57,87.21,0,Fog,3896.23,1267.6,97.84,0,139.57,20.96,Adaptive,Low Efficiency
1625,2024-05-28 13:33:00,FL3391,25.16,Hazardous,Medium,Departure,T3,49,78.24,108.23,11,2,Loader,87.66,74.63,19,47.41,0,Storm,2448.78,505.17,90.66,0,89.56,86.56,Optimized,Low Efficiency
1626,2024-09-04 17:17:00,FL1471,84.35,Hazardous,Critical,Arrival,T4,7,128.94,89.68,18,2,Conveyor,78.18,75.0,29,29.92,1,Rain,1873.68,464.56,84.02,0,85.42,25.54,Adaptive,Low Efficiency
1627,2024-04-14 14:47:00,FL5754,28.11,General,Medium,Departure,T4,6,138.75,44.05,47,3,Conveyor,54.59,33.37,50,16.65,0,Storm,2830.18,236.74,82.81,0,42.88,122.54,Optimized,Low Efficiency
1628,2024-08-15 14:46:00,FL5289,66.62,Perishable,High,Arrival,T4,6,150.15,18.89,36,14,Forklift,95.87,35.08,90,14.6,1,Storm,1042.75,334.39,89.66,0,142.69,90.51,Baseline,Low Efficiency
1629,2024-08-20 12:27:00,FL4858,16.12,General,High,Departure,T1,22,51.61,53.52,21,13,Crane,55.57,75.88,34,21.41,0,Rain,3561.97,1122.12,76.82,1,54.57,48.36,Adaptive,Low Efficiency
1630,2024-09-08 11:47:00,FL8388,56.79,Perishable,Critical,Departure,T1,8,25.7,15.04,41,1,Crane,92.22,96.72,81,42.86,0,Fog,2590.02,504.95,19.29,0,86.53,71.64,Optimized,Low Efficiency
1631,2024-10-17 08:04:00,FL5068,91.96,General,Low,Departure,T2,37,175.95,18.31,18,10,Loader,78.26,99.9,82,66.86,0,Fog,3177.45,718.63,74.12,1,141.52,140.36,Baseline,Low Efficiency
1632,2024-04-05 05:18:00,FL7056,44.97,Express,High,Arrival,T3,15,22.29,114.27,21,3,Forklift,77.27,99.1,54,35.89,1,Fog,4307.89,1066.45,107.86,1,129.09,119.14,Optimized,Moderate Efficiency
1633,2024-09-26 19:39:00,FL8506,81.46,Express,Medium,Departure,T2,26,173.71,82.73,36,4,Forklift,90.3,54.61,32,70.29,0,Clear,2103.44,1030.93,14.14,0,53.23,84.45,Baseline,Low Efficiency
1634,2024-03-18 07:41:00,FL2404,96.48,Hazardous,Low,Arrival,T2,39,152.61,102.94,6,9,Crane,69.66,46.93,4,50.81,1,Clear,2737.26,1210.42,53.9,0,122.72,122.15,Adaptive,Low Efficiency
1635,2024-08-20 08:57:00,FL1169,111.63,Express,High,Arrival,T4,3,165.93,78.93,43,5,Forklift,91.2,36.91,30,1.73,0,Storm,3000.61,181.64,53.22,0,105.31,14.28,Baseline,Low Efficiency
1636,2024-06-25 00:40:00,FL8682,31.98,Hazardous,Medium,Arrival,T1,10,81.95,53.13,8,11,Forklift,73.01,52.81,95,11.86,0,Storm,1760.79,900.97,37.95,0,14.67,135.59,Optimized,Low Efficiency
1637,2024-12-05 16:11:00,FL3182,50.92,Perishable,High,Arrival,T3,3,51.55,7.89,44,6,Crane,99.08,49.38,18,51.5,0,Storm,1736.76,1349.07,73.2,0,79.0,115.28,Optimized,Moderate Efficiency
1638,2024-03-30 05:13:00,FL6296,22.53,Express,Medium,Departure,T2,30,117.03,114.92,34,13,Conveyor,79.6,70.38,69,14.5,0,Rain,2868.0,622.37,28.77,1,69.14,121.51,Optimized,Low Efficiency
1639,2024-07-13 18:24:00,FL7513,119.14,Perishable,Medium,Departure,T3,46,138.6,13.16,34,1,Conveyor,62.44,55.81,96,54.75,1,Rain,1657.23,368.08,110.8,0,102.25,85.09,Adaptive,Low Efficiency
1640,2024-11-23 09:15:00,FL4476,111.61,General,High,Departure,T4,22,40.94,75.17,37,3,Loader,85.8,46.21,29,40.08,0,Clear,4375.41,196.35,27.12,1,108.4,107.29,Optimized,Low Efficiency
1641,2024-06-29 12:41:00,FL7283,67.1,Perishable,Medium,Arrival,T2,3,147.62,16.75,46,14,Crane,70.59,72.88,12,62.11,0,Rain,4976.94,1415.69,116.15,0,108.64,99.87,Baseline,Low Efficiency
1642,2024-04-12 14:00:00,FL7935,101.83,General,Low,Departure,T1,1,53.37,37.68,5,7,Loader,88.36,52.61,15,26.23,1,Storm,1448.83,105.32,11.28,0,74.39,123.84,Optimized,Low Efficiency
1643,2024-03-11 11:54:00,FL5198,64.91,Perishable,Critical,Arrival,T2,33,98.67,26.37,37,7,Forklift,90.01,54.75,79,73.95,0,Rain,3088.66,1208.81,63.68,0,142.62,108.64,Optimized,Low Efficiency
1644,2024-02-06 20:23:00,FL2196,76.71,Perishable,Medium,Arrival,T4,19,157.04,68.68,40,10,Crane,77.01,71.89,99,35.0,0,Storm,1154.2,470.27,13.98,0,19.95,80.39,Baseline,Low Efficiency
1645,2024-07-30 07:49:00,FL2561,15.25,Express,High,Arrival,T2,36,50.95,107.01,35,13,Conveyor,92.33,38.28,53,71.7,0,Fog,1335.07,439.42,106.49,0,100.84,21.91,Optimized,Moderate Efficiency
1646,2024-10-06 17:30:00,FL1962,91.86,Perishable,Medium,Departure,T4,34,58.7,78.1,41,12,Forklift,64.21,84.2,35,1.74,0,Fog,3946.86,320.56,97.86,0,71.48,149.17,Optimized,Low Efficiency
1647,2024-10-31 11:26:00,FL1853,19.69,Express,Medium,Arrival,T2,31,30.04,81.38,18,12,Conveyor,43.44,97.58,52,35.38,0,Clear,1398.56,371.29,34.75,0,42.55,59.31,Baseline,Low Efficiency
1648,2024-06-29 18:50:00,FL6453,100.0,Express,Medium,Departure,T3,43,43.46,109.53,10,13,Conveyor,79.76,64.36,53,19.82,1,Storm,3870.51,819.67,25.18,0,29.13,116.46,Adaptive,Low Efficiency
1649,2024-04-26 06:57:00,FL4847,94.93,Hazardous,Medium,Departure,T1,24,43.44,91.18,11,1,Loader,85.87,69.19,14,39.93,0,Fog,2318.13,1325.7,33.32,1,74.74,95.56,Adaptive,Low Efficiency
1650,2024-08-26 10:21:00,FL8715,86.51,Hazardous,Medium,Departure,T4,12,52.55,104.58,44,9,Crane,44.37,56.93,18,85.21,1,Storm,2657.57,614.53,18.62,0,52.74,146.89,Baseline,Low Efficiency
1651,2024-08-15 17:05:00,FL6804,9.16,General,Medium,Arrival,T3,13,65.79,52.89,28,1,Crane,86.25,96.97,38,14.31,0,Rain,1667.35,1143.79,36.06,0,40.69,144.94,Adaptive,Low Efficiency
1652,2024-05-18 05:35:00,FL1745,39.86,Perishable,Medium,Departure,T4,16,150.4,104.52,8,7,Crane,78.35,39.31,86,7.92,1,Fog,2970.42,445.31,17.49,1,15.08,70.83,Baseline,Low Efficiency
1653,2024-04-26 00:42:00,FL1087,35.26,General,Low,Arrival,T2,16,166.52,79.27,29,12,Loader,46.98,86.95,38,5.26,1,Rain,1992.0,1365.76,103.78,0,53.79,129.31,Baseline,Low Efficiency
1654,2024-12-28 19:49:00,FL5155,46.42,Perishable,Medium,Arrival,T4,20,85.0,20.59,7,12,Conveyor,72.4,75.53,55,11.1,0,Storm,1285.55,1379.5,103.84,0,140.47,26.85,Adaptive,Moderate Efficiency
1655,2024-12-05 22:11:00,FL9266,15.08,Hazardous,Low,Arrival,T4,41,40.51,9.45,32,2,Loader,46.52,85.4,11,5.58,1,Clear,1125.83,251.56,70.39,0,85.38,39.6,Adaptive,Low Efficiency
1656,2024-12-29 04:27:00,FL7241,112.75,Hazardous,Low,Arrival,T1,48,55.81,33.06,27,9,Crane,59.3,96.53,67,61.63,1,Fog,4998.46,1274.34,111.19,1,43.8,90.27,Optimized,Moderate Efficiency
1657,2024-08-12 16:08:00,FL5956,68.69,Perishable,Critical,Departure,T3,27,137.79,48.51,40,12,Forklift,88.24,64.73,53,10.57,0,Clear,2055.35,1082.65,48.53,0,146.6,39.68,Optimized,Low Efficiency
1658,2024-12-28 04:10:00,FL7466,40.14,Perishable,High,Departure,T2,39,128.39,101.32,17,12,Crane,46.05,50.18,78,17.77,0,Fog,4122.16,651.38,29.67,0,101.16,26.65,Baseline,Low Efficiency
1659,2024-01-17 21:02:00,FL7076,50.65,Hazardous,High,Departure,T1,13,174.75,90.24,26,9,Crane,67.56,84.57,44,58.1,1,Fog,2036.23,1268.69,43.47,0,80.99,38.4,Optimized,Low Efficiency
1660,2024-03-06 13:43:00,FL3166,56.43,Hazardous,Medium,Departure,T4,4,22.32,114.87,29,9,Conveyor,76.34,89.12,25,40.15,0,Fog,3303.32,1364.88,23.6,0,140.69,56.53,Optimized,Low Efficiency
1661,2024-10-13 08:24:00,FL1673,74.07,General,Critical,Arrival,T1,32,140.12,69.31,47,4,Crane,96.43,78.04,62,4.92,0,Clear,4285.23,794.93,100.46,1,119.35,147.56,Optimized,Low Efficiency
1662,2024-11-28 22:41:00,FL3938,64.3,Hazardous,High,Arrival,T4,45,100.93,90.99,28,6,Crane,84.24,89.43,14,87.36,1,Fog,3632.15,812.31,93.65,0,84.54,22.31,Optimized,Low Efficiency
1663,2024-06-24 07:02:00,FL5264,110.73,Perishable,High,Arrival,T2,40,164.43,36.66,47,13,Conveyor,48.35,81.12,47,53.99,0,Rain,810.84,1085.99,30.88,1,10.99,21.96,Optimized,Low Efficiency
1664,2024-06-05 15:55:00,FL3783,62.15,General,Medium,Arrival,T4,34,112.19,83.15,41,12,Crane,98.13,97.02,95,55.24,0,Storm,1367.49,441.91,70.01,1,67.97,16.14,Optimized,Low Efficiency
1665,2024-09-13 23:17:00,FL9253,119.1,Perishable,Critical,Departure,T1,39,91.47,86.21,37,2,Crane,68.68,69.95,89,76.73,0,Fog,4431.13,207.51,40.87,0,121.95,43.5,Baseline,Low Efficiency
1666,2024-02-05 10:21:00,FL9074,102.91,Express,High,Departure,T1,43,126.54,102.57,18,3,Conveyor,62.18,56.63,55,81.82,0,Fog,2620.5,840.15,24.43,0,49.89,25.65,Adaptive,Low Efficiency
1667,2024-02-06 19:15:00,FL6557,28.98,General,Critical,Arrival,T4,17,153.36,66.69,28,6,Forklift,47.72,77.64,83,5.14,1,Rain,3193.11,548.56,36.99,1,17.62,16.18,Baseline,Low Efficiency
1668,2024-07-23 21:03:00,FL8669,112.02,Perishable,Low,Arrival,T3,24,65.2,79.64,26,1,Conveyor,96.01,34.84,12,6.15,0,Clear,610.04,272.05,75.98,0,95.14,72.31,Adaptive,Moderate Efficiency
1669,2024-12-26 08:54:00,FL3161,18.38,Hazardous,Low,Arrival,T1,29,37.2,28.35,41,7,Crane,75.17,64.89,7,69.89,0,Clear,2692.92,296.18,81.57,0,135.94,122.65,Baseline,Moderate Efficiency
1670,2024-12-08 16:06:00,FL2468,99.01,Express,Low,Arrival,T3,46,89.28,89.73,27,2,Loader,99.28,84.14,49,62.63,0,Rain,2438.85,398.22,30.55,0,148.43,23.94,Adaptive,Low Efficiency
1671,2024-07-27 01:48:00,FL6198,48.77,Perishable,Low,Departure,T3,28,54.32,101.42,10,8,Forklift,50.43,41.83,14,19.51,0,Fog,3587.88,572.9,95.12,1,26.04,24.82,Optimized,Low Efficiency
1672,2024-01-06 22:54:00,FL9690,105.97,General,Critical,Arrival,T3,45,88.73,73.28,23,5,Conveyor,72.75,58.03,29,28.91,0,Rain,1735.01,711.57,73.24,0,144.68,123.6,Adaptive,Low Efficiency
1673,2024-03-19 06:38:00,FL8093,104.83,Perishable,Low,Departure,T3,47,178.57,18.3,16,7,Forklift,46.59,54.52,47,54.99,1,Rain,3847.51,1439.2,57.22,1,63.71,55.86,Baseline,Low Efficiency
1674,2024-11-09 19:00:00,FL3323,97.68,Express,Low,Departure,T1,22,111.86,40.98,30,8,Forklift,71.46,53.45,14,71.01,1,Storm,3519.03,779.33,81.09,1,114.38,80.03,Baseline,Low Efficiency
1675,2024-04-07 12:40:00,FL5266,95.85,General,Low,Arrival,T1,28,130.98,59.68,33,3,Loader,93.39,75.54,87,54.28,1,Storm,2793.7,1378.77,46.66,1,38.58,119.33,Baseline,Low Efficiency
1676,2024-07-11 13:59:00,FL2914,40.04,Express,Low,Arrival,T3,25,128.47,82.87,18,6,Loader,46.56,64.82,51,71.28,1,Fog,2190.43,864.75,39.02,0,104.16,67.23,Optimized,Low Efficiency
1677,2024-09-23 08:25:00,FL6132,14.31,Perishable,Low,Departure,T1,41,151.31,41.84,21,12,Loader,56.18,85.81,14,20.58,1,Rain,1858.96,321.32,111.89,0,104.01,12.77,Baseline,Low Efficiency
1678,2024-10-20 15:22:00,FL1723,51.34,Hazardous,High,Departure,T3,3,171.06,101.63,34,9,Crane,80.94,34.05,87,29.8,0,Clear,2907.95,1280.11,108.91,1,49.51,68.26,Optimized,Low Efficiency
1679,2024-09-23 11:13:00,FL3095,24.96,Hazardous,Medium,Arrival,T3,13,125.41,47.76,11,4,Conveyor,44.58,61.77,8,9.15,0,Clear,3095.71,123.07,62.28,0,72.37,134.11,Optimized,Low Efficiency
1680,2024-02-02 22:40:00,FL9179,84.92,Perishable,Low,Departure,T3,31,96.18,9.93,25,10,Crane,67.24,30.98,77,88.63,1,Storm,2516.59,889.23,76.43,1,68.05,27.15,Optimized,Low Efficiency
1681,2024-10-18 16:40:00,FL5603,44.8,Perishable,Medium,Arrival,T4,13,70.85,96.31,5,7,Conveyor,59.98,45.46,65,72.81,1,Clear,1942.59,578.54,82.26,1,101.7,104.67,Baseline,Low Efficiency
1682,2024-02-07 06:02:00,FL6907,117.2,Perishable,Medium,Arrival,T2,41,77.64,79.09,42,1,Crane,90.29,84.28,37,64.42,0,Rain,4459.55,713.53,82.12,0,146.8,79.62,Adaptive,Low Efficiency
1683,2024-05-21 17:50:00,FL8046,78.71,General,Low,Departure,T1,18,73.52,97.22,8,12,Crane,42.94,37.42,90,17.53,0,Storm,1895.96,1216.44,68.1,1,89.81,84.47,Optimized,Low Efficiency
1684,2024-09-20 23:33:00,FL5635,99.59,Express,High,Departure,T1,37,71.91,45.12,12,7,Loader,91.8,37.39,68,62.88,0,Storm,3524.75,107.64,44.4,0,86.21,126.21,Baseline,Low Efficiency
1685,2024-07-29 03:40:00,FL5312,20.24,Express,High,Arrival,T3,43,131.14,7.03,22,9,Crane,82.22,58.1,16,77.62,1,Fog,4571.71,355.26,107.85,0,57.33,120.02,Adaptive,Low Efficiency
1686,2024-02-23 13:03:00,FL5321,104.13,Express,High,Arrival,T4,34,114.03,13.48,49,10,Loader,57.83,84.39,89,72.93,1,Storm,3410.82,1237.74,71.81,0,104.89,147.89,Adaptive,Low Efficiency
1687,2024-10-08 07:56:00,FL9470,111.12,Perishable,High,Departure,T4,17,52.32,17.86,12,8,Conveyor,51.87,74.66,83,67.92,0,Storm,2146.65,863.67,109.8,1,128.45,33.55,Baseline,Moderate Efficiency
1688,2024-11-23 22:30:00,FL6128,61.01,Express,Low,Departure,T1,21,175.14,97.59,35,4,Loader,97.01,84.72,20,34.84,1,Clear,1837.44,461.64,101.12,1,23.81,45.52,Baseline,Low Efficiency
1689,2024-07-22 16:28:00,FL8139,74.72,Perishable,Critical,Departure,T3,36,88.44,39.66,35,3,Forklift,73.23,33.47,90,69.03,0,Storm,4340.31,796.87,81.46,0,43.79,114.53,Optimized,Low Efficiency
1690,2024-03-27 12:22:00,FL3703,92.95,General,High,Departure,T1,40,110.57,119.76,32,7,Forklift,60.69,69.46,96,43.61,1,Storm,2704.8,664.08,88.16,0,93.03,127.49,Baseline,Low Efficiency
1691,2024-04-03 16:33:00,FL6169,25.11,Hazardous,Critical,Arrival,T3,19,132.42,92.21,41,13,Crane,42.67,61.73,67,36.41,0,Fog,3170.16,1176.18,110.24,0,21.76,125.08,Baseline,Low Efficiency
1692,2024-03-11 09:37:00,FL9049,62.8,Perishable,Low,Arrival,T3,12,118.19,74.13,7,12,Forklift,49.95,92.72,71,86.83,0,Fog,3183.35,1159.15,79.44,1,58.67,73.92,Optimized,Low Efficiency
1693,2024-10-13 19:57:00,FL3478,50.85,Perishable,Critical,Arrival,T2,28,69.77,118.12,49,1,Conveyor,75.89,81.61,32,13.2,1,Storm,2902.11,748.36,61.52,0,77.13,25.12,Baseline,Low Efficiency
1694,2024-09-28 18:06:00,FL8208,21.83,Hazardous,High,Departure,T3,11,147.63,41.38,19,8,Crane,70.79,59.7,69,77.82,0,Clear,4690.97,486.26,58.65,0,122.81,61.36,Optimized,Low Efficiency
1695,2024-09-03 21:56:00,FL1871,47.27,Hazardous,High,Departure,T2,48,37.62,24.05,8,14,Loader,85.46,68.77,85,28.99,1,Rain,4689.65,116.89,117.79,0,83.72,49.26,Adaptive,Moderate Efficiency
1696,2024-09-23 05:26:00,FL4095,12.84,General,Low,Arrival,T1,37,111.04,89.79,39,12,Crane,90.09,59.74,30,46.48,0,Clear,681.9,761.61,92.68,0,63.21,81.51,Optimized,Low Efficiency
1697,2024-04-15 01:15:00,FL3435,7.97,Express,High,Departure,T1,28,63.73,36.98,38,1,Crane,63.83,60.88,20,32.66,0,Rain,2775.5,929.57,83.84,0,30.63,33.03,Adaptive,Low Efficiency
1698,2024-05-24 22:47:00,FL1894,20.54,Perishable,Critical,Departure,T4,35,118.52,115.52,40,7,Forklift,46.06,74.39,58,45.29,0,Fog,3045.05,947.64,20.57,0,38.34,99.47,Adaptive,Low Efficiency
1699,2024-10-19 06:44:00,FL4766,115.76,Express,High,Departure,T2,44,54.88,118.63,10,6,Crane,87.49,45.16,29,73.66,0,Storm,4665.01,1315.17,74.68,1,82.54,145.15,Adaptive,Low Efficiency
1700,2024-12-30 03:29:00,FL4000,68.2,Perishable,Medium,Departure,T1,15,143.55,111.54,8,10,Conveyor,73.22,53.32,24,16.47,1,Clear,813.46,754.39,30.78,0,122.65,112.95,Optimized,Low Efficiency
1701,2024-01-30 07:30:00,FL1587,116.07,General,Critical,Departure,T2,16,56.41,113.65,34,8,Crane,98.79,49.54,1,67.93,1,Clear,4050.84,1108.62,52.88,1,65.87,147.79,Adaptive,Low Efficiency
1702,2024-02-02 23:44:00,FL8704,54.74,Hazardous,Medium,Departure,T1,45,162.46,75.8,43,6,Loader,87.78,86.06,89,40.13,1,Rain,3390.88,278.08,71.3,0,41.89,109.63,Optimized,Low Efficiency
1703,2024-01-29 08:04:00,FL5263,40.86,General,Medium,Arrival,T2,7,157.85,84.59,22,5,Loader,59.74,95.94,27,84.15,1,Rain,3796.25,1169.6,10.88,0,63.06,113.82,Optimized,Low Efficiency
1704,2024-04-09 18:53:00,FL3679,63.21,Hazardous,Medium,Arrival,T2,47,77.98,15.84,26,9,Forklift,65.71,59.0,89,49.23,1,Storm,1812.67,723.22,104.85,1,17.74,84.46,Optimized,Moderate Efficiency
1705,2024-08-30 12:18:00,FL8653,55.54,Express,Critical,Arrival,T3,3,81.73,92.75,14,4,Crane,54.13,35.4,21,3.72,0,Storm,3859.76,1072.12,58.26,1,84.31,142.72,Optimized,Low Efficiency
1706,2024-12-10 23:16:00,FL8150,17.15,Express,Low,Arrival,T1,31,132.24,28.24,33,7,Loader,70.72,36.55,17,81.92,1,Fog,1772.03,1269.21,78.5,0,20.4,60.34,Baseline,Low Efficiency
1707,2024-11-28 18:27:00,FL2900,78.7,General,Medium,Departure,T4,12,34.46,101.64,27,6,Crane,82.64,57.97,92,83.2,0,Storm,3540.5,455.58,32.22,1,128.99,116.98,Optimized,Low Efficiency
1708,2024-04-18 10:55:00,FL9108,29.84,Hazardous,High,Arrival,T3,8,32.95,115.58,8,10,Crane,76.75,57.65,32,16.19,0,Clear,4041.6,1033.25,87.13,1,116.85,10.22,Adaptive,Low Efficiency
1709,2024-04-11 18:50:00,FL1668,76.25,General,High,Arrival,T4,25,41.81,29.42,23,6,Loader,60.53,40.23,44,87.54,0,Clear,4024.88,272.55,44.11,0,108.47,123.28,Baseline,Low Efficiency
1710,2024-08-26 19:37:00,FL8233,79.77,Hazardous,Medium,Arrival,T2,44,110.0,13.97,30,11,Crane,89.4,86.5,98,40.12,0,Clear,2949.68,256.29,66.77,0,142.31,51.19,Baseline,Low Efficiency
1711,2024-08-19 22:42:00,FL6841,22.48,Hazardous,Critical,Arrival,T3,35,43.84,60.65,11,12,Forklift,46.3,65.01,22,82.3,0,Rain,2361.05,497.03,45.56,0,134.48,21.76,Baseline,Low Efficiency
1712,2024-04-28 07:55:00,FL8949,12.06,Express,Critical,Departure,T2,12,64.42,96.03,17,5,Forklift,48.55,37.63,42,32.77,0,Storm,1595.99,283.3,80.9,0,10.38,111.31,Optimized,Low Efficiency
1713,2024-10-13 03:22:00,FL8499,94.79,Express,Low,Departure,T1,21,123.51,93.62,7,2,Loader,64.25,36.91,83,2.04,1,Storm,650.73,734.09,103.54,1,119.09,83.11,Baseline,Low Efficiency
1714,2024-08-05 21:29:00,FL9077,57.88,Hazardous,Medium,Arrival,T1,26,22.5,85.13,44,4,Conveyor,82.13,61.22,62,71.55,1,Rain,720.03,1314.64,80.52,0,91.94,50.1,Adaptive,Moderate Efficiency
1715,2024-09-01 22:33:00,FL2843,11.69,Hazardous,Low,Arrival,T4,2,48.84,99.38,15,1,Conveyor,81.65,38.18,48,79.72,1,Clear,2383.32,204.1,29.6,0,70.97,115.58,Baseline,Low Efficiency
1716,2024-12-22 16:41:00,FL3425,119.41,Hazardous,Medium,Departure,T1,14,168.79,25.12,20,9,Crane,61.99,69.28,8,14.65,1,Rain,927.21,608.72,37.46,0,50.21,69.61,Baseline,Low Efficiency
1717,2024-08-06 07:13:00,FL3025,11.64,Express,Medium,Departure,T4,46,126.17,79.97,24,9,Forklift,81.8,56.95,2,49.86,1,Fog,1003.84,390.91,67.5,0,37.46,101.02,Baseline,Low Efficiency
1718,2024-12-11 19:20:00,FL6727,84.93,Express,Critical,Arrival,T2,4,68.89,74.65,27,8,Loader,43.64,94.38,5,74.84,1,Clear,1376.16,742.26,39.84,0,133.53,149.72,Adaptive,Low Efficiency
1719,2024-01-13 02:45:00,FL2533,118.12,Perishable,High,Departure,T3,17,27.25,22.64,27,4,Forklift,57.4,59.32,28,41.54,0,Clear,2665.88,987.99,31.5,1,60.83,10.56,Optimized,Low Efficiency
1720,2024-09-25 05:31:00,FL4337,32.51,Hazardous,Low,Departure,T1,47,113.77,52.66,36,5,Conveyor,81.63,73.01,4,70.95,1,Fog,3162.88,1294.13,15.13,1,72.75,128.71,Optimized,Low Efficiency
1721,2024-08-29 04:49:00,FL5654,21.36,Perishable,Low,Arrival,T2,48,55.66,103.04,45,1,Conveyor,51.04,86.79,53,57.43,0,Clear,3624.2,132.94,21.46,0,109.82,88.22,Optimized,Low Efficiency
1722,2024-03-20 19:28:00,FL3959,18.96,Hazardous,Medium,Departure,T3,5,173.63,116.76,46,4,Crane,52.76,51.2,1,64.87,0,Clear,2687.99,895.45,72.13,0,120.02,62.11,Adaptive,Low Efficiency
1723,2024-10-30 07:34:00,FL3757,39.88,Express,Medium,Arrival,T2,24,129.91,81.52,42,4,Loader,45.21,65.83,79,82.69,0,Storm,3491.31,1065.83,31.41,0,97.55,143.18,Baseline,Low Efficiency
1724,2024-08-12 01:03:00,FL9335,16.62,Perishable,Low,Arrival,T4,49,175.86,111.02,7,5,Crane,61.87,38.47,77,37.51,0,Clear,4379.49,288.79,64.83,0,68.74,141.46,Adaptive,Low Efficiency
1725,2024-01-20 09:41:00,FL5469,84.6,Perishable,Critical,Departure,T2,7,155.82,20.19,12,2,Forklift,89.5,60.29,95,69.39,1,Clear,2183.73,1412.64,80.6,0,18.97,18.48,Optimized,Low Efficiency
1726,2024-12-11 14:03:00,FL4479,12.16,General,Critical,Departure,T4,23,97.28,117.13,42,2,Forklift,90.18,56.31,81,64.14,0,Rain,3597.08,213.33,37.52,1,95.64,107.46,Adaptive,Low Efficiency
1727,2024-07-12 08:28:00,FL1067,63.58,Hazardous,Medium,Departure,T4,47,127.13,8.85,44,12,Conveyor,91.74,59.97,6,39.51,0,Fog,3463.28,548.28,114.45,0,128.48,94.42,Optimized,Moderate Efficiency
1728,2024-06-14 16:36:00,FL9618,119.62,Express,Critical,Departure,T1,17,149.94,65.63,18,2,Crane,42.2,37.52,88,34.31,1,Clear,3364.23,433.91,38.23,0,16.38,104.89,Adaptive,Low Efficiency
1729,2024-02-07 09:29:00,FL3958,98.61,General,Medium,Departure,T4,12,112.51,38.47,12,11,Forklift,99.61,57.89,55,79.32,1,Rain,3125.73,194.92,27.83,1,59.45,142.78,Adaptive,Low Efficiency
1730,2024-12-15 20:27:00,FL7822,75.75,General,High,Departure,T4,11,29.84,98.6,15,8,Forklift,70.16,90.92,52,18.43,0,Clear,3767.71,1079.98,60.26,0,44.67,148.66,Baseline,Low Efficiency
1731,2024-05-04 03:54:00,FL2258,40.22,Hazardous,Medium,Arrival,T2,11,95.27,30.02,46,13,Forklift,92.36,95.59,77,28.67,0,Rain,4183.44,815.78,58.64,1,85.64,44.33,Baseline,Low Efficiency
1732,2024-10-03 20:18:00,FL5033,76.75,General,Low,Departure,T4,34,40.89,6.33,46,12,Loader,94.31,46.92,85,87.7,0,Rain,2264.58,697.97,104.42,1,11.52,51.13,Adaptive,Moderate Efficiency
1733,2024-04-17 14:34:00,FL9161,65.61,Hazardous,Critical,Arrival,T4,47,134.38,52.68,47,2,Conveyor,70.87,51.04,24,24.96,0,Fog,3446.43,379.22,15.21,0,133.56,112.87,Adaptive,Low Efficiency
1734,2024-06-25 08:41:00,FL2545,54.0,General,Medium,Departure,T2,37,128.9,12.37,37,6,Crane,43.07,30.67,62,78.52,1,Rain,1618.3,720.01,39.97,0,120.83,108.32,Baseline,Low Efficiency
1735,2024-01-23 23:44:00,FL6384,20.03,Hazardous,High,Departure,T3,29,178.87,38.36,19,2,Forklift,75.85,38.09,56,33.43,0,Storm,3902.03,1361.74,106.7,0,24.59,30.41,Baseline,Low Efficiency
1736,2024-03-21 00:33:00,FL1425,106.96,Express,Medium,Departure,T1,48,120.61,79.03,41,13,Loader,60.05,54.16,86,49.61,0,Clear,4461.77,597.28,93.46,0,134.94,142.76,Adaptive,Low Efficiency
1737,2024-05-18 22:11:00,FL5657,56.73,Hazardous,Low,Departure,T2,36,148.02,38.89,18,8,Forklift,52.41,77.96,93,35.85,1,Storm,3926.63,812.26,10.43,0,117.43,122.83,Adaptive,Low Efficiency
1738,2024-01-14 18:57:00,FL2998,27.38,Hazardous,Low,Departure,T4,27,62.93,33.27,30,14,Forklift,50.95,50.45,24,19.92,0,Storm,2709.91,1400.14,68.07,0,143.93,56.4,Baseline,Low Efficiency
1739,2024-11-17 03:42:00,FL7458,47.29,Perishable,Medium,Arrival,T2,42,74.4,22.88,12,1,Conveyor,73.56,35.28,76,62.2,1,Fog,1100.47,1067.71,36.92,0,46.21,91.26,Optimized,Low Efficiency
1740,2024-08-16 10:10:00,FL7120,52.62,Express,High,Arrival,T3,22,166.72,20.54,8,2,Loader,46.27,81.16,20,86.99,0,Storm,4428.96,158.6,118.71,1,129.73,111.34,Baseline,Low Efficiency
1741,2024-10-31 22:42:00,FL2737,100.17,Express,Medium,Arrival,T2,2,140.83,65.47,40,14,Forklift,89.3,62.67,34,80.35,0,Fog,4165.8,565.32,118.19,0,30.38,133.54,Optimized,Low Efficiency
1742,2024-04-20 06:27:00,FL6300,89.37,Express,High,Departure,T2,47,124.84,83.37,22,5,Conveyor,53.64,66.34,15,88.67,0,Clear,3641.02,1466.94,112.01,0,107.48,148.5,Optimized,Low Efficiency
1743,2024-10-27 17:00:00,FL3519,93.47,General,High,Departure,T2,36,60.64,57.06,31,6,Loader,72.96,52.82,51,62.2,0,Clear,4331.68,1311.25,11.1,0,20.05,108.96,Adaptive,Low Efficiency
1744,2024-05-28 11:15:00,FL1473,6.27,Perishable,High,Departure,T2,48,131.77,19.21,23,9,Forklift,47.53,72.91,4,3.1,1,Fog,2898.62,1335.76,109.54,0,109.99,91.94,Optimized,Low Efficiency
1745,2024-10-25 19:51:00,FL2328,52.86,Express,Medium,Arrival,T4,30,161.88,79.49,7,6,Crane,91.58,92.35,53,49.87,0,Rain,4958.52,1407.67,45.93,0,31.25,143.94,Adaptive,Low Efficiency
1746,2024-12-09 09:54:00,FL8540,60.35,General,Critical,Arrival,T2,7,56.93,69.07,13,8,Conveyor,81.53,68.76,14,56.03,1,Fog,4266.83,986.97,80.61,0,112.9,82.23,Baseline,Low Efficiency
1747,2024-02-15 08:26:00,FL8861,7.21,General,Medium,Departure,T3,12,132.98,48.85,43,12,Forklift,52.39,71.13,65,10.81,1,Fog,1236.18,1192.4,59.41,0,71.56,41.92,Adaptive,Low Efficiency
1748,2024-04-10 13:09:00,FL8439,34.88,General,Medium,Arrival,T2,3,82.99,42.96,6,7,Forklift,82.94,56.15,33,74.56,1,Storm,2309.69,1014.92,49.01,0,28.85,23.22,Adaptive,Low Efficiency
1749,2024-05-30 23:33:00,FL5412,92.43,Perishable,Low,Departure,T2,17,39.0,26.06,13,1,Loader,44.97,35.78,50,65.71,0,Clear,1265.61,839.75,41.56,1,89.99,32.21,Optimized,Low Efficiency
1750,2024-08-24 16:39:00,FL1095,20.77,General,Medium,Departure,T4,41,142.15,21.82,10,2,Crane,86.33,60.0,63,40.36,0,Clear,1509.17,827.78,57.06,1,13.46,92.88,Adaptive,Low Efficiency
1751,2024-12-14 08:08:00,FL6397,66.56,Perishable,Low,Arrival,T4,32,46.74,43.96,42,4,Conveyor,69.42,94.72,50,26.28,0,Clear,2754.38,118.16,42.67,0,43.21,104.13,Adaptive,Low Efficiency
1752,2024-10-01 09:29:00,FL1718,29.75,Hazardous,High,Arrival,T2,8,60.46,9.79,32,12,Loader,47.21,77.62,93,19.96,1,Fog,2126.3,424.6,111.86,1,50.92,118.35,Optimized,Moderate Efficiency
1753,2024-08-16 11:13:00,FL8423,6.39,General,Low,Arrival,T4,23,145.27,55.21,38,1,Forklift,73.03,64.32,74,86.8,1,Fog,4593.83,140.61,58.07,1,148.89,52.38,Baseline,Low Efficiency
1754,2024-05-06 02:34:00,FL6323,32.74,Express,Medium,Arrival,T4,38,138.74,74.18,33,8,Conveyor,52.05,73.46,36,72.19,0,Clear,500.52,729.65,113.91,0,121.23,61.87,Baseline,Low Efficiency
1755,2024-11-30 17:12:00,FL3118,117.23,General,High,Departure,T2,30,60.67,113.29,7,4,Forklift,80.37,69.1,78,62.4,0,Fog,546.6,1109.86,50.86,1,53.69,121.55,Baseline,Low Efficiency
1756,2024-09-06 06:35:00,FL4463,97.18,Hazardous,Medium,Departure,T4,15,170.55,76.97,20,7,Forklift,82.52,93.87,86,85.35,1,Clear,4641.65,1413.51,38.59,1,61.09,30.4,Adaptive,Low Efficiency
1757,2024-09-14 23:36:00,FL1797,115.35,Hazardous,Low,Arrival,T1,10,54.45,76.77,48,7,Crane,85.65,45.67,97,18.32,1,Storm,1575.58,119.02,99.01,0,71.37,130.52,Baseline,Moderate Efficiency
1758,2024-07-11 12:03:00,FL5635,61.1,General,Low,Arrival,T1,38,178.98,48.06,39,8,Forklift,93.69,92.21,92,77.18,1,Storm,511.12,786.97,67.25,0,120.44,49.55,Baseline,Low Efficiency
1759,2024-12-18 13:39:00,FL6294,17.62,Hazardous,High,Arrival,T1,15,138.06,20.33,15,9,Conveyor,79.3,78.19,71,52.51,1,Fog,2469.27,1079.79,27.91,0,105.32,74.41,Optimized,Low Efficiency
1760,2024-05-20 00:03:00,FL1909,68.02,Perishable,Low,Arrival,T4,30,82.8,56.4,47,9,Forklift,69.51,38.94,50,83.97,1,Rain,1380.42,1034.08,112.08,0,85.84,41.79,Baseline,Moderate Efficiency
1761,2024-06-28 12:14:00,FL2158,57.25,Perishable,Medium,Departure,T1,46,40.86,73.85,27,14,Conveyor,91.25,56.03,41,59.45,1,Clear,739.98,1154.04,115.83,1,72.58,30.28,Adaptive,Moderate Efficiency
1762,2024-07-22 03:59:00,FL9964,102.1,General,Medium,Departure,T3,26,71.28,88.26,34,7,Crane,93.99,60.54,98,66.74,1,Storm,2887.11,1283.34,85.7,0,45.6,115.78,Adaptive,Low Efficiency
1763,2024-08-05 08:39:00,FL7248,16.28,Perishable,High,Departure,T1,45,51.0,100.0,9,9,Forklift,86.91,35.81,70,20.0,0,Rain,1130.8,1379.83,116.9,0,73.49,121.14,Baseline,Moderate Efficiency
1764,2024-06-12 17:50:00,FL2516,61.15,Perishable,High,Departure,T3,14,119.49,34.43,12,5,Loader,96.55,68.79,99,31.05,1,Storm,4265.95,352.56,84.16,0,118.7,55.52,Optimized,Low Efficiency
1765,2024-08-04 17:11:00,FL7534,22.26,Express,High,Departure,T4,3,77.1,32.74,47,10,Conveyor,98.77,48.16,27,27.21,0,Clear,1859.73,1437.16,78.55,0,72.68,136.23,Baseline,Moderate Efficiency
1766,2024-07-29 10:42:00,FL5180,42.34,General,Low,Departure,T1,36,67.2,70.01,47,4,Forklift,55.08,62.07,30,62.47,0,Clear,1497.46,1228.2,100.85,0,83.35,105.02,Optimized,Low Efficiency
1767,2024-05-30 22:26:00,FL3916,89.8,Hazardous,Low,Departure,T3,26,141.14,70.09,14,3,Loader,51.02,60.71,32,37.01,1,Storm,3828.91,1359.88,17.45,0,57.4,83.31,Baseline,Low Efficiency
1768,2024-12-22 01:56:00,FL4933,59.74,General,Low,Arrival,T4,14,56.9,30.06,32,6,Conveyor,66.92,66.52,83,77.4,1,Fog,4318.92,580.53,58.72,1,77.97,128.81,Adaptive,Low Efficiency
1769,2024-08-18 20:41:00,FL7535,48.23,Perishable,Low,Departure,T1,31,113.9,72.56,40,10,Loader,99.82,89.23,22,19.13,1,Clear,918.95,1498.0,57.35,1,116.39,132.88,Adaptive,Low Efficiency
1770,2024-12-15 09:10:00,FL2461,50.36,Express,Low,Arrival,T2,14,51.14,44.78,14,11,Forklift,45.31,84.65,85,71.61,1,Rain,1182.07,117.08,78.29,1,139.09,93.92,Baseline,Low Efficiency
1771,2024-09-10 23:46:00,FL1336,57.84,General,Medium,Arrival,T1,40,134.37,78.52,18,9,Crane,82.72,91.11,69,73.19,0,Rain,2635.48,1318.97,48.19,1,79.42,91.8,Baseline,Low Efficiency
1772,2024-07-18 03:01:00,FL4411,95.28,General,Medium,Arrival,T1,10,120.02,38.47,42,4,Crane,91.05,70.06,21,56.51,0,Fog,3155.99,1050.52,59.88,1,30.73,105.86,Optimized,Low Efficiency
1773,2024-07-28 13:29:00,FL3669,107.59,Perishable,High,Departure,T1,9,147.7,73.11,41,14,Loader,99.79,73.11,56,13.35,1,Storm,874.69,292.89,103.44,0,118.4,89.69,Adaptive,Low Efficiency
1774,2024-03-29 17:54:00,FL7365,114.86,Perishable,Medium,Departure,T2,46,30.96,93.36,9,2,Forklift,77.18,60.13,84,29.4,0,Clear,2187.55,1263.76,114.27,0,116.23,91.08,Adaptive,Moderate Efficiency
1775,2024-10-03 11:38:00,FL7592,95.49,General,High,Departure,T3,40,53.62,117.72,10,11,Forklift,62.81,80.21,31,35.8,0,Clear,4539.21,1210.56,63.25,0,104.62,93.75,Baseline,Low Efficiency
1776,2024-10-14 06:57:00,FL5668,41.27,Perishable,Medium,Departure,T3,43,44.71,109.77,34,3,Conveyor,49.99,44.34,59,41.89,0,Fog,4442.37,855.34,87.57,1,91.66,55.09,Optimized,Low Efficiency
1777,2024-09-08 07:39:00,FL3525,84.14,Perishable,Low,Arrival,T2,42,50.49,62.91,23,3,Forklift,98.91,63.26,70,66.31,0,Clear,1900.51,987.19,70.2,1,54.87,115.52,Adaptive,Moderate Efficiency
1778,2024-04-16 15:51:00,FL2975,55.32,Perishable,Medium,Departure,T1,18,36.48,61.16,18,2,Crane,95.45,79.99,95,30.45,1,Clear,1523.44,278.33,105.44,1,114.74,60.15,Baseline,Moderate Efficiency
1779,2024-07-30 12:01:00,FL5891,34.29,Perishable,Low,Arrival,T1,36,109.93,55.34,15,13,Forklift,88.27,84.45,43,1.64,1,Rain,3122.45,741.31,38.79,0,147.77,100.67,Baseline,Low Efficiency
1780,2024-01-31 15:09:00,FL9042,101.7,Perishable,Low,Departure,T1,36,114.95,8.19,9,9,Conveyor,96.63,47.36,88,77.95,1,Rain,932.56,155.45,104.98,0,75.69,111.71,Optimized,Moderate Efficiency
1781,2024-07-28 10:42:00,FL8083,9.42,Express,Medium,Departure,T3,12,154.96,24.08,49,4,Conveyor,43.65,42.71,54,38.91,0,Storm,1550.17,908.15,66.66,0,32.79,87.97,Baseline,Low Efficiency
1782,2024-02-27 13:08:00,FL6080,108.7,Perishable,Critical,Arrival,T3,40,86.84,11.81,35,3,Forklift,77.89,50.2,18,25.46,1,Rain,1250.41,732.43,60.18,0,41.49,42.6,Adaptive,Low Efficiency
1783,2024-09-09 05:08:00,FL3151,58.07,Hazardous,High,Arrival,T2,3,105.18,85.08,48,14,Forklift,56.49,94.41,55,73.73,1,Storm,1434.84,219.76,114.72,1,46.01,91.0,Adaptive,Low Efficiency
1784,2024-11-18 03:04:00,FL6882,78.28,General,Low,Arrival,T4,18,178.61,52.52,36,10,Conveyor,85.94,39.04,29,79.1,0,Rain,1466.66,676.65,43.56,0,99.05,124.4,Adaptive,Low Efficiency
1785,2024-07-05 17:40:00,FL2574,80.83,Express,High,Departure,T2,7,105.1,12.33,28,6,Conveyor,45.74,96.72,61,65.79,0,Storm,3323.68,713.02,19.07,0,117.37,21.23,Optimized,Low Efficiency
1786,2024-12-14 20:31:00,FL7020,107.94,Express,High,Departure,T3,31,111.77,84.42,14,8,Loader,55.52,99.64,51,31.89,1,Clear,2696.51,1132.63,83.91,0,58.91,102.18,Optimized,Low Efficiency
1787,2024-06-04 19:41:00,FL9399,78.22,Perishable,High,Arrival,T1,1,179.35,79.11,17,11,Crane,91.02,84.84,76,20.8,0,Clear,4380.32,174.83,38.93,0,112.44,25.17,Baseline,Low Efficiency
1788,2024-05-27 03:23:00,FL4274,75.6,General,High,Departure,T1,31,179.06,87.8,17,8,Crane,84.97,83.23,12,64.15,1,Rain,3810.27,959.5,80.6,1,22.32,100.68,Adaptive,Low Efficiency
1789,2024-07-16 10:23:00,FL9021,12.66,Hazardous,Medium,Arrival,T1,13,87.84,73.98,40,10,Loader,99.52,96.73,93,5.17,0,Clear,2744.84,818.03,16.16,0,135.6,49.05,Optimized,Low Efficiency
1790,2024-07-16 18:55:00,FL8298,64.62,Perishable,Low,Departure,T1,29,121.59,23.58,26,6,Loader,78.64,50.34,61,35.19,0,Storm,1883.39,484.88,71.85,0,19.48,134.7,Optimized,Low Efficiency
1791,2024-04-09 23:01:00,FL7358,22.27,General,Medium,Arrival,T4,3,96.93,12.06,13,5,Crane,58.18,39.03,71,68.29,0,Fog,4243.83,1142.18,36.09,0,122.33,65.42,Adaptive,Low Efficiency
1792,2024-03-20 12:52:00,FL8805,89.8,Perishable,Medium,Arrival,T2,29,135.31,98.97,23,11,Conveyor,72.87,87.62,16,52.66,0,Fog,857.91,888.14,18.28,0,109.44,63.87,Optimized,Low Efficiency
1793,2024-06-23 05:45:00,FL5398,63.91,Perishable,Medium,Departure,T2,35,170.14,29.82,11,7,Crane,96.64,41.97,12,66.05,1,Clear,3564.5,828.47,16.11,0,100.35,129.5,Baseline,Low Efficiency
1794,2024-06-25 13:15:00,FL7931,83.23,Perishable,Medium,Arrival,T3,15,69.55,67.39,19,3,Conveyor,79.11,33.18,62,51.56,0,Clear,1008.51,1433.29,115.33,0,18.51,144.84,Baseline,Moderate Efficiency
1795,2024-02-06 23:11:00,FL2478,9.79,Perishable,Critical,Departure,T2,21,151.02,60.8,21,12,Crane,92.89,43.75,85,21.57,1,Rain,2897.58,1240.42,39.19,1,82.7,14.02,Optimized,Low Efficiency
1796,2024-06-13 07:53:00,FL7922,14.75,Perishable,Critical,Departure,T4,19,124.78,110.92,18,10,Conveyor,41.37,60.65,68,43.49,0,Rain,4557.26,389.0,74.0,0,27.17,78.7,Baseline,Low Efficiency
1797,2024-06-18 13:06:00,FL7033,87.38,Perishable,Critical,Arrival,T4,28,64.83,68.53,45,2,Crane,62.17,64.66,60,69.58,0,Storm,1571.3,643.16,63.31,0,71.52,89.25,Baseline,Low Efficiency
1798,2024-02-08 05:20:00,FL4053,13.29,Perishable,High,Arrival,T4,4,147.57,71.7,6,13,Loader,96.12,34.38,81,20.74,1,Storm,853.39,1028.05,49.92,0,33.75,139.68,Optimized,Low Efficiency
1799,2024-03-13 23:05:00,FL8112,13.19,Hazardous,Critical,Departure,T1,45,88.34,41.74,18,8,Forklift,42.36,61.04,28,86.67,1,Fog,2027.75,870.13,69.68,1,31.65,93.2,Optimized,Low Efficiency
1800,2024-10-27 22:57:00,FL7979,6.39,Express,Low,Departure,T3,13,39.26,115.25,8,11,Forklift,71.15,72.3,64,18.26,1,Storm,2652.16,702.98,71.56,0,90.12,90.84,Adaptive,Low Efficiency
1801,2024-08-28 12:17:00,FL2522,115.0,Hazardous,Low,Arrival,T4,15,178.95,75.42,7,12,Forklift,60.79,95.23,95,1.28,0,Clear,3761.64,1473.87,102.1,1,49.73,113.54,Baseline,Low Efficiency
1802,2024-12-09 23:51:00,FL1662,89.81,Perishable,Medium,Arrival,T2,48,88.1,5.57,7,14,Conveyor,78.77,45.91,72,70.03,0,Clear,633.8,332.3,52.49,0,117.91,120.74,Baseline,Low Efficiency
1803,2024-03-14 05:08:00,FL9410,45.62,Perishable,High,Arrival,T2,39,106.65,68.95,15,9,Forklift,49.73,44.77,50,83.56,0,Rain,1088.97,573.97,48.81,0,45.39,75.61,Optimized,Low Efficiency
1804,2024-04-10 02:24:00,FL6599,39.1,Hazardous,Medium,Departure,T2,32,149.27,46.84,9,12,Crane,79.2,57.26,26,22.2,1,Clear,2348.3,654.74,84.71,1,57.01,32.55,Adaptive,Low Efficiency
1805,2024-01-04 18:33:00,FL8594,45.22,Hazardous,High,Departure,T4,3,173.74,8.69,33,6,Forklift,99.51,98.86,40,13.96,0,Storm,927.6,195.7,50.9,1,92.84,129.8,Baseline,Low Efficiency
1806,2024-04-25 00:13:00,FL4673,94.09,Express,Low,Departure,T4,30,159.66,54.63,32,4,Conveyor,56.27,53.54,55,20.15,1,Storm,4801.51,755.13,66.21,0,11.17,33.1,Baseline,Low Efficiency
1807,2024-10-23 07:13:00,FL3540,81.06,Hazardous,Low,Arrival,T2,20,104.01,93.96,27,6,Conveyor,67.69,33.07,31,56.51,1,Rain,2799.45,834.43,29.05,0,127.82,147.2,Optimized,Low Efficiency
1808,2024-12-12 09:27:00,FL9115,26.3,Express,High,Arrival,T4,2,107.31,62.94,34,12,Conveyor,41.78,48.59,83,52.11,1,Storm,2196.2,470.44,41.22,0,22.83,60.79,Adaptive,Low Efficiency
1809,2024-12-13 16:01:00,FL9638,25.02,Perishable,Low,Departure,T2,25,64.94,78.54,27,7,Crane,66.04,69.08,71,55.92,0,Rain,4908.77,1446.62,32.13,1,13.77,143.21,Baseline,Low Efficiency
1810,2024-05-25 05:44:00,FL9596,16.32,General,Medium,Departure,T1,11,94.05,78.57,45,12,Conveyor,64.36,58.88,5,0.7,1,Clear,3407.43,849.46,102.47,0,118.24,108.24,Baseline,Low Efficiency
1811,2024-07-28 03:58:00,FL2375,80.93,General,Low,Arrival,T4,1,171.49,82.17,26,8,Crane,73.88,84.2,13,14.13,0,Rain,2821.2,914.49,97.78,1,121.96,131.13,Baseline,Low Efficiency
1812,2024-08-21 20:48:00,FL5762,92.9,General,Medium,Departure,T1,48,136.31,49.57,47,3,Conveyor,55.41,72.51,18,21.89,0,Storm,1585.11,1351.35,53.13,0,99.18,141.96,Baseline,Low Efficiency
1813,2024-07-26 19:59:00,FL8671,35.48,General,High,Arrival,T1,49,21.9,47.55,16,12,Loader,59.72,69.16,82,62.74,0,Storm,1638.85,483.94,58.43,0,126.42,103.72,Adaptive,Low Efficiency
1814,2024-02-13 01:56:00,FL8165,7.41,Perishable,Medium,Arrival,T4,48,38.64,5.53,31,6,Conveyor,76.59,52.61,50,54.79,0,Fog,2130.2,987.87,55.17,1,138.42,119.25,Optimized,Moderate Efficiency
1815,2024-03-06 03:26:00,FL2297,14.45,General,Medium,Arrival,T2,10,167.81,22.74,44,14,Forklift,94.51,68.63,84,56.15,0,Rain,3878.27,728.94,31.21,1,41.43,38.44,Baseline,Low Efficiency
1816,2024-06-18 02:20:00,FL8825,116.3,Hazardous,Low,Departure,T3,17,155.8,114.34,19,10,Forklift,54.11,73.09,87,51.36,0,Storm,4172.02,620.03,96.17,1,72.9,63.48,Adaptive,Low Efficiency
1817,2024-01-28 03:50:00,FL5921,38.98,Hazardous,High,Departure,T1,30,97.79,101.88,27,6,Loader,80.65,42.54,36,67.01,0,Fog,1364.34,628.16,101.18,0,66.68,66.08,Baseline,Low Efficiency
1818,2024-05-07 11:28:00,FL3434,93.46,General,Medium,Arrival,T4,35,118.72,36.64,48,10,Conveyor,71.43,81.51,52,84.75,0,Clear,4178.35,133.64,77.09,1,33.57,33.91,Optimized,Low Efficiency
1819,2024-10-31 07:04:00,FL3093,76.84,Hazardous,High,Arrival,T1,19,66.34,51.14,45,7,Forklift,46.28,57.51,33,60.62,1,Clear,1989.22,1249.57,91.64,0,47.15,88.48,Optimized,Low Efficiency
1820,2024-05-08 00:07:00,FL5921,48.92,Express,High,Departure,T2,46,146.85,113.09,48,14,Forklift,73.93,81.96,64,67.05,1,Clear,1401.33,919.91,81.79,0,67.27,114.41,Optimized,Low Efficiency
1821,2024-01-27 11:05:00,FL5073,28.65,Perishable,Low,Arrival,T4,34,116.53,33.8,23,4,Crane,82.53,42.44,71,54.74,0,Clear,1376.52,1405.73,21.28,1,24.22,45.29,Baseline,Low Efficiency
1822,2024-10-16 01:58:00,FL9570,18.96,General,Critical,Departure,T3,32,131.17,66.24,48,6,Crane,75.9,75.96,69,71.79,0,Clear,2585.44,1283.65,70.62,0,115.95,111.69,Optimized,Low Efficiency
1823,2024-12-26 17:27:00,FL8007,75.73,General,High,Departure,T4,12,79.99,7.54,15,2,Conveyor,46.26,31.88,96,84.87,1,Rain,3952.09,1478.85,48.16,0,95.24,125.54,Adaptive,Low Efficiency
1824,2024-05-15 16:01:00,FL5841,94.08,Perishable,Medium,Departure,T1,43,88.87,76.27,42,8,Loader,91.27,41.13,73,54.46,0,Clear,3068.22,147.39,34.22,1,139.19,12.12,Adaptive,Low Efficiency
1825,2024-07-29 18:48:00,FL1781,79.05,Hazardous,Low,Arrival,T4,17,53.23,111.96,44,3,Conveyor,42.46,92.38,30,16.29,1,Storm,2590.91,1007.76,83.13,0,14.37,127.59,Baseline,Low Efficiency
1826,2024-01-28 06:46:00,FL2253,65.98,Perishable,Critical,Arrival,T4,6,171.69,106.75,47,9,Crane,54.16,62.3,96,69.32,1,Storm,581.07,1436.47,107.77,1,101.07,40.36,Optimized,Low Efficiency
1827,2024-01-07 17:57:00,FL1738,9.82,Perishable,High,Arrival,T1,13,171.45,62.73,7,8,Crane,76.94,65.55,68,58.57,0,Clear,3036.03,1175.93,119.98,0,119.93,12.37,Baseline,Low Efficiency
1828,2024-08-05 06:46:00,FL9411,116.38,Hazardous,Low,Arrival,T3,39,150.84,79.71,20,12,Conveyor,53.08,93.53,89,84.02,0,Clear,3536.18,544.19,73.5,0,81.46,122.2,Baseline,Low Efficiency
1829,2024-03-19 03:12:00,FL2763,96.85,Perishable,Medium,Departure,T2,22,169.69,70.53,36,6,Conveyor,46.11,63.95,22,24.49,0,Fog,941.32,257.56,83.96,0,145.21,120.44,Baseline,Low Efficiency
1830,2024-08-31 23:17:00,FL9366,38.67,Hazardous,High,Arrival,T4,11,126.45,12.7,42,10,Conveyor,70.72,75.82,59,87.3,0,Rain,4802.8,1035.57,81.66,0,15.37,11.95,Baseline,Low Efficiency
1831,2024-07-26 05:04:00,FL7961,117.7,Hazardous,High,Departure,T3,7,57.54,23.25,13,2,Conveyor,83.35,45.54,8,49.66,1,Storm,911.94,1021.74,86.45,1,83.4,20.03,Adaptive,Moderate Efficiency
1832,2024-11-26 20:19:00,FL7766,74.22,Perishable,High,Arrival,T2,45,141.63,115.84,45,8,Loader,64.65,35.71,66,86.76,1,Storm,3608.04,509.21,37.09,1,53.81,139.01,Baseline,Low Efficiency
1833,2024-12-25 15:44:00,FL2548,71.98,Express,Medium,Arrival,T1,45,72.04,34.44,42,11,Forklift,81.91,54.73,37,70.56,1,Storm,2860.5,1227.93,27.53,0,146.3,136.73,Baseline,Low Efficiency
1834,2024-04-07 17:18:00,FL8612,91.03,Hazardous,High,Arrival,T3,21,90.48,49.21,9,6,Conveyor,91.64,85.91,99,77.94,0,Storm,4478.85,984.95,54.82,0,143.98,83.11,Baseline,Low Efficiency
1835,2024-12-06 19:15:00,FL5151,98.35,Perishable,Medium,Arrival,T3,1,63.9,63.53,5,11,Forklift,97.53,61.28,56,29.15,1,Clear,2363.42,680.62,61.25,0,23.57,129.58,Optimized,Low Efficiency
1836,2024-07-17 16:10:00,FL6823,80.5,Hazardous,Low,Arrival,T4,30,87.78,117.6,39,1,Crane,54.0,41.77,61,19.75,1,Clear,2788.44,752.1,93.96,0,65.04,51.74,Adaptive,Low Efficiency
1837,2024-05-20 09:37:00,FL5175,19.73,Express,High,Departure,T1,19,128.69,84.35,39,6,Forklift,76.32,68.16,86,56.17,1,Rain,2988.16,446.81,78.5,1,40.89,31.67,Baseline,Low Efficiency
1838,2024-03-23 00:38:00,FL2339,43.9,Express,Critical,Arrival,T4,47,37.7,77.4,16,13,Conveyor,56.01,48.47,65,33.69,0,Fog,4436.81,854.06,70.75,0,126.19,146.65,Baseline,Low Efficiency
1839,2024-08-28 19:07:00,FL9248,111.73,General,Medium,Arrival,T1,46,36.83,65.31,40,5,Forklift,92.26,96.27,42,88.73,0,Clear,4098.41,802.88,64.83,1,137.65,90.92,Adaptive,Moderate Efficiency
1840,2024-04-28 07:47:00,FL1266,30.83,Hazardous,Medium,Arrival,T2,29,129.4,85.58,25,6,Conveyor,93.42,70.42,97,44.59,0,Storm,1760.49,1420.6,34.54,1,133.96,51.48,Optimized,Low Efficiency
1841,2024-11-30 04:06:00,FL2866,47.8,Hazardous,High,Arrival,T4,35,144.73,81.36,47,13,Conveyor,59.33,98.81,49,9.94,0,Fog,4798.65,813.04,51.01,1,59.98,82.43,Optimized,Low Efficiency
1842,2024-07-06 08:01:00,FL8583,54.69,Perishable,Medium,Arrival,T1,20,108.23,108.83,12,1,Crane,78.72,33.02,68,44.89,0,Storm,3888.82,1188.49,22.03,1,52.31,94.16,Optimized,Low Efficiency
1843,2024-05-15 14:03:00,FL3941,55.53,Hazardous,High,Departure,T1,36,49.06,67.31,31,4,Conveyor,93.26,30.81,9,48.16,0,Rain,554.2,959.89,17.24,0,104.68,56.37,Baseline,Low Efficiency
1844,2024-01-11 06:08:00,FL3985,75.49,General,High,Arrival,T3,39,88.92,53.47,13,7,Crane,70.5,63.4,8,0.43,0,Clear,1326.86,415.31,11.45,0,140.35,117.38,Baseline,Low Efficiency
1845,2024-09-02 11:27:00,FL7438,113.45,Express,Low,Departure,T4,1,141.31,97.82,32,13,Loader,83.23,90.34,58,22.09,1,Rain,4351.13,169.37,19.64,1,18.64,15.59,Baseline,Low Efficiency
1846,2024-08-02 19:55:00,FL1741,32.68,Express,Critical,Arrival,T4,23,129.72,96.98,34,5,Conveyor,88.05,66.71,86,0.12,1,Storm,3406.39,1082.7,75.44,0,18.04,43.8,Baseline,Low Efficiency
1847,2024-05-20 15:44:00,FL2364,18.97,General,High,Departure,T2,31,37.58,24.53,18,6,Crane,92.31,91.33,54,50.49,0,Clear,1661.58,1223.29,116.87,0,66.5,53.7,Adaptive,High Efficiency
1848,2024-05-07 18:59:00,FL7819,27.71,Hazardous,Critical,Arrival,T1,35,175.06,32.23,27,2,Crane,70.91,39.14,85,26.29,0,Clear,1271.4,1324.86,13.15,0,68.59,111.29,Optimized,Low Efficiency
1849,2024-10-22 06:27:00,FL5876,107.0,Hazardous,High,Arrival,T3,47,55.74,115.24,33,8,Conveyor,96.51,78.95,48,15.59,0,Clear,1160.38,1057.22,96.15,0,79.0,121.51,Optimized,Moderate Efficiency
1850,2024-11-07 10:39:00,FL6143,79.27,General,Critical,Departure,T1,45,55.26,56.07,30,10,Forklift,77.74,76.19,54,75.47,1,Clear,1931.47,707.99,83.18,0,79.9,97.51,Optimized,Moderate Efficiency
1851,2024-08-26 18:56:00,FL8454,37.88,Perishable,Low,Arrival,T1,22,93.58,64.76,26,4,Crane,49.1,68.15,28,2.7,0,Rain,4543.39,789.58,104.46,0,74.99,56.42,Adaptive,Low Efficiency
1852,2024-03-04 03:51:00,FL8371,98.83,Express,Medium,Departure,T1,46,72.36,40.67,19,6,Loader,76.75,58.36,66,62.25,0,Clear,2084.21,1164.49,113.99,0,119.57,46.62,Adaptive,Moderate Efficiency
1853,2024-10-18 21:04:00,FL5342,104.06,General,Critical,Arrival,T4,7,177.44,60.32,13,3,Forklift,57.91,75.29,81,51.57,1,Fog,3473.15,349.37,99.43,0,117.07,65.58,Optimized,Low Efficiency
1854,2024-03-10 10:58:00,FL6592,102.35,General,Low,Departure,T1,33,32.24,90.49,30,9,Forklift,62.33,68.51,31,69.44,0,Clear,1002.05,733.79,97.75,1,115.1,71.5,Optimized,Moderate Efficiency
1855,2024-05-14 13:17:00,FL4066,110.68,Hazardous,Low,Departure,T2,45,69.03,60.47,21,13,Conveyor,88.53,49.08,13,11.9,0,Storm,2891.3,175.52,19.49,0,55.72,93.22,Optimized,Low Efficiency
1856,2024-04-12 09:22:00,FL4458,34.01,Express,High,Departure,T3,36,81.24,41.2,13,8,Crane,98.4,37.32,59,78.44,0,Rain,2042.93,247.38,49.48,1,12.58,104.87,Adaptive,Low Efficiency
1857,2024-12-13 16:06:00,FL4032,91.83,Hazardous,High,Arrival,T3,44,98.95,16.04,7,14,Loader,92.19,57.07,82,28.95,0,Fog,1222.34,423.11,77.82,1,125.14,62.93,Optimized,Low Efficiency
1858,2024-08-23 15:20:00,FL2281,57.96,General,Low,Departure,T1,7,22.63,111.75,20,6,Crane,59.55,65.87,88,0.77,0,Storm,4090.0,982.06,11.88,0,139.8,26.81,Optimized,Low Efficiency
1859,2024-06-29 14:56:00,FL5248,101.83,Perishable,Critical,Arrival,T3,27,33.18,105.24,17,9,Loader,67.22,65.6,31,59.1,0,Clear,4169.93,1388.14,62.21,0,90.38,71.53,Adaptive,Low Efficiency
1860,2024-01-05 23:21:00,FL2742,88.78,Express,High,Departure,T1,2,61.25,96.01,30,10,Crane,99.01,59.79,33,77.34,1,Storm,1878.22,610.9,10.91,1,26.87,60.62,Adaptive,Low Efficiency
1861,2024-07-08 21:33:00,FL8107,94.29,General,Medium,Departure,T4,17,108.64,84.82,21,9,Conveyor,95.41,52.91,53,31.83,1,Rain,3441.95,800.49,91.58,0,32.11,18.36,Adaptive,Low Efficiency
1862,2024-10-06 07:26:00,FL9755,80.46,General,High,Departure,T3,1,142.84,64.28,36,2,Loader,98.62,54.53,95,47.48,0,Rain,2273.33,898.73,39.22,0,129.95,38.76,Adaptive,Low Efficiency
1863,2024-06-20 12:01:00,FL1293,25.4,Perishable,Medium,Arrival,T4,46,129.84,108.2,28,9,Conveyor,65.98,48.61,91,37.11,0,Clear,700.14,498.41,93.04,0,102.81,68.1,Baseline,Low Efficiency
1864,2024-11-21 07:16:00,FL1095,67.68,General,Low,Arrival,T4,30,110.72,96.05,40,8,Crane,88.03,70.59,36,3.82,0,Fog,2425.0,1065.69,62.81,0,44.45,87.44,Optimized,Low Efficiency
1865,2024-07-13 10:03:00,FL7470,118.24,General,Low,Arrival,T2,22,83.56,98.84,26,2,Loader,92.27,89.49,85,67.78,1,Rain,3091.37,397.36,21.88,0,36.11,86.25,Optimized,Low Efficiency
1866,2024-08-28 00:37:00,FL2911,112.8,Express,Medium,Departure,T2,28,159.31,40.6,13,9,Loader,42.66,91.58,69,84.73,0,Rain,1845.67,365.04,111.12,0,50.89,39.72,Adaptive,Low Efficiency
1867,2024-08-07 20:53:00,FL1217,9.96,Express,Medium,Arrival,T3,33,93.56,53.7,26,5,Crane,55.97,99.56,75,37.81,0,Fog,4770.03,388.14,86.78,0,53.12,42.32,Optimized,Low Efficiency
1868,2024-01-09 07:51:00,FL3813,23.95,Express,High,Arrival,T1,26,67.88,86.28,45,13,Conveyor,93.01,36.22,98,13.0,0,Clear,3011.19,771.0,89.68,1,124.43,109.53,Baseline,Moderate Efficiency
1869,2024-07-09 10:58:00,FL8817,20.15,Hazardous,High,Departure,T1,35,120.69,47.67,24,12,Loader,63.32,45.0,34,45.46,1,Storm,2171.61,450.29,35.39,1,135.6,57.78,Optimized,Low Efficiency
1870,2024-09-18 19:37:00,FL8539,88.49,Perishable,Medium,Departure,T1,11,130.74,61.81,7,9,Loader,56.72,81.11,61,81.43,0,Clear,3807.59,706.46,23.81,0,45.23,36.51,Adaptive,Low Efficiency
1871,2024-06-21 01:41:00,FL7637,99.05,Express,High,Arrival,T1,7,83.76,79.35,40,3,Loader,56.36,75.17,60,54.52,1,Clear,2034.14,627.63,114.99,0,36.87,73.45,Baseline,Low Efficiency
1872,2024-02-15 05:42:00,FL8974,29.55,Hazardous,Low,Arrival,T2,28,24.5,55.34,37,4,Crane,62.52,39.37,3,19.11,0,Storm,611.18,1263.39,48.09,0,87.42,79.05,Adaptive,Low Efficiency
1873,2024-03-27 02:07:00,FL5961,63.17,Hazardous,Low,Arrival,T1,25,35.06,96.2,22,1,Forklift,54.64,74.17,6,49.79,1,Storm,537.17,406.68,35.79,0,89.45,37.91,Adaptive,Low Efficiency
1874,2024-12-04 21:22:00,FL6910,101.68,Perishable,Critical,Departure,T1,41,155.3,18.37,40,11,Crane,40.2,58.45,20,29.42,1,Clear,1858.86,528.54,106.63,0,41.76,75.41,Baseline,Low Efficiency
1875,2024-08-11 09:49:00,FL7471,89.27,Perishable,Low,Departure,T4,31,29.05,87.58,14,5,Conveyor,50.36,96.98,4,2.12,1,Fog,1201.93,1433.34,60.97,1,124.53,114.75,Baseline,Low Efficiency
1876,2024-04-26 07:15:00,FL5958,67.36,General,Low,Departure,T1,3,114.72,21.7,40,7,Forklift,92.95,89.87,53,82.23,1,Storm,2086.08,442.49,81.96,0,138.81,33.9,Optimized,Low Efficiency
1877,2024-10-22 05:10:00,FL2435,72.89,Hazardous,High,Departure,T1,33,49.39,112.85,25,13,Loader,44.54,35.13,71,71.5,1,Rain,3963.47,1215.65,39.29,0,21.39,60.21,Adaptive,Low Efficiency
1878,2024-08-14 10:44:00,FL3049,63.46,Express,Medium,Departure,T2,34,56.63,41.11,29,7,Loader,64.78,36.3,62,83.17,1,Clear,1890.73,298.21,116.6,0,116.32,24.19,Optimized,Moderate Efficiency
1879,2024-03-26 11:59:00,FL3213,39.22,Perishable,Critical,Arrival,T3,21,63.73,96.47,44,6,Forklift,67.39,59.19,81,61.45,0,Rain,3018.41,921.41,62.14,0,80.21,40.12,Optimized,Low Efficiency
1880,2024-08-02 20:09:00,FL1227,69.98,Hazardous,Low,Arrival,T4,37,26.13,64.96,13,13,Loader,86.69,30.59,38,40.48,1,Rain,4638.41,228.78,56.68,0,37.39,70.51,Optimized,Low Efficiency
1881,2024-09-24 15:17:00,FL4126,84.22,Express,Low,Arrival,T4,49,48.36,15.48,31,6,Loader,55.16,36.61,36,44.39,1,Storm,3642.32,673.99,17.11,0,70.09,146.42,Adaptive,Low Efficiency
1882,2024-06-09 19:37:00,FL2833,105.43,Hazardous,Medium,Departure,T3,19,124.08,72.0,19,8,Crane,58.58,95.28,34,18.42,0,Fog,3027.91,1437.89,87.88,0,80.86,107.86,Adaptive,Low Efficiency
1883,2024-06-08 13:32:00,FL1260,78.17,Perishable,Medium,Departure,T4,37,99.79,109.9,36,11,Crane,40.86,85.47,6,34.77,0,Rain,4401.75,999.69,69.51,0,92.03,140.42,Optimized,Low Efficiency
1884,2024-04-07 06:17:00,FL4083,92.53,General,Medium,Arrival,T1,21,147.57,23.08,48,10,Conveyor,94.17,77.09,66,14.75,0,Clear,1987.9,390.72,116.28,0,14.73,24.65,Baseline,Moderate Efficiency
1885,2024-12-14 04:50:00,FL1439,23.41,Hazardous,Medium,Arrival,T1,14,29.8,41.95,43,9,Loader,81.13,88.12,18,42.61,0,Storm,1390.3,1232.39,24.04,0,107.52,141.87,Baseline,Low Efficiency
1886,2024-04-21 13:06:00,FL4428,58.08,Express,Critical,Arrival,T3,10,162.22,55.5,20,4,Conveyor,55.77,47.5,27,58.13,1,Rain,3862.26,1016.29,53.02,0,81.21,81.55,Adaptive,Low Efficiency
1887,2024-11-27 07:19:00,FL8882,6.07,Perishable,Critical,Departure,T2,7,179.42,36.63,32,14,Conveyor,93.25,80.79,39,23.09,1,Clear,764.57,1398.8,37.94,0,99.57,49.53,Adaptive,Low Efficiency
1888,2024-09-29 01:34:00,FL3378,33.37,General,Low,Departure,T2,29,22.52,113.53,10,4,Forklift,45.19,73.09,51,84.94,1,Clear,2408.82,420.26,83.44,0,128.98,128.27,Optimized,Low Efficiency
1889,2024-10-29 19:25:00,FL4961,88.54,Express,Medium,Departure,T4,40,174.82,48.41,10,8,Forklift,62.1,89.41,19,58.22,1,Clear,1791.84,269.78,17.89,1,89.18,94.19,Optimized,Low Efficiency
1890,2024-12-08 20:19:00,FL8139,119.06,Express,Medium,Departure,T2,8,57.74,80.68,42,5,Loader,73.82,49.79,96,19.79,0,Rain,4870.96,988.88,119.19,0,135.37,22.7,Baseline,Moderate Efficiency
1891,2024-06-08 01:01:00,FL9824,16.41,Express,Critical,Departure,T2,39,130.81,30.75,6,10,Forklift,70.33,83.46,88,15.03,1,Fog,2196.93,1379.03,88.57,0,121.03,84.94,Adaptive,Low Efficiency
1892,2024-06-29 04:46:00,FL4127,51.17,Hazardous,Critical,Arrival,T2,13,66.8,30.27,45,14,Conveyor,79.29,89.69,34,15.3,1,Rain,3485.43,1188.87,51.94,0,98.16,99.86,Adaptive,Low Efficiency
1893,2024-02-29 14:47:00,FL2410,97.01,Perishable,Low,Arrival,T2,46,103.49,25.22,44,9,Crane,57.86,68.43,89,87.65,0,Fog,1708.18,675.57,50.52,0,91.4,12.49,Optimized,Low Efficiency
1894,2024-11-21 07:29:00,FL5930,28.46,Express,High,Departure,T2,19,101.67,55.0,11,6,Forklift,85.47,58.96,24,21.3,0,Fog,4924.28,704.39,62.85,1,70.5,86.95,Optimized,Low Efficiency
1895,2024-09-20 10:38:00,FL8592,68.83,Hazardous,Medium,Departure,T2,11,77.78,66.28,31,9,Conveyor,64.33,96.41,25,15.15,0,Storm,1311.76,565.63,86.77,0,133.16,60.85,Baseline,Low Efficiency
1896,2024-02-26 20:56:00,FL3427,89.3,Perishable,Low,Arrival,T2,2,134.81,6.24,32,12,Forklift,47.52,41.83,76,14.76,0,Storm,4580.16,1384.26,75.06,0,67.89,73.96,Adaptive,Low Efficiency
1897,2024-03-22 16:59:00,FL8765,75.84,Perishable,Low,Departure,T4,49,115.94,100.79,20,12,Loader,84.42,32.54,94,30.99,0,Fog,2504.17,1236.31,63.24,1,12.91,25.25,Optimized,Low Efficiency
1898,2024-02-14 23:18:00,FL7912,26.62,Hazardous,Medium,Departure,T1,6,101.32,63.97,13,4,Forklift,94.72,42.54,70,55.38,0,Rain,2422.74,474.36,31.49,0,14.73,80.4,Optimized,Low Efficiency
1899,2024-05-27 04:56:00,FL1357,45.87,Hazardous,Medium,Arrival,T2,29,177.25,23.08,19,1,Crane,61.87,77.84,30,7.12,1,Fog,3655.84,548.97,29.12,0,139.58,147.86,Baseline,Low Efficiency
1900,2024-04-19 02:51:00,FL2908,95.14,Express,Low,Departure,T1,41,170.4,12.74,38,14,Loader,75.38,85.23,97,14.35,0,Fog,919.93,1135.69,110.74,0,26.63,113.34,Adaptive,Low Efficiency
1901,2024-04-29 19:29:00,FL3721,68.74,Perishable,High,Departure,T3,5,172.87,12.27,24,4,Forklift,81.27,80.18,79,87.88,1,Fog,2960.12,693.82,70.68,1,120.17,139.9,Baseline,Low Efficiency
1902,2024-08-26 22:16:00,FL3497,5.6,General,Low,Arrival,T1,41,161.01,34.63,18,9,Crane,89.89,59.39,93,55.6,1,Clear,1489.87,953.61,73.79,0,128.99,48.85,Baseline,Low Efficiency
1903,2024-11-17 17:43:00,FL8295,92.51,Hazardous,Medium,Departure,T3,30,60.82,62.42,15,13,Conveyor,51.88,97.73,54,12.57,1,Fog,1207.05,317.65,57.61,0,87.18,63.55,Baseline,Low Efficiency
1904,2024-03-25 15:26:00,FL8947,9.06,Perishable,Medium,Departure,T4,39,76.0,103.93,34,7,Forklift,74.2,61.1,78,49.51,0,Clear,4448.64,1257.24,87.89,1,127.59,100.86,Baseline,Low Efficiency
1905,2024-05-29 13:39:00,FL8724,90.76,Perishable,Low,Arrival,T1,36,56.97,108.84,7,6,Forklift,84.42,98.69,25,21.68,1,Fog,4987.79,878.91,98.18,1,24.89,113.55,Baseline,Moderate Efficiency
1906,2024-12-21 22:53:00,FL1321,28.29,Express,Medium,Arrival,T3,27,177.79,100.72,6,14,Conveyor,51.95,94.27,5,87.63,0,Rain,4870.39,1256.03,55.24,1,149.87,52.57,Optimized,Low Efficiency
1907,2024-03-07 05:19:00,FL8364,115.18,General,Low,Departure,T1,18,44.43,42.78,18,14,Conveyor,68.35,58.5,2,34.99,1,Storm,4195.23,1100.8,15.79,0,93.61,58.66,Baseline,Low Efficiency
1908,2024-11-20 09:22:00,FL4975,47.31,Express,Medium,Arrival,T4,49,78.64,40.25,33,2,Forklift,67.86,41.27,80,12.81,0,Storm,4639.87,700.6,37.77,0,129.42,28.44,Adaptive,Low Efficiency
1909,2024-02-10 12:18:00,FL4298,42.6,General,Low,Arrival,T1,36,51.85,118.56,9,4,Crane,90.36,36.29,63,55.17,0,Clear,4658.96,1052.79,100.38,1,48.25,105.02,Baseline,Moderate Efficiency
1910,2024-11-26 04:18:00,FL5830,22.12,General,Medium,Departure,T3,16,55.75,83.35,48,1,Conveyor,86.64,67.2,54,12.36,0,Fog,1293.63,183.79,71.62,1,53.58,58.79,Baseline,Low Efficiency
1911,2024-04-06 01:53:00,FL7418,40.14,Hazardous,Low,Arrival,T2,5,59.53,40.07,10,13,Conveyor,53.92,83.42,38,46.63,1,Rain,885.64,710.62,106.94,0,31.5,29.42,Adaptive,Moderate Efficiency
1912,2024-10-29 12:04:00,FL1834,105.81,Perishable,High,Departure,T2,9,122.35,42.84,12,3,Crane,53.98,42.32,17,76.7,0,Clear,1070.54,710.17,51.99,1,110.33,98.76,Optimized,Low Efficiency
1913,2024-11-28 15:07:00,FL6469,119.58,Perishable,High,Arrival,T2,34,32.17,54.98,43,13,Forklift,83.4,52.27,31,31.12,0,Rain,1231.72,688.9,44.65,0,13.3,11.75,Adaptive,Low Efficiency
1914,2024-02-12 01:01:00,FL1129,47.36,Perishable,Low,Arrival,T4,34,111.6,76.51,43,2,Loader,84.38,74.14,1,42.97,1,Fog,4201.01,264.61,10.16,0,25.14,143.01,Optimized,Low Efficiency
1915,2024-12-02 16:38:00,FL2682,56.59,General,Medium,Departure,T2,36,151.09,108.27,48,13,Forklift,50.73,62.26,6,9.75,0,Storm,4735.74,781.76,29.82,0,34.21,99.74,Optimized,Low Efficiency
1916,2024-08-12 09:39:00,FL8074,88.04,Perishable,Low,Departure,T4,31,142.64,27.81,33,4,Forklift,64.67,72.27,95,58.17,0,Fog,2083.27,1166.39,46.87,1,106.74,95.1,Optimized,Low Efficiency
1917,2024-01-16 20:27:00,FL7810,106.91,Hazardous,Medium,Departure,T2,20,44.19,14.71,43,4,Loader,89.55,77.35,70,10.09,1,Fog,654.64,552.25,18.74,1,101.62,100.6,Adaptive,Low Efficiency
1918,2024-10-15 07:42:00,FL9121,73.2,General,Low,Arrival,T4,17,166.36,51.66,48,11,Forklift,44.77,56.65,36,29.43,0,Fog,1883.66,1246.02,76.51,0,97.01,54.32,Baseline,Low Efficiency
1919,2024-07-04 06:57:00,FL5764,50.03,General,Medium,Departure,T4,20,143.21,33.23,31,14,Forklift,62.43,85.02,8,75.71,1,Storm,3677.62,919.66,118.87,1,67.75,42.65,Baseline,Low Efficiency
1920,2024-01-03 04:41:00,FL1606,52.45,General,Medium,Departure,T1,28,20.85,71.24,20,9,Conveyor,78.67,79.2,93,13.49,0,Storm,4743.07,1113.78,16.4,0,140.83,85.15,Adaptive,Low Efficiency
1921,2024-06-07 16:06:00,FL8987,85.0,General,Critical,Arrival,T2,21,137.98,85.41,31,7,Crane,86.27,78.13,73,75.62,0,Clear,2523.62,1356.78,53.11,1,144.81,142.17,Adaptive,Low Efficiency
1922,2024-02-23 04:17:00,FL7548,5.37,Hazardous,Medium,Arrival,T1,19,137.99,40.73,43,13,Forklift,79.16,40.46,86,56.75,1,Clear,2012.3,775.13,54.01,1,61.75,49.35,Optimized,Low Efficiency
1923,2024-02-02 23:29:00,FL8964,76.25,Perishable,Medium,Arrival,T3,3,99.49,83.83,44,3,Loader,63.85,63.2,10,12.69,1,Clear,3439.51,1282.89,17.68,1,83.67,110.3,Baseline,Low Efficiency
1924,2024-11-04 12:38:00,FL9410,45.88,Hazardous,Medium,Departure,T2,30,27.36,44.46,5,7,Loader,99.52,70.4,24,15.16,0,Storm,1450.07,296.53,30.4,0,107.22,146.26,Baseline,Low Efficiency
1925,2024-09-07 21:04:00,FL8993,96.33,Perishable,Critical,Arrival,T2,5,112.78,78.02,49,8,Conveyor,42.49,45.85,63,59.69,0,Storm,3946.16,1189.77,59.81,0,47.51,86.91,Adaptive,Low Efficiency
1926,2024-02-16 10:17:00,FL4799,15.69,Hazardous,High,Arrival,T2,42,142.52,77.8,37,12,Forklift,69.69,83.1,40,65.63,0,Fog,2363.15,1267.16,115.11,0,116.81,74.2,Baseline,Low Efficiency
1927,2024-02-13 21:02:00,FL1994,72.64,Express,Low,Departure,T2,6,63.34,36.99,43,7,Forklift,70.6,38.48,2,59.02,0,Fog,4897.72,1364.76,72.72,0,117.73,114.73,Adaptive,Low Efficiency
1928,2024-02-20 06:11:00,FL9655,60.31,Express,High,Arrival,T1,3,126.73,78.11,31,8,Forklift,54.39,40.49,20,64.26,0,Rain,4703.53,213.42,20.98,0,80.12,29.79,Baseline,Low Efficiency
1929,2024-12-09 18:02:00,FL1311,78.87,Express,Medium,Arrival,T1,49,76.63,48.81,21,14,Forklift,73.52,58.93,81,32.54,1,Rain,3494.16,263.76,91.64,1,68.19,14.63,Baseline,Low Efficiency
1930,2024-01-24 02:36:00,FL7914,12.46,Express,High,Departure,T4,42,111.82,43.69,19,9,Loader,53.2,39.47,33,0.13,0,Clear,3415.92,131.67,104.3,0,99.73,59.26,Adaptive,Low Efficiency
1931,2024-07-28 01:16:00,FL6174,71.7,General,High,Arrival,T1,24,81.53,38.27,26,1,Loader,66.6,30.82,14,47.6,1,Fog,1054.18,808.12,98.9,1,12.29,127.21,Adaptive,Low Efficiency
1932,2024-10-24 17:28:00,FL2040,69.57,General,Low,Departure,T4,44,68.6,44.75,23,10,Conveyor,65.9,58.8,96,53.51,0,Fog,1764.25,370.01,100.02,0,129.82,20.85,Optimized,Moderate Efficiency
1933,2024-05-11 01:24:00,FL5388,69.48,Hazardous,High,Departure,T3,1,156.95,95.48,32,6,Forklift,86.39,75.4,54,61.89,1,Rain,4378.68,894.88,99.29,0,131.04,92.75,Adaptive,Low Efficiency
1934,2024-04-08 14:47:00,FL7834,74.4,Hazardous,Low,Departure,T1,36,140.61,33.2,27,4,Loader,96.56,64.66,55,20.82,0,Clear,2133.43,1349.2,34.51,1,80.73,17.21,Adaptive,Low Efficiency
1935,2024-11-02 02:21:00,FL8755,82.79,Express,Low,Departure,T4,15,75.27,83.43,40,1,Forklift,52.17,33.65,37,15.32,1,Fog,2408.57,557.84,75.36,0,12.33,80.14,Optimized,Low Efficiency
1936,2024-09-29 16:10:00,FL2915,97.57,Perishable,Low,Departure,T2,41,89.54,108.57,43,2,Crane,99.49,46.27,88,74.73,1,Rain,4279.2,107.49,27.89,0,62.0,28.21,Optimized,Low Efficiency
1937,2024-10-05 12:18:00,FL9106,36.03,Express,High,Arrival,T3,38,130.67,45.3,24,10,Crane,96.42,66.7,84,75.72,1,Clear,2421.17,1345.81,46.12,0,73.72,95.06,Optimized,Low Efficiency
1938,2024-11-22 14:45:00,FL6681,99.88,Hazardous,Low,Departure,T4,44,149.77,8.39,13,4,Loader,46.76,81.67,6,88.88,1,Clear,4325.05,970.64,55.9,0,127.68,53.43,Optimized,Low Efficiency
1939,2024-10-01 21:13:00,FL8345,62.3,Express,Low,Departure,T3,18,129.49,7.83,27,1,Crane,94.74,85.57,33,30.58,1,Clear,812.43,382.1,57.51,1,14.8,61.89,Baseline,Low Efficiency
1940,2024-09-30 12:52:00,FL8147,13.86,Hazardous,High,Departure,T2,23,106.55,21.04,49,6,Crane,73.87,66.36,50,5.31,0,Rain,3609.84,1069.3,58.17,0,81.1,18.81,Optimized,Low Efficiency
1941,2024-02-28 10:28:00,FL1340,11.73,Express,Low,Departure,T2,47,172.7,17.66,11,1,Loader,92.74,75.23,92,42.83,0,Fog,783.54,985.95,96.19,1,74.33,118.65,Baseline,Low Efficiency
1942,2024-04-06 20:09:00,FL3643,43.44,Perishable,Low,Arrival,T4,29,143.86,91.03,35,13,Conveyor,96.74,93.24,75,43.18,1,Rain,4055.06,632.17,78.22,0,41.04,94.37,Baseline,Low Efficiency
1943,2024-09-10 05:43:00,FL5718,95.26,Express,Low,Arrival,T4,41,38.49,38.91,15,9,Crane,91.53,34.56,84,3.29,0,Fog,2984.98,397.0,80.6,0,44.08,91.42,Baseline,Moderate Efficiency
1944,2024-03-27 09:15:00,FL4149,86.38,Perishable,Medium,Arrival,T2,22,109.3,80.04,44,10,Forklift,64.17,36.94,70,51.76,0,Fog,3001.43,1489.4,94.55,0,91.33,102.13,Optimized,Low Efficiency
1945,2024-05-09 23:03:00,FL8688,95.69,Perishable,Medium,Departure,T4,24,85.53,9.88,21,3,Crane,78.21,62.05,72,23.47,0,Fog,2195.1,1000.23,32.76,0,145.62,102.92,Optimized,Low Efficiency
1946,2024-10-13 05:11:00,FL6633,64.49,Hazardous,Low,Arrival,T2,45,147.19,39.01,40,12,Conveyor,67.89,72.68,83,10.72,0,Storm,4565.01,102.45,61.09,0,121.01,59.32,Baseline,Low Efficiency
1947,2024-04-02 17:33:00,FL8178,55.62,Perishable,Critical,Arrival,T1,48,27.15,31.93,30,11,Conveyor,61.99,30.32,79,54.44,0,Storm,2790.93,275.83,104.07,0,80.02,48.43,Baseline,Moderate Efficiency
1948,2024-06-11 03:47:00,FL4802,21.96,General,High,Departure,T4,13,85.72,36.84,40,1,Conveyor,55.04,61.68,86,25.41,0,Storm,1671.97,446.38,87.63,1,90.37,51.65,Adaptive,Low Efficiency
1949,2024-01-03 12:42:00,FL9317,42.74,General,Medium,Departure,T3,33,70.92,26.93,22,6,Conveyor,66.49,42.09,51,50.54,1,Clear,4208.58,1238.39,106.81,0,90.38,123.59,Adaptive,Moderate Efficiency
1950,2024-01-17 13:19:00,FL4599,54.91,General,Medium,Arrival,T2,22,42.59,76.06,35,6,Conveyor,88.36,75.16,66,1.37,0,Fog,4766.6,764.51,59.85,0,108.21,33.73,Optimized,Low Efficiency
1951,2024-08-05 06:16:00,FL6556,15.19,Hazardous,Medium,Arrival,T1,35,80.61,81.21,39,7,Crane,90.64,48.74,61,32.96,0,Clear,1590.31,184.18,94.25,0,57.22,78.15,Adaptive,Moderate Efficiency
1952,2024-12-03 03:34:00,FL8675,30.37,General,High,Arrival,T4,17,127.65,22.07,45,7,Crane,97.48,93.14,28,77.89,1,Rain,3223.69,471.13,39.26,0,104.65,97.59,Adaptive,Low Efficiency
1953,2024-11-04 20:10:00,FL3148,73.8,Hazardous,Low,Arrival,T2,22,77.87,90.23,32,10,Crane,57.44,34.47,44,58.51,1,Fog,3148.57,1473.0,105.46,0,45.61,82.27,Optimized,Low Efficiency
1954,2024-10-03 04:20:00,FL5806,89.6,Hazardous,Low,Departure,T1,5,112.8,33.76,30,11,Crane,79.02,86.64,82,78.08,0,Storm,3243.29,1175.02,42.64,0,122.41,87.47,Optimized,Low Efficiency
1955,2024-06-16 05:40:00,FL7395,119.81,General,Critical,Departure,T4,25,114.85,37.54,10,4,Conveyor,81.63,57.46,12,66.64,0,Rain,3039.05,106.52,47.47,1,141.65,127.47,Baseline,Low Efficiency
1956,2024-06-29 05:35:00,FL7829,112.31,Perishable,Low,Departure,T2,6,113.94,100.31,38,5,Conveyor,51.48,90.0,83,64.77,1,Storm,950.8,1274.18,88.94,0,88.53,56.12,Adaptive,Low Efficiency
1957,2024-12-01 10:00:00,FL6902,78.89,Express,Medium,Departure,T2,17,104.73,108.63,32,3,Forklift,62.01,87.06,57,78.3,1,Rain,2356.19,369.18,92.25,0,20.0,58.42,Baseline,Low Efficiency
1958,2024-09-09 01:34:00,FL8738,53.44,Hazardous,Critical,Departure,T2,31,38.72,99.85,48,6,Crane,60.54,46.75,26,1.76,1,Fog,4935.72,563.08,15.79,0,109.65,33.22,Adaptive,Low Efficiency
1959,2024-04-22 22:56:00,FL3654,78.16,General,High,Arrival,T4,17,54.95,21.99,13,13,Conveyor,99.15,33.54,25,37.8,1,Fog,896.92,265.74,26.52,0,139.84,115.04,Baseline,Low Efficiency
1960,2024-07-19 17:19:00,FL4394,95.35,Hazardous,Medium,Departure,T1,33,148.01,119.92,33,14,Forklift,97.5,78.69,92,86.44,0,Clear,3513.36,114.81,37.47,0,142.19,39.02,Adaptive,Low Efficiency
1961,2024-05-17 05:56:00,FL5627,18.61,Perishable,High,Departure,T2,39,100.38,82.3,38,7,Forklift,89.31,44.31,15,15.94,0,Storm,4524.35,805.62,119.99,1,137.51,82.77,Baseline,Moderate Efficiency
1962,2024-03-23 04:06:00,FL2412,52.14,Perishable,Low,Arrival,T1,48,132.97,63.73,16,9,Loader,68.37,95.14,74,58.84,0,Storm,1402.96,500.38,100.47,1,88.87,129.58,Optimized,Low Efficiency
1963,2024-01-24 11:02:00,FL8911,101.58,General,High,Departure,T1,37,111.19,114.81,20,9,Crane,55.84,34.71,98,71.12,1,Fog,4110.89,604.23,88.66,0,138.53,23.74,Optimized,Low Efficiency
1964,2024-11-01 06:45:00,FL3115,49.14,Hazardous,Medium,Arrival,T3,48,26.19,99.0,11,12,Conveyor,94.96,52.68,77,84.02,0,Clear,1587.99,336.59,115.98,0,47.52,33.59,Baseline,Moderate Efficiency
1965,2024-01-12 09:25:00,FL3839,70.77,Express,High,Departure,T1,4,147.39,84.55,35,13,Crane,56.08,30.89,80,78.46,0,Clear,636.71,1229.03,85.59,0,30.14,35.69,Baseline,Low Efficiency
1966,2024-06-24 05:56:00,FL4268,72.59,Express,Critical,Departure,T1,43,30.29,101.42,37,5,Forklift,71.32,52.19,53,60.89,0,Storm,2845.09,342.88,86.08,0,76.72,28.81,Adaptive,Low Efficiency
1967,2024-05-30 01:32:00,FL3561,26.21,Hazardous,Critical,Departure,T1,14,170.91,49.33,11,4,Crane,54.7,67.89,95,64.0,0,Fog,3698.93,824.22,108.8,1,14.32,142.28,Optimized,Low Efficiency
1968,2024-02-18 23:59:00,FL9063,46.66,Hazardous,Critical,Arrival,T1,13,54.46,83.71,7,7,Loader,98.28,75.84,65,30.87,0,Storm,1386.23,757.14,43.22,0,20.82,113.59,Adaptive,Low Efficiency
1969,2024-03-14 11:17:00,FL2653,43.47,Hazardous,Medium,Departure,T1,27,101.98,26.92,24,14,Loader,42.51,80.85,54,20.15,0,Fog,816.93,1387.62,10.19,1,94.19,73.7,Adaptive,Low Efficiency
1970,2024-01-25 10:47:00,FL7815,8.01,General,Medium,Arrival,T4,24,30.17,118.62,9,3,Conveyor,50.46,88.34,87,86.28,1,Storm,2990.56,1482.83,88.64,0,108.56,51.67,Optimized,Low Efficiency
1971,2024-11-21 02:07:00,FL9089,7.78,Perishable,Medium,Departure,T3,27,163.19,72.73,7,4,Conveyor,85.9,37.75,78,87.8,1,Fog,1164.75,1368.06,27.17,1,29.42,26.13,Adaptive,Low Efficiency
1972,2024-02-05 10:40:00,FL5975,100.65,Express,High,Departure,T2,8,176.79,98.64,42,9,Conveyor,49.09,83.33,39,38.21,1,Clear,1329.42,1126.94,41.6,0,57.79,13.31,Baseline,Low Efficiency
1973,2024-06-27 05:02:00,FL4845,36.4,General,Critical,Arrival,T3,47,43.41,51.84,19,5,Conveyor,98.76,49.49,94,36.97,1,Clear,3665.55,702.98,100.48,0,123.09,100.99,Optimized,Moderate Efficiency
1974,2024-02-02 05:05:00,FL4431,64.58,Hazardous,Low,Arrival,T3,39,67.33,92.24,39,10,Crane,59.28,39.68,51,40.65,1,Storm,3254.48,282.77,95.57,0,38.13,80.71,Baseline,Low Efficiency
1975,2024-10-19 22:05:00,FL1770,39.35,Hazardous,Critical,Departure,T2,21,22.54,49.55,27,14,Crane,95.12,48.6,20,41.53,0,Clear,4761.38,1317.85,62.23,1,134.68,92.94,Optimized,Moderate Efficiency
1976,2024-11-15 15:25:00,FL1297,113.18,Perishable,High,Arrival,T1,41,145.91,72.85,37,7,Forklift,79.74,90.06,64,75.79,0,Storm,1955.37,1102.75,21.48,0,88.62,33.45,Baseline,Low Efficiency
1977,2024-06-19 15:22:00,FL6878,34.82,Hazardous,Critical,Departure,T2,11,69.83,94.49,6,2,Forklift,78.05,73.92,89,38.76,1,Clear,1464.76,284.52,42.81,0,93.07,92.42,Optimized,Low Efficiency
1978,2024-06-07 05:03:00,FL5273,54.41,General,Critical,Departure,T1,31,114.21,18.39,40,9,Conveyor,94.92,71.82,11,79.41,0,Storm,3450.83,223.25,62.31,0,31.0,38.62,Baseline,Low Efficiency
1979,2024-02-11 02:25:00,FL6849,105.36,General,Low,Arrival,T2,27,26.27,46.03,25,5,Crane,70.8,70.92,90,62.57,1,Clear,4873.99,1044.02,94.5,0,18.63,15.74,Optimized,Moderate Efficiency
1980,2024-04-12 01:02:00,FL3598,101.82,Perishable,Low,Arrival,T4,42,134.47,67.67,18,5,Conveyor,64.05,58.6,52,86.89,1,Fog,2990.66,1368.29,118.32,0,60.78,132.1,Baseline,Low Efficiency
1981,2024-07-29 15:14:00,FL3862,26.4,General,Low,Arrival,T3,46,104.7,43.41,18,4,Forklift,53.06,59.19,85,60.71,1,Clear,1822.17,399.39,78.81,1,23.27,125.83,Optimized,Low Efficiency
1982,2024-06-19 12:16:00,FL9248,97.3,Express,Low,Departure,T1,48,136.0,40.55,46,8,Crane,48.67,40.38,54,37.1,0,Fog,4597.11,676.79,15.87,1,23.97,92.44,Adaptive,Low Efficiency
1983,2024-08-20 05:14:00,FL1523,57.69,General,High,Arrival,T3,27,146.33,37.39,15,11,Conveyor,87.51,53.28,69,82.62,0,Clear,3246.78,1450.21,34.32,0,142.85,138.08,Adaptive,Low Efficiency
1984,2024-08-21 12:01:00,FL2043,60.54,General,High,Departure,T1,8,34.28,31.2,8,4,Loader,47.68,65.84,7,20.68,0,Clear,1457.28,1424.38,38.55,0,19.52,118.11,Baseline,Low Efficiency
1985,2024-06-21 12:11:00,FL6533,20.35,General,Critical,Arrival,T2,33,112.49,102.62,34,2,Forklift,63.64,72.42,12,86.85,1,Fog,4773.27,1078.18,79.79,0,71.52,48.43,Adaptive,Low Efficiency
1986,2024-08-07 17:42:00,FL8055,14.27,Express,High,Arrival,T2,12,123.99,111.22,40,5,Loader,64.55,35.01,2,3.91,1,Rain,1728.55,763.68,12.03,0,115.85,138.06,Adaptive,Low Efficiency
1987,2024-04-14 07:39:00,FL2867,88.71,Hazardous,Low,Arrival,T2,35,102.68,85.52,24,3,Loader,79.87,53.37,21,57.68,0,Storm,4543.18,622.04,65.72,0,49.84,64.34,Optimized,Low Efficiency
1988,2024-06-09 23:00:00,FL4714,62.09,General,Low,Arrival,T4,34,49.19,8.45,20,4,Crane,56.71,53.76,96,1.64,0,Rain,3265.64,647.47,119.53,0,79.69,147.67,Adaptive,Moderate Efficiency
1989,2024-10-28 03:29:00,FL2977,55.24,Perishable,Low,Arrival,T2,16,147.3,95.42,38,3,Loader,90.29,66.05,69,18.36,0,Clear,2761.91,806.83,94.55,1,60.4,107.67,Optimized,Low Efficiency
1990,2024-08-06 19:38:00,FL4671,88.89,Express,Medium,Departure,T2,36,179.59,66.17,49,7,Loader,52.45,79.7,91,41.76,0,Storm,1996.55,1062.76,94.63,0,109.87,39.17,Optimized,Low Efficiency
1991,2024-07-19 08:39:00,FL8968,93.03,Perishable,Medium,Arrival,T4,2,175.08,92.18,12,14,Conveyor,87.35,74.47,95,14.24,1,Storm,1034.83,815.26,91.99,0,95.37,65.38,Baseline,Low Efficiency
1992,2024-02-14 09:18:00,FL5224,23.27,General,Low,Arrival,T3,12,144.4,55.29,49,6,Crane,90.99,69.96,76,88.99,0,Storm,1601.66,421.61,85.17,0,53.24,103.15,Adaptive,Low Efficiency
1993,2024-05-07 12:40:00,FL6575,75.18,Perishable,Medium,Departure,T3,27,86.9,9.75,24,2,Conveyor,51.59,50.4,36,69.57,0,Storm,1989.54,1154.34,42.82,0,98.43,120.38,Adaptive,Low Efficiency
1994,2024-11-07 01:52:00,FL6820,20.57,General,Low,Departure,T1,17,73.97,83.4,25,11,Conveyor,88.56,88.73,21,76.58,0,Fog,1799.32,734.07,96.12,0,10.43,90.7,Adaptive,Moderate Efficiency
1995,2024-12-26 21:36:00,FL1764,91.41,Express,High,Departure,T3,20,30.97,56.07,44,14,Conveyor,82.82,84.97,53,88.12,0,Rain,829.97,902.36,81.05,0,103.94,113.65,Baseline,Moderate Efficiency
1996,2024-02-04 03:21:00,FL5382,80.55,Perishable,Medium,Departure,T1,21,86.61,105.52,34,8,Crane,92.46,42.85,19,60.73,0,Rain,3109.02,1186.47,35.18,0,119.44,77.43,Baseline,Low Efficiency
1997,2024-09-07 19:05:00,FL3476,115.01,Perishable,Medium,Arrival,T1,30,44.97,89.89,40,5,Forklift,70.6,75.86,3,23.99,1,Fog,2638.31,637.62,117.69,0,10.96,49.93,Optimized,Moderate Efficiency
1998,2024-10-04 13:09:00,FL9444,12.93,General,Medium,Arrival,T3,42,60.69,46.35,9,6,Crane,54.03,93.47,60,68.13,0,Rain,979.08,1401.78,118.3,0,102.49,108.67,Baseline,Moderate Efficiency
1999,2024-08-20 02:17:00,FL2706,11.56,General,Critical,Departure,T3,20,162.7,88.27,25,8,Conveyor,94.72,60.49,81,52.59,0,Clear,2587.34,814.12,51.13,0,86.97,125.45,Optimized,Low Efficiency
2000,2024-10-30 03:48:00,FL1826,37.45,Hazardous,Low,Arrival,T4,8,174.96,61.95,42,11,Forklift,87.4,94.73,94,24.07,0,Storm,855.34,1085.24,92.85,0,49.6,54.49,Baseline,Low Efficiency
2001,2024-10-24 06:50:00,FL8173,35.1,General,Medium,Departure,T1,18,171.77,27.94,27,11,Loader,41.26,31.54,73,33.06,0,Clear,4691.88,1157.18,84.95,0,37.72,69.86,Adaptive,Low Efficiency
2002,2024-04-18 15:46:00,FL8489,33.4,General,High,Departure,T3,18,50.94,53.29,23,12,Forklift,96.36,66.14,34,54.71,1,Clear,1665.85,609.94,74.23,0,144.04,57.29,Baseline,Moderate Efficiency
2003,2024-08-06 08:55:00,FL2817,109.22,Hazardous,Medium,Arrival,T3,18,164.14,30.59,14,7,Crane,96.91,47.94,29,35.59,0,Rain,3761.71,461.36,29.89,1,77.42,30.38,Baseline,Low Efficiency
2004,2024-10-01 03:07:00,FL2734,33.7,General,Critical,Arrival,T4,2,42.64,5.57,31,11,Conveyor,61.32,48.35,74,21.16,0,Fog,1630.62,1392.7,61.46,1,74.11,117.32,Baseline,Low Efficiency
2005,2024-05-13 21:31:00,FL2669,36.27,General,Medium,Departure,T3,12,101.23,33.38,39,3,Loader,40.6,91.43,57,38.69,0,Fog,2635.31,538.89,90.29,1,128.52,81.42,Optimized,Low Efficiency
2006,2024-12-10 19:20:00,FL1687,92.33,Hazardous,Medium,Arrival,T2,32,122.99,29.09,17,2,Loader,73.15,51.8,73,21.02,1,Clear,4699.7,253.34,118.72,1,63.58,32.68,Adaptive,Low Efficiency
2007,2024-06-24 11:13:00,FL9311,56.72,Express,Low,Departure,T2,42,93.99,5.5,13,3,Conveyor,94.82,31.63,40,78.76,0,Storm,4422.59,794.06,77.5,0,122.8,58.48,Baseline,Moderate Efficiency
2008,2024-06-13 02:10:00,FL2727,94.32,Express,High,Departure,T1,8,172.29,95.15,21,8,Loader,47.47,67.78,50,62.47,0,Clear,4004.96,1254.55,92.74,1,89.46,113.7,Optimized,Low Efficiency
2009,2024-08-06 23:44:00,FL3736,12.52,General,Low,Departure,T4,10,73.31,13.85,35,4,Loader,75.43,97.96,75,33.89,0,Storm,4055.86,494.84,110.53,0,39.51,62.99,Adaptive,Moderate Efficiency
2010,2024-04-15 02:43:00,FL2934,61.07,General,Low,Departure,T3,11,104.38,56.64,46,8,Loader,83.91,35.54,19,85.09,1,Storm,4205.58,791.26,77.52,0,59.11,20.05,Baseline,Low Efficiency
2011,2024-12-03 03:57:00,FL4365,8.87,Hazardous,Medium,Arrival,T1,14,32.07,53.06,48,4,Crane,48.08,50.04,22,35.01,1,Clear,3841.86,606.16,94.1,1,13.22,24.76,Baseline,Low Efficiency
2012,2024-02-11 23:03:00,FL6925,12.21,Hazardous,Medium,Departure,T3,26,156.36,25.86,49,7,Forklift,70.8,62.87,51,51.7,0,Clear,4535.85,134.52,60.39,1,71.59,149.74,Baseline,Low Efficiency
2013,2024-10-27 12:03:00,FL3572,109.24,Express,Low,Departure,T2,47,86.14,116.19,28,13,Crane,45.33,88.13,49,46.07,0,Rain,2076.06,292.6,42.11,0,141.13,69.91,Baseline,Low Efficiency
2014,2024-10-30 07:00:00,FL5786,21.01,Perishable,High,Departure,T3,30,132.09,74.43,46,6,Loader,73.49,48.82,52,10.97,0,Storm,2867.57,1215.82,64.23,0,98.47,99.06,Baseline,Low Efficiency
2015,2024-04-07 15:26:00,FL8233,66.23,General,High,Arrival,T3,42,129.16,98.55,23,10,Crane,66.53,54.06,22,38.14,1,Clear,3408.86,1408.33,19.79,0,90.91,96.71,Adaptive,Low Efficiency
2016,2024-10-09 20:06:00,FL9288,52.28,Perishable,Low,Departure,T3,4,128.2,62.06,34,1,Loader,55.88,56.91,62,6.98,0,Rain,1390.08,106.0,112.3,0,131.75,33.25,Optimized,Low Efficiency
2017,2024-06-25 20:15:00,FL9165,44.94,Perishable,Medium,Departure,T2,39,101.11,88.12,9,13,Crane,91.18,56.57,60,15.35,1,Storm,2764.68,1305.67,44.15,0,27.11,65.86,Baseline,Low Efficiency
2018,2024-07-04 16:22:00,FL2626,108.48,Hazardous,High,Arrival,T2,11,64.4,116.52,12,11,Forklift,62.91,44.02,80,70.88,1,Clear,1058.36,1113.42,60.71,1,121.5,110.02,Adaptive,Low Efficiency
2019,2024-05-28 01:34:00,FL3527,7.51,General,Medium,Departure,T4,24,120.02,45.07,41,8,Conveyor,81.99,94.1,81,27.24,0,Storm,3252.38,1058.82,81.87,1,107.66,69.46,Adaptive,Low Efficiency
2020,2024-08-28 11:45:00,FL6959,81.34,General,Medium,Departure,T2,22,173.89,62.99,40,6,Forklift,87.44,85.5,7,8.01,0,Storm,939.3,702.04,65.49,0,84.13,92.5,Baseline,Low Efficiency
2021,2024-02-27 13:51:00,FL6482,115.79,Hazardous,Medium,Departure,T1,3,153.43,64.17,29,2,Crane,50.72,98.29,53,64.71,0,Fog,2765.09,564.21,41.11,0,63.92,61.92,Optimized,Low Efficiency
2022,2024-11-23 12:35:00,FL3257,69.42,Perishable,High,Departure,T3,37,37.4,119.08,49,5,Crane,47.15,55.97,31,72.22,1,Rain,2577.41,674.89,118.27,1,14.96,47.11,Baseline,Low Efficiency
2023,2024-09-27 05:02:00,FL3014,112.73,Hazardous,Critical,Arrival,T2,2,23.71,31.81,9,12,Forklift,40.47,33.17,4,52.03,0,Fog,1003.06,942.05,103.31,1,96.52,12.62,Adaptive,Moderate Efficiency
2024,2024-03-08 07:55:00,FL4307,11.01,Express,High,Arrival,T1,12,99.84,82.66,37,2,Crane,58.35,38.09,93,82.41,0,Fog,2477.01,1425.44,21.31,0,89.7,69.4,Adaptive,Low Efficiency
2025,2024-05-18 16:54:00,FL8194,53.16,General,Low,Arrival,T2,21,144.13,20.9,26,10,Conveyor,88.96,55.02,7,76.45,0,Fog,3550.13,389.76,50.41,0,49.86,65.51,Adaptive,Low Efficiency
2026,2024-02-07 12:40:00,FL7811,34.92,Express,Medium,Departure,T3,5,70.22,111.61,46,7,Conveyor,86.37,93.77,94,49.74,0,Clear,3176.21,1463.15,31.37,1,48.44,74.47,Adaptive,Low Efficiency
2027,2024-07-14 11:42:00,FL1107,89.04,Hazardous,Critical,Arrival,T1,7,132.2,72.89,29,11,Forklift,92.31,98.68,3,66.33,1,Fog,2561.21,426.02,62.65,1,60.07,10.91,Optimized,Low Efficiency
2028,2024-10-01 15:29:00,FL5019,117.85,General,Low,Arrival,T2,4,169.11,103.83,47,10,Loader,85.64,87.54,25,29.63,1,Fog,2142.25,1284.08,32.97,0,70.67,82.43,Optimized,Low Efficiency
2029,2024-01-29 19:08:00,FL8760,34.5,Express,Critical,Departure,T2,43,93.44,107.95,33,6,Conveyor,41.44,46.69,34,57.27,0,Storm,758.25,1024.04,44.35,1,113.33,26.54,Baseline,Low Efficiency
2030,2024-02-22 23:59:00,FL6592,80.23,Express,Critical,Arrival,T1,41,59.07,69.07,49,7,Crane,63.13,76.18,33,87.92,1,Fog,4801.54,1143.06,67.3,1,81.72,79.47,Optimized,Low Efficiency
2031,2024-05-17 00:23:00,FL5698,27.78,Perishable,Low,Arrival,T4,36,166.84,83.43,34,6,Loader,40.36,71.76,95,71.99,1,Storm,2312.18,1264.22,25.85,0,31.03,57.89,Baseline,Low Efficiency
2032,2024-06-07 00:38:00,FL9274,70.01,General,Critical,Arrival,T1,22,95.56,85.35,34,10,Conveyor,42.16,87.63,88,33.71,1,Rain,2374.15,116.46,104.7,1,134.8,16.13,Adaptive,Low Efficiency
2033,2024-12-15 02:01:00,FL3805,58.35,Express,Medium,Departure,T1,29,85.25,57.96,48,1,Loader,68.71,65.68,38,83.91,1,Storm,1077.54,1113.86,49.89,0,77.09,33.18,Baseline,Low Efficiency
2034,2024-06-01 02:36:00,FL2396,116.78,Express,High,Departure,T1,9,76.54,55.01,35,3,Crane,61.6,52.27,4,74.26,1,Clear,2897.01,1493.96,110.57,1,135.62,46.12,Baseline,Low Efficiency
2035,2024-08-30 10:58:00,FL5358,74.98,Perishable,Medium,Arrival,T1,26,87.68,26.41,38,10,Forklift,73.51,31.35,48,3.35,1,Fog,4906.49,792.45,13.31,1,95.82,42.67,Baseline,Low Efficiency
2036,2024-08-08 18:35:00,FL7101,45.19,Express,Medium,Arrival,T2,12,127.79,49.15,32,2,Forklift,43.97,85.65,74,67.14,0,Clear,1638.61,858.64,94.89,0,89.68,94.49,Optimized,Low Efficiency
2037,2024-01-12 03:58:00,FL7799,18.12,Express,High,Departure,T1,48,89.4,118.94,14,1,Crane,75.3,67.12,89,87.88,0,Rain,1910.01,248.38,105.14,0,56.79,16.18,Optimized,Low Efficiency
2038,2024-06-03 05:36:00,FL6908,22.39,Express,High,Departure,T1,1,71.88,36.03,8,1,Forklift,43.9,67.39,61,28.59,0,Clear,1562.97,577.08,118.3,0,145.98,72.13,Baseline,Low Efficiency
2039,2024-05-18 08:54:00,FL5021,30.91,Perishable,Low,Departure,T3,8,138.98,92.68,37,4,Crane,65.42,96.99,65,24.78,0,Storm,4399.64,957.51,24.51,0,147.66,124.3,Adaptive,Low Efficiency
2040,2024-03-26 10:14:00,FL3483,33.86,Express,Medium,Departure,T2,33,52.48,11.82,21,11,Forklift,61.14,64.04,81,57.61,1,Fog,2638.44,267.96,57.71,1,60.8,49.97,Baseline,Low Efficiency
2041,2024-12-14 17:44:00,FL9677,102.82,Express,Low,Arrival,T3,4,52.31,58.76,15,1,Conveyor,53.44,52.11,71,9.91,1,Storm,4205.86,566.7,93.63,1,120.54,94.67,Adaptive,Low Efficiency
2042,2024-06-25 15:37:00,FL7909,69.54,General,Medium,Departure,T2,14,131.43,11.72,11,2,Forklift,58.72,53.79,78,60.75,1,Clear,4325.39,587.07,66.49,1,47.79,139.13,Adaptive,Low Efficiency
2043,2024-05-28 22:07:00,FL4738,65.19,General,Medium,Arrival,T4,29,158.67,59.72,21,1,Loader,40.03,30.82,61,20.39,1,Storm,3870.9,1238.04,100.29,1,95.93,120.39,Adaptive,Low Efficiency
2044,2024-10-15 19:38:00,FL3260,18.2,Perishable,Medium,Departure,T4,14,58.59,8.17,32,13,Forklift,59.45,38.56,1,40.64,0,Clear,1674.7,852.71,118.23,0,103.92,126.39,Adaptive,Moderate Efficiency
2045,2024-06-23 06:36:00,FL8025,103.92,Hazardous,Medium,Departure,T2,9,50.58,75.53,21,12,Forklift,44.7,33.07,6,80.28,1,Clear,658.69,876.23,93.23,1,147.82,71.31,Optimized,Low Efficiency
2046,2024-08-22 04:37:00,FL7773,88.12,General,Low,Departure,T4,9,127.25,72.45,45,12,Forklift,95.28,47.03,74,71.71,1,Clear,1144.8,495.2,91.64,1,50.35,21.71,Optimized,Low Efficiency
2047,2024-07-25 02:49:00,FL7706,12.78,Perishable,Low,Departure,T4,26,119.33,96.75,14,6,Forklift,44.46,34.53,21,9.72,1,Clear,3636.27,538.8,72.47,0,108.83,78.14,Adaptive,Low Efficiency
2048,2024-10-04 04:32:00,FL8516,86.4,Express,Low,Arrival,T2,49,91.56,72.08,30,11,Conveyor,97.19,53.18,67,68.52,1,Rain,3832.48,731.68,60.95,1,44.37,20.2,Adaptive,Low Efficiency
2049,2024-12-05 12:19:00,FL9456,67.51,Express,Medium,Arrival,T1,47,35.34,111.49,10,4,Crane,69.49,38.83,83,37.05,1,Fog,3948.7,1243.66,101.85,0,15.06,79.62,Adaptive,Moderate Efficiency
2050,2024-09-18 14:30:00,FL6927,14.4,Perishable,Critical,Arrival,T3,42,34.69,95.06,21,8,Conveyor,70.79,94.25,28,89.5,1,Storm,1597.86,543.72,35.62,0,49.9,79.6,Baseline,Low Efficiency
2051,2024-08-12 14:04:00,FL1487,57.7,Express,Low,Departure,T2,17,144.37,20.26,20,11,Conveyor,87.29,95.69,66,26.98,1,Storm,1188.66,550.09,104.76,0,120.1,124.4,Optimized,Low Efficiency
2052,2024-07-09 11:07:00,FL8251,60.74,Express,Critical,Arrival,T2,41,92.28,35.53,43,5,Loader,81.72,72.24,27,42.35,0,Storm,4653.78,896.66,102.11,1,141.17,86.5,Baseline,Moderate Efficiency
2053,2024-09-18 21:14:00,FL3385,24.06,Hazardous,High,Departure,T2,4,157.27,8.02,30,14,Crane,54.22,86.38,32,30.71,1,Clear,3488.95,1275.69,91.09,0,13.66,24.1,Adaptive,Low Efficiency
2054,2024-12-28 02:33:00,FL1162,113.76,Express,High,Departure,T3,46,111.96,49.41,8,10,Crane,41.53,77.4,12,52.76,0,Clear,3838.83,805.44,86.55,0,25.69,73.98,Optimized,Low Efficiency
2055,2024-12-05 08:00:00,FL9476,102.75,General,High,Arrival,T2,3,119.0,63.6,24,5,Loader,86.71,86.78,65,23.93,0,Fog,922.57,279.74,10.89,1,61.78,112.52,Optimized,Low Efficiency
2056,2024-03-12 19:18:00,FL2140,81.94,Express,High,Departure,T3,29,169.47,113.78,45,11,Crane,47.78,74.79,46,82.14,0,Fog,2356.06,1381.48,118.95,0,73.35,24.61,Baseline,Low Efficiency
2057,2024-12-07 20:56:00,FL2389,58.16,Perishable,Low,Departure,T3,25,46.34,65.06,15,11,Forklift,75.9,60.11,40,55.53,0,Fog,784.89,759.52,53.11,0,139.94,78.61,Adaptive,Low Efficiency
2058,2024-08-21 04:28:00,FL6542,52.35,Hazardous,Medium,Arrival,T4,21,106.88,94.82,27,8,Crane,96.56,91.16,93,84.84,1,Storm,3459.88,1183.32,51.78,0,12.92,80.68,Baseline,Low Efficiency
2059,2024-05-27 21:54:00,FL6157,79.86,Express,High,Departure,T1,12,29.3,35.82,37,11,Loader,72.97,60.66,9,61.25,1,Fog,2702.11,160.66,118.72,0,128.86,140.35,Optimized,Moderate Efficiency
2060,2024-09-26 22:32:00,FL7580,67.72,Perishable,Medium,Departure,T4,1,77.43,22.61,35,10,Loader,57.13,57.73,82,16.73,1,Clear,2531.59,1270.71,36.61,1,82.02,118.81,Adaptive,Low Efficiency
2061,2024-08-15 20:42:00,FL3692,12.16,General,High,Arrival,T2,1,43.7,98.25,11,6,Loader,50.73,73.71,62,1.39,1,Fog,4563.08,181.67,114.84,0,40.06,44.22,Optimized,Low Efficiency
2062,2024-10-28 09:57:00,FL8111,63.94,Express,Low,Arrival,T2,45,50.05,33.45,26,6,Loader,41.62,95.66,16,36.68,1,Rain,3830.53,1454.62,52.37,0,37.46,123.09,Baseline,Low Efficiency
2063,2024-02-03 06:56:00,FL2007,97.74,Hazardous,High,Departure,T3,46,169.57,105.2,9,3,Conveyor,77.39,60.95,99,89.42,1,Clear,4839.14,1346.61,20.8,0,17.0,70.02,Baseline,Low Efficiency
2064,2024-06-10 03:02:00,FL7443,57.81,Express,Medium,Arrival,T4,48,117.71,24.53,41,13,Crane,73.48,70.25,68,78.92,1,Rain,708.21,473.23,67.54,0,44.46,79.81,Optimized,Low Efficiency
2065,2024-04-16 06:11:00,FL1607,10.98,Perishable,Medium,Departure,T3,7,162.75,102.93,5,6,Conveyor,67.7,64.46,40,76.21,0,Fog,3270.55,412.95,87.69,1,146.44,61.81,Optimized,Low Efficiency
2066,2024-01-12 19:27:00,FL3473,95.42,Hazardous,Medium,Arrival,T4,10,90.96,93.88,10,10,Loader,51.63,93.68,35,51.18,1,Rain,3335.98,1196.71,77.0,0,121.72,22.7,Adaptive,Low Efficiency
2067,2024-07-08 21:21:00,FL1947,28.16,Express,High,Departure,T4,15,115.62,75.29,49,13,Loader,54.2,77.37,83,8.54,1,Clear,619.44,312.3,114.74,0,144.74,148.61,Baseline,Low Efficiency
2068,2024-10-31 01:42:00,FL9516,34.74,General,Critical,Arrival,T4,40,25.14,102.78,8,7,Conveyor,97.51,59.37,60,1.37,0,Storm,4041.86,1315.61,52.21,0,31.73,22.11,Adaptive,Low Efficiency
2069,2024-08-02 22:51:00,FL5845,23.94,Hazardous,Medium,Arrival,T4,11,95.12,43.03,34,2,Forklift,41.22,72.48,70,75.48,1,Clear,1191.27,144.68,58.62,0,86.88,21.69,Optimized,Low Efficiency
2070,2024-04-20 23:34:00,FL7869,42.97,General,High,Departure,T4,46,110.25,24.09,34,3,Crane,61.81,40.92,95,15.97,0,Clear,3655.72,1012.26,37.05,1,140.5,26.75,Adaptive,Low Efficiency
2071,2024-05-22 20:41:00,FL7586,92.03,Perishable,Medium,Arrival,T1,45,22.68,23.06,21,6,Conveyor,42.33,53.94,91,6.9,0,Clear,670.21,464.09,73.56,0,102.42,48.76,Baseline,Low Efficiency
2072,2024-08-28 04:48:00,FL5986,64.73,Express,Low,Arrival,T2,23,146.32,36.09,28,10,Crane,51.49,81.53,3,63.88,0,Rain,3261.59,1279.61,113.36,0,12.8,86.31,Optimized,Low Efficiency
2073,2024-06-16 11:52:00,FL6139,28.56,General,Low,Departure,T4,13,67.27,56.32,35,9,Loader,95.99,69.37,53,0.11,1,Clear,2843.51,627.88,48.02,0,19.75,118.41,Adaptive,Low Efficiency
2074,2024-10-03 14:10:00,FL6638,105.95,Perishable,Low,Arrival,T4,27,92.4,105.74,32,13,Loader,48.97,52.0,59,66.67,1,Clear,2674.75,705.77,22.65,0,69.06,116.93,Adaptive,Low Efficiency
2075,2024-06-27 22:26:00,FL1129,106.15,Express,Medium,Arrival,T3,41,105.7,15.3,49,9,Loader,76.05,55.36,36,17.31,0,Clear,2149.99,303.77,50.27,0,63.81,80.28,Adaptive,Low Efficiency
2076,2024-12-29 13:55:00,FL5583,105.12,Perishable,Medium,Arrival,T2,17,178.75,110.25,47,8,Crane,60.82,86.68,66,28.93,0,Fog,2391.07,976.75,107.15,0,134.56,128.4,Optimized,Low Efficiency
2077,2024-09-02 19:21:00,FL9647,32.46,General,High,Departure,T2,13,35.87,111.43,8,8,Crane,77.98,67.86,37,15.45,1,Rain,2646.02,758.92,109.02,0,119.24,12.95,Adaptive,Moderate Efficiency
2078,2024-07-06 09:06:00,FL3406,56.89,Perishable,High,Arrival,T2,12,108.84,88.63,43,9,Conveyor,91.13,46.71,79,69.94,1,Fog,1839.6,112.17,23.42,0,28.5,15.63,Optimized,Low Efficiency
2079,2024-12-21 19:16:00,FL7618,118.27,Hazardous,Low,Departure,T4,29,104.9,108.53,23,11,Loader,57.19,50.78,87,43.63,0,Clear,4708.8,1123.2,94.1,0,22.53,100.42,Baseline,Low Efficiency
2080,2024-12-23 05:46:00,FL8310,93.78,Express,Low,Departure,T3,21,31.03,93.55,28,11,Conveyor,44.72,62.75,44,14.92,0,Fog,4842.51,279.3,25.58,0,131.37,75.08,Baseline,Low Efficiency
2081,2024-12-01 13:34:00,FL4360,8.12,Perishable,Low,Arrival,T2,20,121.43,65.75,11,9,Forklift,52.25,83.4,64,3.47,1,Storm,1849.56,836.59,107.29,0,72.97,80.66,Adaptive,Low Efficiency
2082,2024-05-02 12:05:00,FL9919,12.5,General,Medium,Departure,T3,20,65.9,74.09,13,10,Loader,66.35,99.82,51,88.8,0,Clear,4004.11,854.71,62.27,1,33.7,40.53,Baseline,Low Efficiency
2083,2024-09-13 10:43:00,FL8244,58.35,Express,Low,Departure,T1,31,36.6,77.25,26,11,Loader,70.9,43.0,6,64.29,0,Fog,3882.28,519.14,108.86,1,135.8,127.21,Optimized,Moderate Efficiency
2084,2024-05-03 06:07:00,FL6656,109.56,Hazardous,Low,Departure,T1,8,48.58,19.59,6,13,Forklift,96.51,82.85,97,61.2,1,Clear,4440.12,420.09,18.19,1,110.85,80.44,Adaptive,Low Efficiency
2085,2024-04-11 21:57:00,FL7627,66.95,Express,Critical,Departure,T3,24,151.78,27.2,31,9,Conveyor,40.97,73.21,69,45.25,1,Storm,517.31,535.89,18.4,0,32.95,39.51,Adaptive,Low Efficiency
2086,2024-12-21 13:56:00,FL4232,62.25,Hazardous,High,Arrival,T4,11,36.66,65.19,20,5,Crane,85.46,67.18,21,39.15,1,Clear,2021.53,657.21,112.89,0,94.88,29.38,Optimized,Moderate Efficiency
2087,2024-05-14 00:28:00,FL5940,17.13,Express,Low,Arrival,T2,39,94.71,18.25,9,6,Loader,44.35,97.65,57,71.64,1,Clear,1152.45,1407.98,94.96,0,75.7,149.35,Optimized,Low Efficiency
2088,2024-02-12 18:25:00,FL2380,80.53,Perishable,Medium,Arrival,T1,33,51.24,115.97,16,5,Crane,44.68,52.59,28,74.39,0,Fog,2258.86,1036.88,26.01,0,45.88,111.84,Baseline,Low Efficiency
2089,2024-01-25 15:06:00,FL1605,99.54,Perishable,Medium,Departure,T1,42,45.97,63.32,30,13,Loader,79.25,42.39,85,5.5,0,Clear,3090.33,1451.59,107.95,1,92.75,84.57,Adaptive,Moderate Efficiency
2090,2024-02-24 03:01:00,FL9805,48.75,General,High,Departure,T3,15,52.91,48.71,19,1,Loader,94.54,91.43,24,77.35,1,Storm,4589.82,218.96,103.92,1,71.63,89.31,Optimized,Moderate Efficiency
2091,2024-02-05 07:51:00,FL6480,94.2,Hazardous,Medium,Arrival,T4,4,98.85,23.12,7,4,Crane,57.26,34.81,92,68.54,0,Storm,4278.26,163.68,69.16,0,88.63,25.44,Adaptive,Low Efficiency
2092,2024-01-05 15:33:00,FL7389,115.91,General,Low,Departure,T3,1,58.05,52.9,13,14,Loader,56.16,87.2,75,43.76,1,Fog,2745.6,181.8,28.16,1,51.02,111.01,Baseline,Low Efficiency
2093,2024-10-27 07:04:00,FL3064,28.43,Perishable,High,Arrival,T3,32,35.48,39.78,32,11,Forklift,77.06,71.25,63,42.87,1,Clear,605.76,1302.89,56.47,0,111.53,138.69,Baseline,Low Efficiency
2094,2024-04-10 02:50:00,FL9527,65.18,Hazardous,Medium,Departure,T3,11,148.22,15.11,43,13,Conveyor,86.58,41.48,22,75.13,1,Rain,1854.02,1268.04,70.53,1,69.73,135.61,Adaptive,Low Efficiency
2095,2024-06-17 12:35:00,FL9860,38.02,General,Low,Arrival,T3,30,106.37,116.21,40,1,Forklift,92.14,45.92,34,71.42,1,Clear,979.75,713.23,33.05,1,123.84,120.3,Optimized,Low Efficiency
2096,2024-02-19 11:49:00,FL5651,96.18,General,Medium,Arrival,T3,37,45.1,35.47,29,12,Conveyor,54.98,40.91,37,12.49,0,Rain,3427.85,709.68,104.43,0,95.13,101.38,Adaptive,Moderate Efficiency
2097,2024-04-19 23:26:00,FL4501,71.42,General,Medium,Arrival,T4,19,95.43,84.4,45,1,Forklift,84.41,80.28,41,49.43,0,Clear,3629.43,698.42,101.69,1,44.08,47.41,Baseline,Low Efficiency
2098,2024-01-07 15:45:00,FL2520,77.98,General,Medium,Departure,T3,36,30.94,15.5,32,3,Forklift,58.43,40.31,81,87.24,1,Storm,3419.61,1422.28,12.56,1,57.71,58.26,Baseline,Low Efficiency
2099,2024-06-08 06:24:00,FL9383,96.76,General,Low,Arrival,T4,34,112.87,110.01,25,7,Conveyor,72.69,77.7,79,66.19,1,Storm,1736.23,466.6,12.16,0,50.13,126.45,Adaptive,Low Efficiency
2100,2024-11-28 01:20:00,FL6115,50.54,Hazardous,Medium,Departure,T2,7,74.45,72.94,33,1,Loader,51.45,38.97,93,87.57,0,Clear,4637.79,1105.72,58.05,0,60.3,110.34,Adaptive,Low Efficiency
2101,2024-09-28 18:09:00,FL9541,110.24,General,Low,Departure,T2,45,36.56,80.54,29,7,Crane,48.76,86.16,98,69.84,0,Clear,3148.28,253.88,111.66,0,34.01,148.65,Baseline,Moderate Efficiency
2102,2024-02-14 00:26:00,FL6582,66.3,Hazardous,High,Arrival,T2,20,49.38,94.91,34,10,Crane,96.12,94.36,43,47.22,0,Storm,3187.62,466.14,94.49,0,76.58,21.92,Optimized,Moderate Efficiency
2103,2024-12-17 20:36:00,FL3621,23.16,General,Low,Arrival,T2,12,75.31,74.68,43,14,Crane,72.83,69.15,22,54.44,0,Clear,4170.01,937.7,115.43,0,16.88,58.7,Baseline,Moderate Efficiency
2104,2024-12-21 05:52:00,FL1383,85.03,Perishable,Low,Departure,T1,32,149.03,13.15,15,10,Loader,40.28,97.63,91,63.85,1,Clear,811.6,936.7,41.24,0,58.71,133.15,Baseline,Low Efficiency
2105,2024-01-12 10:55:00,FL1456,96.23,Perishable,High,Departure,T4,2,47.8,54.4,23,13,Forklift,87.61,57.33,15,65.59,0,Fog,1443.24,875.06,116.5,0,69.77,13.63,Optimized,Moderate Efficiency
2106,2024-01-05 19:33:00,FL9846,41.43,General,High,Arrival,T2,22,37.55,35.13,15,1,Forklift,81.45,47.12,21,67.28,0,Fog,3153.12,272.9,68.47,0,116.96,57.03,Adaptive,Moderate Efficiency
2107,2024-10-26 12:39:00,FL5238,103.58,Express,High,Arrival,T1,41,102.55,60.97,29,9,Forklift,59.55,42.41,52,83.72,0,Fog,3246.95,1156.57,77.21,0,130.74,146.39,Optimized,Low Efficiency
2108,2024-01-09 15:06:00,FL4954,109.21,Perishable,Medium,Departure,T4,48,109.39,51.5,5,5,Loader,67.84,63.53,4,27.82,0,Rain,2600.44,1095.57,35.18,0,118.21,86.53,Baseline,Low Efficiency
2109,2024-01-13 04:18:00,FL5979,36.84,Hazardous,Low,Arrival,T1,40,34.44,100.05,36,13,Conveyor,66.99,39.15,47,74.65,1,Storm,4009.72,1053.32,60.75,0,21.47,53.16,Optimized,Low Efficiency
2110,2024-07-19 01:26:00,FL7926,118.1,General,High,Arrival,T1,24,65.52,33.41,25,6,Loader,56.49,91.31,18,51.27,1,Clear,2055.31,281.05,93.18,1,102.66,140.22,Adaptive,Low Efficiency
2111,2024-07-27 18:14:00,FL9278,21.18,Hazardous,High,Arrival,T3,31,62.04,28.15,49,12,Crane,98.83,84.93,71,79.68,0,Storm,550.55,409.21,48.62,0,129.33,58.59,Optimized,Low Efficiency
2112,2024-01-13 11:35:00,FL2809,28.23,Express,Low,Arrival,T1,4,49.8,115.18,17,9,Forklift,72.63,69.35,80,56.8,1,Clear,2029.82,1375.06,17.66,1,84.05,28.69,Optimized,Low Efficiency
2113,2024-11-09 12:48:00,FL1982,26.19,General,Critical,Departure,T1,24,70.5,114.19,38,11,Loader,93.84,80.5,35,84.16,0,Clear,4846.46,775.68,102.15,0,140.97,91.09,Adaptive,Moderate Efficiency
2114,2024-05-10 12:54:00,FL7110,107.81,Perishable,Low,Departure,T4,43,25.94,119.25,21,3,Loader,75.12,33.5,76,38.16,1,Storm,4005.66,685.13,13.67,1,133.71,110.01,Baseline,Low Efficiency
2115,2024-03-18 22:14:00,FL5255,80.24,Hazardous,Critical,Arrival,T1,17,124.25,70.36,23,3,Loader,81.41,44.25,7,8.94,0,Rain,1932.13,1321.55,20.59,1,132.94,21.11,Baseline,Low Efficiency
2116,2024-03-11 03:12:00,FL9314,22.49,Perishable,Critical,Arrival,T3,40,178.16,18.01,14,5,Conveyor,41.77,73.48,41,58.04,0,Rain,1501.02,512.81,80.08,0,144.97,97.09,Optimized,Low Efficiency
2117,2024-04-18 10:10:00,FL6807,55.64,Perishable,High,Departure,T2,19,121.45,106.22,46,13,Forklift,70.71,63.42,10,69.71,0,Rain,4146.21,1256.53,83.54,1,117.15,62.06,Optimized,Low Efficiency
2118,2024-06-24 11:14:00,FL3028,75.76,General,Critical,Departure,T2,40,77.77,21.69,13,13,Loader,83.28,72.32,62,62.23,0,Rain,1399.54,718.09,70.48,1,106.03,27.44,Optimized,Low Efficiency
2119,2024-05-19 18:15:00,FL1782,14.6,Hazardous,High,Departure,T4,38,126.87,22.89,15,7,Loader,47.31,36.23,65,65.25,0,Fog,3110.89,970.11,18.55,0,115.39,99.0,Adaptive,Low Efficiency
2120,2024-07-02 19:19:00,FL3043,106.48,Express,Low,Departure,T4,34,111.44,27.24,42,3,Crane,80.7,75.67,12,2.6,0,Storm,2785.82,610.76,95.45,0,60.11,47.67,Optimized,Low Efficiency
2121,2024-09-15 02:18:00,FL8352,97.41,Perishable,Medium,Departure,T1,47,155.48,80.14,35,4,Forklift,45.06,86.25,91,86.84,0,Rain,2402.01,1382.91,75.8,1,11.17,33.76,Baseline,Low Efficiency
2122,2024-07-13 15:50:00,FL5881,63.1,General,Low,Arrival,T4,33,119.5,17.33,6,14,Loader,88.42,68.24,28,23.78,1,Rain,2416.83,248.69,83.75,0,16.15,23.12,Adaptive,Low Efficiency
2123,2024-10-16 00:16:00,FL1085,116.22,General,Medium,Arrival,T1,6,121.45,94.5,28,2,Loader,98.67,55.02,58,37.25,0,Rain,3660.62,404.02,10.32,1,129.38,66.19,Baseline,Low Efficiency
2124,2024-02-27 12:57:00,FL8424,53.04,Express,High,Departure,T4,36,55.47,11.7,46,9,Loader,77.6,42.23,56,37.66,0,Rain,962.77,383.66,19.67,0,67.4,96.9,Adaptive,Low Efficiency
2125,2024-09-28 15:32:00,FL6553,118.17,General,Medium,Departure,T2,13,86.5,17.7,9,10,Loader,44.62,48.57,18,81.61,0,Fog,2278.52,464.37,89.3,0,60.74,146.57,Adaptive,Low Efficiency
2126,2024-10-22 15:50:00,FL4868,81.81,Perishable,Medium,Arrival,T2,47,75.11,54.97,34,9,Forklift,75.21,66.58,65,66.94,1,Clear,4857.72,736.17,84.56,0,95.78,57.33,Optimized,Low Efficiency
2127,2024-11-30 05:34:00,FL9737,77.99,General,Medium,Departure,T2,9,21.83,48.6,43,13,Loader,84.45,47.89,57,55.82,0,Rain,4001.72,263.57,31.82,0,29.6,95.75,Optimized,Low Efficiency
2128,2024-06-26 02:21:00,FL4831,24.08,Hazardous,Critical,Departure,T2,35,70.12,118.82,39,11,Conveyor,95.99,84.46,50,10.8,0,Fog,594.65,154.39,65.54,0,86.15,26.46,Optimized,Low Efficiency
2129,2024-06-13 11:08:00,FL6739,106.42,Hazardous,Low,Arrival,T1,34,97.77,116.19,21,2,Loader,42.73,39.22,87,29.11,0,Fog,2511.75,892.32,44.36,0,126.99,141.05,Optimized,Low Efficiency
2130,2024-08-06 10:26:00,FL5902,54.16,Perishable,Medium,Arrival,T1,16,115.98,26.81,35,5,Conveyor,86.5,66.15,81,44.26,1,Fog,1027.37,802.96,78.74,0,69.56,113.69,Optimized,Low Efficiency
2131,2024-02-28 16:52:00,FL5661,23.66,Hazardous,Low,Arrival,T1,18,169.53,113.87,6,1,Forklift,47.95,64.72,45,10.34,0,Clear,2681.21,576.92,97.72,0,82.52,109.62,Baseline,Low Efficiency
2132,2024-01-24 01:43:00,FL3293,6.45,Express,High,Arrival,T2,18,58.26,84.61,20,8,Loader,87.44,39.72,62,51.42,1,Storm,966.12,338.98,30.68,1,33.03,86.68,Baseline,Low Efficiency
2133,2024-03-09 02:02:00,FL7187,69.37,General,Low,Departure,T3,38,44.39,52.02,25,6,Crane,93.32,99.65,65,19.29,0,Rain,2251.46,264.31,81.42,1,113.17,88.88,Optimized,Moderate Efficiency
2134,2024-10-22 02:45:00,FL9514,65.65,Perishable,High,Arrival,T2,43,159.11,90.06,34,14,Conveyor,91.67,87.62,55,74.2,0,Clear,2952.48,1344.63,57.78,0,88.67,72.55,Baseline,Low Efficiency
2135,2024-10-03 04:07:00,FL5057,87.73,Express,Low,Departure,T2,32,170.7,108.52,5,10,Conveyor,79.17,57.06,38,74.6,0,Fog,2152.89,708.29,31.2,1,87.26,16.39,Optimized,Low Efficiency
2136,2024-10-01 15:30:00,FL2724,107.38,General,Low,Departure,T3,7,98.07,25.72,18,10,Loader,70.05,77.94,4,53.91,0,Clear,3103.59,1433.48,53.62,0,41.59,19.87,Baseline,Low Efficiency
2137,2024-12-12 14:47:00,FL6371,14.13,Express,Critical,Departure,T3,23,38.43,27.54,20,2,Crane,92.48,80.16,15,32.36,0,Storm,4932.72,555.4,21.47,0,138.42,36.87,Baseline,Low Efficiency
2138,2024-02-10 20:40:00,FL9461,89.12,Perishable,Low,Departure,T4,23,97.66,52.0,13,2,Crane,71.14,75.58,21,4.01,0,Fog,1606.04,957.74,82.34,0,58.22,36.34,Adaptive,Low Efficiency
2139,2024-01-07 21:09:00,FL4154,26.55,Perishable,Medium,Arrival,T2,46,37.51,24.46,12,10,Loader,51.41,60.27,21,56.61,0,Storm,3040.29,894.49,119.8,0,144.57,18.01,Optimized,Moderate Efficiency
2140,2024-05-04 19:08:00,FL6919,103.69,Express,Low,Departure,T3,18,161.31,46.45,13,5,Forklift,96.57,91.96,51,70.61,0,Storm,2620.96,327.58,90.66,0,57.84,79.53,Adaptive,Low Efficiency
2141,2024-03-01 05:02:00,FL8443,99.19,General,Medium,Departure,T4,7,133.3,79.25,38,7,Forklift,62.4,84.01,86,71.14,0,Fog,4141.69,791.33,103.72,1,136.04,81.25,Optimized,Low Efficiency
2142,2024-12-29 23:39:00,FL2605,67.19,Hazardous,Medium,Departure,T3,42,58.58,98.47,49,9,Loader,77.46,67.94,78,43.6,1,Rain,1916.97,778.57,34.83,0,88.19,93.92,Baseline,Low Efficiency
2143,2024-11-11 23:07:00,FL3401,86.68,Hazardous,Medium,Arrival,T3,40,161.87,39.72,37,9,Forklift,51.95,30.18,35,12.64,1,Storm,3371.06,808.96,21.68,0,18.97,120.21,Baseline,Low Efficiency
2144,2024-08-29 05:22:00,FL7974,41.15,Express,Low,Arrival,T4,24,122.06,37.4,26,12,Crane,46.63,45.64,4,5.83,1,Fog,3618.31,522.73,10.24,0,143.61,141.05,Optimized,Low Efficiency
2145,2024-03-10 10:34:00,FL7751,59.18,Perishable,Medium,Arrival,T2,14,172.52,94.67,34,11,Forklift,73.06,65.62,99,5.02,1,Clear,4890.47,440.06,90.26,0,56.56,142.73,Baseline,Low Efficiency
2146,2024-01-31 23:38:00,FL2342,99.49,General,High,Arrival,T4,5,176.88,48.82,11,6,Forklift,73.28,92.93,32,22.45,1,Clear,1180.69,674.69,100.55,0,123.96,135.96,Optimized,Low Efficiency
2147,2024-06-16 07:27:00,FL2511,57.82,General,High,Arrival,T2,46,20.53,99.12,22,2,Forklift,62.18,74.0,92,12.73,0,Storm,4992.31,1391.86,30.8,0,89.2,113.82,Adaptive,Low Efficiency
2148,2024-06-02 22:46:00,FL2018,46.15,Perishable,Medium,Departure,T3,22,39.23,119.24,25,6,Loader,58.7,59.25,12,15.2,1,Fog,3745.44,897.15,62.61,1,44.2,103.86,Adaptive,Low Efficiency
2149,2024-12-12 05:58:00,FL7961,61.83,Hazardous,Medium,Arrival,T4,22,107.51,117.66,9,1,Loader,62.45,33.35,54,62.91,0,Storm,2553.52,756.07,74.35,1,29.64,26.46,Optimized,Low Efficiency
2150,2024-07-16 09:43:00,FL3130,100.25,General,Low,Departure,T1,10,172.94,81.21,11,11,Conveyor,87.71,71.81,30,16.16,0,Rain,1686.03,373.7,115.4,0,42.83,101.89,Adaptive,Low Efficiency
2151,2024-02-03 21:43:00,FL8802,43.55,Express,Low,Arrival,T3,26,179.08,48.15,16,11,Forklift,61.46,54.55,9,62.31,1,Clear,3329.16,1396.56,110.53,0,86.3,31.96,Optimized,Low Efficiency
2152,2024-02-24 03:19:00,FL4519,24.98,Hazardous,Low,Departure,T4,15,110.79,12.53,21,13,Loader,95.28,67.62,19,31.64,1,Rain,1138.07,1023.56,11.73,1,81.13,114.38,Optimized,Low Efficiency
2153,2024-07-23 03:52:00,FL8309,86.88,Express,Low,Arrival,T3,38,47.81,89.87,28,2,Crane,46.78,83.65,80,69.73,0,Storm,4760.5,1484.01,15.41,0,47.79,32.68,Adaptive,Low Efficiency
2154,2024-01-24 23:00:00,FL2279,99.99,Hazardous,Low,Departure,T4,41,46.09,117.47,41,12,Conveyor,95.89,86.26,30,14.31,0,Rain,1329.91,336.32,115.48,0,32.0,105.41,Baseline,Moderate Efficiency
2155,2024-05-10 14:26:00,FL7050,16.57,Perishable,Medium,Arrival,T2,42,142.22,12.82,48,3,Crane,81.37,90.5,65,2.1,0,Rain,3984.37,646.5,16.39,0,59.09,20.11,Adaptive,Low Efficiency
2156,2024-08-17 00:01:00,FL9622,32.59,Express,Medium,Departure,T1,49,114.71,5.71,23,5,Forklift,60.66,74.52,45,8.03,0,Storm,2053.16,565.76,74.02,0,32.26,53.88,Adaptive,Low Efficiency
2157,2024-01-12 09:38:00,FL7598,21.33,Express,Critical,Departure,T3,1,107.8,100.65,49,10,Crane,40.41,93.39,23,86.95,1,Storm,1471.31,565.06,18.72,0,80.87,62.39,Optimized,Low Efficiency
2158,2024-05-30 20:21:00,FL9502,45.01,Perishable,Low,Departure,T1,14,94.52,16.76,20,1,Conveyor,88.15,78.34,76,48.42,1,Storm,4138.99,146.06,83.36,0,70.69,53.91,Optimized,Low Efficiency
2159,2024-04-14 23:55:00,FL7468,56.79,Express,High,Departure,T2,36,136.02,14.39,29,12,Forklift,98.16,84.87,5,54.63,0,Rain,4495.27,853.24,30.26,0,72.84,53.51,Optimized,Low Efficiency
2160,2024-10-17 00:43:00,FL5320,91.12,Hazardous,High,Departure,T4,31,157.29,109.69,31,10,Loader,98.95,77.98,84,87.03,0,Fog,525.3,952.34,13.76,0,46.57,84.54,Adaptive,Low Efficiency
2161,2024-02-26 00:34:00,FL9172,79.88,General,Medium,Departure,T1,28,68.47,14.15,46,13,Crane,65.4,91.03,67,69.84,1,Fog,4883.68,166.03,40.67,0,23.07,125.3,Optimized,Low Efficiency
2162,2024-08-05 22:14:00,FL7937,76.41,General,Low,Arrival,T4,34,55.35,18.11,48,14,Crane,44.23,45.6,66,10.14,0,Fog,2398.64,1331.76,68.45,0,92.08,132.27,Baseline,Low Efficiency
2163,2024-04-28 07:01:00,FL8210,45.52,Perishable,Low,Arrival,T2,35,127.23,70.5,11,13,Conveyor,58.83,83.19,43,37.96,0,Rain,932.34,381.96,68.85,0,146.36,20.29,Adaptive,Low Efficiency
2164,2024-06-24 02:33:00,FL9020,101.77,Hazardous,Low,Departure,T3,39,166.36,92.03,46,13,Loader,58.58,38.2,84,73.93,1,Clear,2539.6,306.68,93.99,1,103.64,36.93,Baseline,Low Efficiency
2165,2024-10-10 09:00:00,FL7830,59.2,Express,Medium,Departure,T2,23,75.71,50.95,12,5,Forklift,46.14,36.44,2,59.85,0,Clear,1033.56,352.3,16.65,0,134.32,53.3,Adaptive,Low Efficiency
2166,2024-08-29 13:23:00,FL3668,117.6,Express,High,Departure,T1,46,63.59,53.37,19,5,Forklift,71.48,64.41,48,19.42,1,Storm,1664.52,690.36,10.9,0,23.49,105.73,Adaptive,Low Efficiency
2167,2024-10-06 12:11:00,FL3364,77.93,General,Low,Departure,T1,44,56.18,77.75,20,4,Forklift,76.27,51.02,58,72.51,0,Fog,3008.8,215.33,88.56,0,18.51,66.34,Adaptive,Low Efficiency
2168,2024-04-11 21:48:00,FL9286,19.52,Express,Low,Departure,T1,19,60.72,63.12,12,3,Conveyor,83.73,69.44,40,50.3,0,Clear,2116.39,1253.39,114.97,1,117.25,76.75,Adaptive,Moderate Efficiency
2169,2024-02-27 02:37:00,FL3082,82.76,General,High,Departure,T4,18,41.59,7.14,40,7,Crane,43.06,77.44,99,70.95,1,Fog,1525.3,1051.99,31.2,1,73.66,119.82,Baseline,Low Efficiency
2170,2024-12-30 15:59:00,FL8942,42.39,Perishable,High,Departure,T3,15,115.48,18.06,36,11,Crane,56.52,45.86,53,56.38,0,Rain,1384.17,761.05,26.49,0,125.77,99.87,Baseline,Low Efficiency
2171,2024-09-08 20:19:00,FL8499,83.93,Express,Medium,Arrival,T1,1,64.93,71.88,21,7,Crane,61.31,78.99,59,41.66,1,Storm,3364.65,800.86,47.73,0,77.31,92.24,Adaptive,Low Efficiency
2172,2024-02-09 02:24:00,FL3119,13.01,Hazardous,High,Departure,T1,25,118.39,96.27,40,1,Crane,93.53,99.68,68,65.57,0,Storm,4593.6,668.43,87.25,0,20.45,91.2,Adaptive,Low Efficiency
2173,2024-03-12 03:10:00,FL9408,25.11,Express,Medium,Departure,T1,26,33.29,92.76,26,7,Conveyor,94.08,83.2,63,77.91,1,Storm,753.91,1101.86,93.8,0,73.53,37.91,Adaptive,Moderate Efficiency
2174,2024-11-14 06:40:00,FL9669,103.41,General,Low,Arrival,T2,35,38.47,90.11,36,3,Conveyor,55.6,42.17,36,41.9,1,Storm,1599.01,1434.47,113.04,1,103.25,25.5,Adaptive,Moderate Efficiency
2175,2024-06-18 01:00:00,FL2934,31.13,Perishable,Medium,Arrival,T1,15,105.78,93.7,15,13,Loader,69.24,74.36,40,2.68,0,Storm,3494.34,874.89,98.21,0,82.32,55.73,Adaptive,Low Efficiency
2176,2024-02-25 08:30:00,FL4483,101.26,General,Medium,Departure,T2,4,101.84,10.11,49,3,Conveyor,65.49,30.66,6,53.39,0,Storm,4943.07,888.76,13.05,0,40.4,117.58,Optimized,Low Efficiency
2177,2024-09-05 00:17:00,FL8461,37.12,Express,Critical,Arrival,T1,15,63.44,107.94,10,6,Crane,71.6,62.88,14,8.13,0,Storm,3566.07,831.22,32.7,0,139.38,129.45,Adaptive,Low Efficiency
2178,2024-10-15 20:53:00,FL8755,78.93,General,Low,Arrival,T2,42,152.34,107.27,26,6,Forklift,57.17,67.33,79,29.21,0,Fog,736.81,1374.17,49.11,0,103.16,121.64,Adaptive,Low Efficiency
2179,2024-08-25 15:50:00,FL1534,84.83,General,Medium,Arrival,T4,38,49.93,66.17,18,11,Loader,67.78,98.07,33,49.48,1,Clear,1304.89,990.15,114.16,0,83.71,32.09,Optimized,Moderate Efficiency
2180,2024-01-22 13:44:00,FL3569,63.96,Perishable,Medium,Departure,T4,45,77.71,33.59,32,13,Forklift,48.72,81.6,19,31.07,1,Fog,2064.5,1324.28,76.62,0,76.49,138.65,Baseline,Low Efficiency
2181,2024-07-18 00:44:00,FL7051,40.11,Hazardous,Medium,Departure,T2,39,108.88,73.1,43,4,Forklift,82.57,79.42,76,25.28,1,Fog,1208.31,918.2,119.59,1,95.75,64.26,Optimized,Moderate Efficiency
2182,2024-11-24 01:56:00,FL2945,29.45,Express,Low,Arrival,T3,1,158.75,69.16,16,5,Crane,62.18,67.27,43,1.81,1,Clear,1320.24,1077.5,44.94,0,75.04,127.27,Baseline,Low Efficiency
2183,2024-12-23 05:55:00,FL7694,8.82,Perishable,Medium,Departure,T3,22,86.97,30.64,31,3,Conveyor,72.55,65.92,54,24.23,0,Fog,1731.44,1017.9,111.35,0,53.18,97.66,Baseline,Moderate Efficiency
2184,2024-06-15 03:00:00,FL2807,39.95,Hazardous,High,Departure,T2,11,83.78,74.36,5,3,Conveyor,76.28,99.45,73,34.63,0,Storm,2177.49,716.99,86.85,0,64.4,121.07,Optimized,Low Efficiency
2185,2024-09-16 02:15:00,FL2980,80.11,General,Medium,Departure,T4,46,112.73,96.69,14,9,Conveyor,90.19,31.49,83,26.12,1,Fog,2263.3,292.14,107.58,1,36.93,14.24,Optimized,Low Efficiency
2186,2024-09-30 09:03:00,FL7055,112.91,Hazardous,Medium,Arrival,T2,38,70.67,97.7,37,5,Crane,44.91,51.22,96,56.56,0,Storm,2747.2,690.66,111.49,0,116.59,70.86,Baseline,Low Efficiency
2187,2024-11-10 11:05:00,FL5744,105.19,General,Low,Arrival,T3,37,133.47,11.87,20,1,Crane,68.96,39.36,92,59.92,0,Clear,4677.06,1320.82,59.83,1,122.87,94.89,Baseline,Low Efficiency
2188,2024-05-15 06:00:00,FL1659,93.1,General,Low,Arrival,T2,26,59.79,27.67,43,9,Forklift,93.64,52.05,92,70.19,0,Fog,4970.07,1018.22,105.91,0,112.83,61.78,Baseline,Moderate Efficiency
2189,2024-10-03 18:15:00,FL9565,95.67,Perishable,Medium,Arrival,T4,27,151.71,81.85,10,10,Loader,59.79,62.45,95,16.73,1,Rain,588.71,1420.96,118.16,0,74.85,120.52,Optimized,Low Efficiency
2190,2024-03-03 09:36:00,FL3511,81.47,General,High,Departure,T3,13,63.58,103.88,29,6,Conveyor,66.67,53.94,61,55.7,0,Fog,2721.96,490.2,83.38,1,40.08,111.31,Adaptive,Low Efficiency
2191,2024-08-03 02:07:00,FL2929,34.93,Perishable,Critical,Departure,T3,7,178.83,64.94,24,9,Conveyor,45.1,97.39,13,38.71,0,Clear,3884.36,760.5,38.5,0,144.77,64.57,Baseline,Low Efficiency
2192,2024-06-28 11:01:00,FL7086,109.33,Hazardous,Medium,Departure,T1,8,70.63,86.37,40,14,Loader,85.04,77.64,42,29.06,0,Rain,829.83,1140.65,39.63,0,117.91,71.45,Optimized,Low Efficiency
2193,2024-02-23 12:37:00,FL5995,82.13,Hazardous,Medium,Arrival,T1,46,160.61,7.42,27,11,Forklift,45.1,80.96,97,43.45,0,Storm,4735.35,285.44,92.76,0,118.63,78.8,Baseline,Low Efficiency
2194,2024-02-29 17:43:00,FL7135,69.45,General,High,Arrival,T3,23,83.58,74.97,20,7,Forklift,77.86,81.96,18,43.32,0,Rain,4719.7,237.77,46.15,0,97.42,86.32,Adaptive,Low Efficiency
2195,2024-07-14 03:09:00,FL5968,17.76,Perishable,Medium,Departure,T3,26,59.37,115.62,5,11,Loader,62.45,92.95,93,57.54,1,Storm,1437.77,1153.91,55.22,0,49.5,51.76,Adaptive,Low Efficiency
2196,2024-04-22 07:12:00,FL5816,56.41,General,Medium,Arrival,T2,44,56.19,81.02,34,10,Conveyor,60.29,83.76,72,50.33,0,Clear,4035.85,1031.37,67.92,0,35.62,42.07,Baseline,Low Efficiency
2197,2024-10-03 16:58:00,FL8961,57.94,Perishable,Low,Arrival,T4,27,156.03,111.06,31,10,Crane,75.13,31.13,86,56.81,0,Storm,3116.6,773.25,110.29,0,25.67,25.78,Optimized,Low Efficiency
2198,2024-04-22 08:11:00,FL1458,104.42,Perishable,High,Departure,T3,9,69.4,70.09,6,7,Crane,74.06,48.3,65,88.24,0,Clear,652.55,193.45,88.25,0,97.27,29.65,Optimized,Low Efficiency
2199,2024-10-10 17:08:00,FL3340,67.86,Perishable,Medium,Arrival,T4,46,74.17,101.99,25,5,Loader,64.33,99.24,48,72.94,1,Fog,1837.86,978.64,42.01,1,35.08,75.47,Baseline,Low Efficiency
2200,2024-08-18 14:21:00,FL3328,48.75,Hazardous,High,Arrival,T3,38,51.52,19.28,13,7,Conveyor,56.7,75.65,95,26.29,0,Rain,1685.19,1035.88,24.7,0,62.51,103.02,Baseline,Low Efficiency
2201,2024-09-19 15:41:00,FL7910,117.33,Perishable,High,Departure,T4,47,173.81,19.2,28,10,Loader,70.49,34.77,84,48.01,0,Rain,4458.73,520.72,41.88,0,124.75,103.23,Adaptive,Low Efficiency
2202,2024-03-18 14:06:00,FL1797,17.73,Hazardous,Low,Arrival,T1,13,59.16,18.82,45,4,Forklift,56.03,62.66,36,20.64,0,Rain,4538.75,225.78,46.69,0,50.58,73.91,Adaptive,Low Efficiency
2203,2024-03-07 15:26:00,FL5999,53.59,Perishable,High,Departure,T3,7,59.59,61.22,43,11,Forklift,46.16,98.66,87,46.7,0,Storm,655.1,805.82,90.59,0,47.2,96.63,Optimized,Low Efficiency
2204,2024-01-04 18:47:00,FL5644,9.83,Hazardous,High,Departure,T2,11,171.02,42.98,46,11,Crane,87.95,99.5,81,64.09,1,Clear,3836.35,780.82,56.78,1,110.43,144.26,Adaptive,Low Efficiency
2205,2024-08-12 11:21:00,FL4532,90.09,Express,Medium,Arrival,T4,10,164.14,87.71,11,6,Forklift,82.14,60.27,45,5.92,0,Fog,1039.34,513.07,119.77,0,82.9,147.52,Baseline,Low Efficiency
2206,2024-11-19 20:19:00,FL3999,110.58,Hazardous,Low,Departure,T3,33,59.83,108.8,34,2,Forklift,45.06,92.51,10,12.37,1,Clear,4059.16,889.31,13.79,0,88.73,128.27,Baseline,Low Efficiency
2207,2024-09-19 02:00:00,FL9008,37.2,Hazardous,Low,Arrival,T1,39,158.36,76.23,49,14,Loader,49.76,71.44,9,0.66,0,Rain,4305.25,951.99,48.97,1,28.05,138.01,Optimized,Low Efficiency
2208,2024-07-15 10:30:00,FL1034,103.71,General,Medium,Arrival,T1,3,59.97,29.52,6,10,Loader,46.01,65.66,46,34.08,0,Storm,766.62,1391.64,19.45,0,50.0,29.03,Optimized,Low Efficiency
2209,2024-03-15 10:37:00,FL3004,38.61,Perishable,Medium,Arrival,T1,41,33.51,112.05,16,3,Conveyor,87.44,58.84,17,69.06,0,Fog,1968.17,1183.38,49.24,1,61.72,49.03,Optimized,Low Efficiency
2210,2024-04-06 11:43:00,FL9970,109.74,Express,Medium,Arrival,T1,29,151.26,65.7,17,2,Loader,86.37,92.45,67,40.46,0,Fog,2208.62,1232.8,57.71,0,145.8,143.56,Baseline,Low Efficiency
2211,2024-03-04 13:37:00,FL6712,91.71,General,Low,Arrival,T3,37,143.45,87.79,7,13,Conveyor,64.48,73.48,33,51.37,0,Storm,4798.17,359.93,108.03,0,15.8,28.24,Optimized,Low Efficiency
2212,2024-05-16 10:54:00,FL2106,97.56,Perishable,Critical,Arrival,T2,45,67.15,107.41,47,10,Crane,89.28,53.37,65,53.09,0,Clear,2169.14,741.41,56.79,1,129.74,132.45,Optimized,Low Efficiency
2213,2024-11-09 19:54:00,FL1732,7.07,Express,Low,Arrival,T4,16,34.42,118.83,44,2,Loader,98.44,64.44,20,8.06,1,Storm,1651.99,390.87,12.81,0,27.53,71.49,Adaptive,Low Efficiency
2214,2024-11-22 20:06:00,FL7841,115.72,Express,Low,Arrival,T2,16,53.03,63.2,47,7,Loader,98.23,61.09,66,15.7,0,Rain,3288.64,361.94,115.07,0,148.28,146.5,Adaptive,Moderate Efficiency
2215,2024-10-24 03:05:00,FL8883,88.57,Express,Medium,Arrival,T4,44,143.37,97.93,22,5,Loader,98.85,61.58,16,82.37,0,Rain,1215.02,807.62,25.98,0,37.01,110.32,Optimized,Low Efficiency
2216,2024-03-16 05:10:00,FL6074,40.05,Perishable,Medium,Departure,T2,43,174.36,70.19,43,13,Crane,90.78,51.81,73,41.28,0,Rain,3312.88,492.13,95.11,0,50.47,57.19,Baseline,Low Efficiency
2217,2024-01-20 02:57:00,FL8411,100.38,Express,Low,Departure,T3,49,61.44,60.94,48,13,Loader,53.02,74.31,14,37.68,0,Fog,2563.59,400.42,32.03,0,126.12,26.53,Baseline,Low Efficiency
2218,2024-03-06 06:12:00,FL6534,37.37,Express,Low,Arrival,T3,7,150.92,66.84,10,6,Forklift,43.45,33.66,1,67.59,1,Rain,3791.48,1115.92,111.57,0,60.12,43.44,Baseline,Low Efficiency
2219,2024-09-14 17:06:00,FL7181,105.37,General,Low,Arrival,T4,15,56.47,60.69,46,3,Loader,88.7,92.03,35,4.07,1,Clear,3104.69,147.46,34.92,0,100.76,108.59,Optimized,Low Efficiency
2220,2024-03-08 18:24:00,FL8786,17.95,Hazardous,High,Arrival,T3,38,128.74,53.42,31,10,Conveyor,58.51,59.08,82,75.67,0,Fog,1294.62,1152.97,104.07,0,91.77,54.95,Optimized,Low Efficiency
2221,2024-08-24 05:49:00,FL3175,85.92,Perishable,High,Departure,T4,6,33.38,88.23,19,5,Forklift,60.27,86.06,1,60.34,0,Clear,4718.2,1358.12,55.6,0,106.08,142.87,Optimized,Low Efficiency
2222,2024-10-07 12:31:00,FL3269,67.18,Hazardous,Medium,Departure,T2,18,113.65,33.71,19,5,Loader,44.38,81.06,43,13.04,0,Fog,2519.51,1086.66,59.19,1,125.27,84.87,Adaptive,Low Efficiency
2223,2024-01-09 23:40:00,FL9270,16.1,General,High,Arrival,T3,19,63.07,75.88,23,11,Loader,82.88,63.03,69,5.84,1,Clear,3850.53,370.37,79.21,1,51.91,83.45,Optimized,Low Efficiency
2224,2024-07-31 12:24:00,FL8551,32.82,Hazardous,High,Arrival,T3,2,168.14,86.99,42,4,Crane,65.85,43.91,75,0.26,1,Rain,2893.74,1130.3,63.62,1,132.34,123.0,Adaptive,Low Efficiency
2225,2024-10-28 07:51:00,FL8371,6.43,Express,Low,Arrival,T4,3,66.36,107.59,24,10,Conveyor,52.26,69.35,88,26.47,0,Fog,4393.72,802.82,47.04,0,146.51,121.61,Optimized,Low Efficiency
2226,2024-10-09 09:17:00,FL8357,58.91,Express,Critical,Departure,T4,46,83.75,43.17,24,4,Forklift,79.15,96.37,96,29.23,0,Clear,2016.61,993.16,36.69,1,104.18,106.18,Optimized,Low Efficiency
2227,2024-03-02 16:13:00,FL3440,39.65,Perishable,High,Arrival,T4,25,154.51,103.97,22,12,Forklift,98.79,43.0,55,15.91,0,Fog,3374.89,649.78,39.29,1,89.25,143.29,Baseline,Low Efficiency
2228,2024-06-25 18:13:00,FL6328,73.81,Perishable,Low,Departure,T4,36,90.12,113.71,38,13,Crane,69.9,47.92,16,25.84,1,Fog,857.24,366.44,87.39,0,147.68,91.17,Adaptive,Low Efficiency
2229,2024-05-03 11:40:00,FL2463,39.18,Perishable,Low,Departure,T1,49,58.15,79.6,43,8,Forklift,76.38,99.51,67,50.58,0,Rain,849.83,131.88,21.96,0,22.83,136.07,Adaptive,Low Efficiency
2230,2024-10-04 05:46:00,FL7711,39.49,General,Low,Arrival,T4,28,107.61,93.71,41,6,Forklift,49.77,92.48,63,10.16,1,Fog,4295.92,1137.65,71.77,0,63.85,75.86,Optimized,Low Efficiency
2231,2024-05-03 10:15:00,FL7344,90.47,Perishable,Low,Departure,T1,38,154.4,51.66,39,11,Conveyor,49.66,68.47,72,18.1,0,Storm,4182.7,697.34,51.75,0,43.05,116.68,Adaptive,Low Efficiency
2232,2024-04-11 02:24:00,FL4814,10.54,General,High,Arrival,T2,28,89.31,114.5,42,2,Loader,67.49,78.63,96,50.58,1,Clear,2116.82,438.97,48.84,0,21.44,42.77,Adaptive,Low Efficiency
2233,2024-07-14 19:41:00,FL7478,108.83,Express,Medium,Departure,T4,32,41.26,82.15,42,2,Loader,90.69,61.01,22,63.4,1,Storm,3542.06,972.07,88.7,0,131.06,129.07,Optimized,Moderate Efficiency
2234,2024-08-07 06:39:00,FL6554,103.01,Hazardous,High,Departure,T1,41,81.29,40.67,5,2,Forklift,94.55,58.29,56,83.81,1,Fog,4230.43,1209.57,65.36,1,58.02,59.39,Optimized,Low Efficiency
2235,2024-07-14 10:44:00,FL9863,81.8,Express,High,Arrival,T1,36,172.72,51.49,16,6,Conveyor,78.51,61.02,52,45.95,1,Clear,1147.34,840.37,18.49,1,29.33,111.64,Optimized,Low Efficiency
2236,2024-12-25 01:57:00,FL1750,73.22,Express,High,Arrival,T1,39,31.52,76.04,9,12,Crane,61.63,59.01,81,10.19,0,Storm,4931.32,1165.91,110.05,0,63.61,55.13,Baseline,Moderate Efficiency
2237,2024-04-16 06:23:00,FL8259,107.61,Express,High,Departure,T3,36,85.35,31.93,31,1,Loader,85.0,77.29,27,53.24,1,Storm,4486.33,574.01,108.78,0,63.17,143.45,Baseline,Moderate Efficiency
2238,2024-02-16 01:40:00,FL5544,26.31,Perishable,Low,Departure,T1,43,123.68,91.7,43,3,Forklift,57.52,53.13,64,89.58,0,Rain,3609.12,1014.26,56.79,0,27.66,36.7,Baseline,Low Efficiency
2239,2024-05-01 18:09:00,FL2450,14.08,Perishable,Medium,Departure,T4,23,32.56,30.84,24,1,Forklift,53.17,41.95,45,79.48,0,Storm,2944.53,962.5,11.51,0,84.51,83.79,Adaptive,Low Efficiency
2240,2024-11-12 12:31:00,FL3713,32.54,Perishable,High,Arrival,T4,2,75.19,73.06,44,4,Conveyor,87.73,79.46,67,70.21,0,Fog,4527.17,342.62,16.63,0,24.3,65.24,Optimized,Low Efficiency
2241,2024-07-19 22:46:00,FL1406,96.38,Hazardous,Low,Arrival,T4,10,170.49,85.16,23,13,Conveyor,85.08,32.19,26,66.11,1,Clear,3826.99,1133.79,64.08,0,38.35,84.87,Optimized,Low Efficiency
2242,2024-11-02 15:17:00,FL6060,8.99,Perishable,Low,Arrival,T1,6,24.9,103.87,42,1,Conveyor,92.93,80.31,99,68.0,1,Fog,3131.22,1164.32,18.96,1,111.23,42.3,Baseline,Low Efficiency
2243,2024-08-06 06:33:00,FL3028,72.02,General,Critical,Arrival,T1,8,140.28,89.4,19,9,Forklift,74.59,48.43,13,8.16,0,Storm,4512.15,1019.37,58.75,0,52.52,80.52,Baseline,Low Efficiency
2244,2024-12-18 14:33:00,FL2395,119.48,Express,High,Departure,T3,15,154.62,96.86,10,11,Conveyor,93.8,43.32,81,46.82,0,Fog,1447.79,631.33,30.87,0,100.32,28.46,Optimized,Low Efficiency
2245,2024-02-26 00:17:00,FL4152,103.41,Hazardous,Low,Departure,T2,45,64.33,109.99,13,12,Forklift,41.59,56.53,30,62.06,1,Storm,1599.69,864.66,98.27,0,39.49,42.35,Optimized,Low Efficiency
2246,2024-09-19 23:06:00,FL9877,64.97,Hazardous,High,Departure,T3,29,54.35,73.74,40,11,Loader,55.22,38.22,93,6.55,1,Rain,4685.51,713.53,50.43,0,84.08,104.07,Optimized,Low Efficiency
2247,2024-07-02 06:46:00,FL1866,12.32,Hazardous,High,Departure,T4,28,166.37,102.32,27,13,Forklift,88.27,56.91,78,82.33,1,Fog,801.93,104.15,51.63,0,24.42,75.64,Baseline,Low Efficiency
2248,2024-06-28 13:28:00,FL9548,100.61,Hazardous,Medium,Departure,T4,22,142.24,31.67,14,6,Forklift,65.42,37.16,30,11.49,0,Fog,707.71,115.82,12.74,0,16.05,79.57,Optimized,Low Efficiency
2249,2024-12-27 00:46:00,FL4103,73.88,Hazardous,Low,Arrival,T4,34,38.14,98.69,5,14,Loader,54.36,63.84,44,7.94,0,Rain,4063.74,375.69,81.91,0,87.01,140.43,Baseline,Low Efficiency
2250,2024-05-22 09:27:00,FL8796,18.22,General,Critical,Arrival,T3,20,53.95,30.49,15,8,Conveyor,87.77,42.33,48,11.11,1,Fog,2362.99,1378.22,95.08,0,118.96,40.11,Adaptive,Moderate Efficiency
2251,2024-11-29 09:42:00,FL9235,15.79,Express,Medium,Departure,T4,33,119.42,112.48,24,14,Conveyor,89.34,39.1,9,38.09,1,Storm,4623.15,983.95,38.98,1,108.51,87.25,Optimized,Low Efficiency
2252,2024-03-18 21:28:00,FL1305,109.61,Hazardous,Low,Departure,T4,15,87.11,42.95,32,2,Forklift,67.38,70.54,48,48.89,0,Rain,1853.1,645.81,77.85,1,118.21,84.41,Baseline,Low Efficiency
2253,2024-04-08 15:51:00,FL2970,81.96,Express,Medium,Departure,T4,7,100.67,24.76,26,14,Forklift,68.0,73.77,96,8.53,0,Fog,1792.54,949.94,81.16,0,77.86,72.32,Optimized,Low Efficiency
2254,2024-08-09 20:17:00,FL9713,100.37,Perishable,High,Departure,T1,24,172.25,22.04,24,6,Loader,86.86,30.39,56,70.74,1,Storm,4807.48,189.45,79.26,0,107.51,126.2,Baseline,Low Efficiency
2255,2024-01-05 22:16:00,FL3944,106.08,Hazardous,Low,Departure,T2,26,87.24,26.54,42,4,Conveyor,86.28,57.14,68,18.01,1,Storm,2991.95,246.1,86.81,1,21.42,89.36,Baseline,Moderate Efficiency
2256,2024-10-15 03:13:00,FL1310,70.75,Hazardous,Low,Departure,T1,10,161.07,56.47,20,7,Loader,91.99,35.46,6,50.44,0,Clear,3261.69,213.29,96.35,1,126.91,124.86,Optimized,Low Efficiency
2257,2024-08-29 21:54:00,FL5504,64.51,Express,Low,Departure,T1,15,125.72,65.05,6,8,Forklift,78.73,81.71,65,44.2,0,Clear,4541.35,1243.87,93.39,0,57.45,130.4,Baseline,Low Efficiency
2258,2024-10-03 15:03:00,FL4371,54.5,Hazardous,Critical,Departure,T2,37,39.46,110.09,29,14,Forklift,51.15,77.71,89,81.51,0,Clear,2213.69,1499.85,73.14,1,132.35,19.97,Adaptive,Low Efficiency
2259,2024-08-27 23:09:00,FL5018,41.45,Hazardous,Low,Arrival,T2,24,139.12,48.82,31,6,Loader,72.98,33.48,67,80.4,0,Rain,1615.38,412.99,113.28,0,90.91,141.3,Baseline,Low Efficiency
2260,2024-11-16 13:27:00,FL8278,54.98,Hazardous,Medium,Departure,T3,11,103.23,30.01,7,13,Loader,62.94,95.89,21,21.46,0,Storm,3069.82,775.76,95.85,0,24.0,116.84,Adaptive,Low Efficiency
2261,2024-08-31 17:56:00,FL2386,94.0,General,Critical,Departure,T2,40,56.02,90.54,27,13,Crane,41.62,97.2,78,48.46,1,Rain,2345.1,285.69,107.99,1,68.64,77.81,Baseline,Low Efficiency
2262,2024-11-09 13:33:00,FL9741,74.22,General,Low,Arrival,T3,21,66.33,20.49,36,1,Crane,51.79,53.43,30,88.69,0,Rain,1236.16,1334.48,65.86,0,122.64,124.79,Baseline,Low Efficiency
2263,2024-04-09 02:56:00,FL6249,107.64,Hazardous,Critical,Arrival,T3,40,109.17,107.61,21,8,Conveyor,52.33,39.14,57,29.87,0,Rain,1033.7,318.17,87.05,0,43.96,42.18,Baseline,Low Efficiency
2264,2024-08-06 18:29:00,FL7583,55.99,General,Critical,Departure,T1,38,116.27,52.08,44,11,Loader,44.94,38.0,55,6.63,0,Rain,3764.56,834.87,104.94,1,35.51,124.72,Optimized,Low Efficiency
2265,2024-08-21 12:01:00,FL1737,74.82,Perishable,Critical,Arrival,T4,15,174.91,75.59,24,1,Conveyor,67.2,88.85,2,64.62,1,Rain,653.92,913.88,69.38,0,12.42,87.88,Optimized,Low Efficiency
2266,2024-05-26 06:08:00,FL9052,77.6,Hazardous,Low,Arrival,T1,15,156.76,26.41,34,9,Crane,70.48,62.14,48,45.29,0,Fog,2873.94,772.86,106.14,0,106.38,72.19,Adaptive,Low Efficiency
2267,2024-12-14 19:18:00,FL1381,73.05,Perishable,High,Departure,T1,37,52.93,21.74,32,2,Conveyor,60.4,30.67,22,84.57,1,Clear,1983.42,185.43,89.78,1,62.56,89.93,Adaptive,Moderate Efficiency
2268,2024-08-16 18:45:00,FL6569,85.8,Express,High,Arrival,T2,45,143.84,96.87,49,11,Crane,64.74,94.77,13,51.77,1,Rain,1179.09,1059.54,92.92,0,34.51,110.31,Baseline,Low Efficiency
2269,2024-05-09 08:26:00,FL8160,32.3,Perishable,Critical,Departure,T2,14,21.33,54.42,27,10,Loader,72.97,71.49,89,46.03,1,Fog,4508.0,1340.03,112.01,0,94.12,48.83,Optimized,Moderate Efficiency
2270,2024-10-16 23:44:00,FL3957,63.92,Express,Low,Departure,T3,43,40.77,118.48,23,6,Loader,47.23,78.33,43,82.34,0,Fog,3832.44,226.05,46.33,0,30.13,23.65,Optimized,Low Efficiency
2271,2024-08-20 09:20:00,FL7798,16.99,Hazardous,High,Departure,T3,21,51.95,65.29,29,8,Conveyor,73.74,87.65,75,34.23,0,Storm,3978.94,1119.28,75.41,1,111.45,136.95,Adaptive,Low Efficiency
2272,2024-07-31 05:25:00,FL1394,49.22,Express,Medium,Arrival,T3,44,115.55,102.25,28,5,Loader,82.6,87.3,74,53.77,1,Rain,2461.5,1249.6,39.99,0,91.65,143.07,Adaptive,Low Efficiency
2273,2024-12-23 12:58:00,FL9649,61.08,Express,Low,Arrival,T2,20,51.15,117.7,5,14,Conveyor,92.49,35.31,49,76.11,0,Clear,3417.56,328.49,68.21,0,44.61,97.46,Optimized,Low Efficiency
2274,2024-06-25 12:40:00,FL6199,80.01,Perishable,Medium,Departure,T3,33,78.44,37.33,32,2,Conveyor,58.09,70.18,37,53.78,0,Storm,907.44,1491.72,58.8,0,132.41,81.49,Optimized,Low Efficiency
2275,2024-08-25 07:16:00,FL7258,114.31,Perishable,High,Departure,T3,3,58.84,97.1,33,5,Crane,84.84,78.74,89,26.8,0,Rain,1126.74,517.27,60.32,0,88.27,17.55,Baseline,Low Efficiency
2276,2024-09-30 20:02:00,FL5213,74.07,Perishable,Medium,Arrival,T2,40,73.99,7.53,48,1,Forklift,76.36,35.99,35,50.25,0,Storm,1951.56,533.72,32.94,0,28.05,68.2,Baseline,Low Efficiency
2277,2024-07-23 02:36:00,FL2491,90.51,Hazardous,Medium,Departure,T4,23,170.79,83.17,39,8,Conveyor,70.17,45.57,19,38.88,0,Clear,2559.99,894.29,78.81,1,110.63,57.64,Adaptive,Low Efficiency
2278,2024-10-13 03:02:00,FL2878,63.22,Hazardous,Critical,Arrival,T1,44,179.58,90.7,21,8,Crane,95.17,57.71,28,88.62,0,Clear,922.18,1246.67,97.51,0,54.03,63.67,Optimized,Low Efficiency
2279,2024-09-22 19:06:00,FL2627,77.92,Perishable,Medium,Arrival,T2,47,129.72,59.9,15,14,Crane,77.2,92.06,57,4.58,0,Rain,3042.38,742.14,39.55,0,118.48,110.71,Baseline,Low Efficiency
2280,2024-03-23 22:20:00,FL9876,13.16,Hazardous,High,Arrival,T3,23,111.57,23.64,41,2,Crane,61.96,89.54,61,69.12,0,Clear,1579.11,864.19,23.63,1,66.21,60.57,Adaptive,Low Efficiency
2281,2024-05-25 11:45:00,FL3755,34.26,Hazardous,Medium,Arrival,T1,27,133.35,75.92,11,6,Forklift,82.78,84.75,43,2.16,0,Clear,3985.51,963.76,38.09,0,20.58,120.76,Adaptive,Low Efficiency
2282,2024-05-11 00:27:00,FL5675,46.61,Express,Medium,Arrival,T2,35,143.46,108.22,30,11,Loader,97.59,99.32,60,54.35,0,Clear,502.11,1209.61,93.08,1,98.23,148.71,Optimized,Low Efficiency
2283,2024-01-20 14:23:00,FL3359,59.34,Express,High,Arrival,T1,25,138.24,112.1,27,8,Conveyor,95.09,46.99,10,38.78,1,Rain,4397.35,1005.46,16.97,0,53.45,86.48,Baseline,Low Efficiency
2284,2024-12-02 03:25:00,FL3992,10.25,Perishable,Critical,Departure,T1,32,33.1,90.8,22,10,Conveyor,98.82,62.75,79,81.94,0,Storm,3796.61,336.79,77.96,1,141.87,48.86,Baseline,Moderate Efficiency
2285,2024-06-01 15:52:00,FL5187,21.1,Hazardous,Medium,Departure,T4,22,69.65,35.33,33,13,Loader,45.71,61.27,96,48.54,1,Storm,2957.78,940.2,100.18,1,126.19,144.1,Adaptive,Low Efficiency
2286,2024-11-15 06:33:00,FL2468,36.83,Express,High,Arrival,T3,8,74.95,105.09,43,8,Loader,66.61,77.53,67,74.46,0,Storm,3818.9,398.0,98.18,1,59.54,112.45,Optimized,Low Efficiency
2287,2024-07-31 03:22:00,FL3526,116.73,General,Low,Arrival,T2,38,79.08,107.21,38,12,Crane,65.96,89.51,24,60.49,1,Storm,2140.61,710.35,118.63,0,13.63,41.47,Optimized,Low Efficiency
2288,2024-02-20 08:38:00,FL6026,43.1,Hazardous,Low,Departure,T3,18,75.09,47.23,42,14,Crane,63.03,64.42,74,40.24,0,Storm,1231.64,1312.07,96.9,0,85.27,149.21,Adaptive,Low Efficiency
2289,2024-10-24 22:16:00,FL7672,60.43,General,Medium,Departure,T4,28,145.93,26.04,12,14,Loader,50.71,64.41,44,30.39,1,Storm,541.0,273.29,24.83,0,100.41,11.43,Optimized,Low Efficiency
2290,2024-12-29 13:57:00,FL3772,27.55,Perishable,Low,Departure,T4,28,139.62,105.59,25,7,Conveyor,89.93,72.58,30,10.53,0,Storm,2968.5,606.67,48.18,0,105.59,90.64,Adaptive,Low Efficiency
2291,2024-04-11 08:19:00,FL1965,75.24,Hazardous,Low,Departure,T2,11,20.74,106.79,25,3,Loader,80.38,81.97,97,1.22,0,Clear,1813.74,886.19,33.87,1,58.9,105.83,Optimized,Low Efficiency
2292,2024-08-08 12:23:00,FL6329,37.28,Perishable,Medium,Departure,T2,12,67.42,16.6,40,13,Loader,76.36,44.09,45,0.13,0,Storm,1457.1,1319.02,51.4,0,29.82,35.54,Baseline,Low Efficiency
2293,2024-06-25 05:37:00,FL3973,28.8,Perishable,Low,Departure,T4,2,119.79,116.2,21,14,Forklift,66.81,97.33,89,20.33,1,Clear,4401.54,1190.51,80.06,0,88.32,17.19,Optimized,Low Efficiency
2294,2024-07-02 23:55:00,FL1445,64.41,Perishable,Low,Departure,T2,37,39.24,66.3,20,12,Forklift,63.31,36.44,60,50.48,0,Fog,3763.26,693.58,41.88,0,78.25,11.03,Optimized,Low Efficiency
2295,2024-04-22 05:50:00,FL1958,5.63,Perishable,Medium,Departure,T1,4,31.39,119.28,19,14,Crane,87.19,31.62,53,87.79,0,Rain,4955.79,799.03,24.16,0,149.18,139.65,Baseline,Low Efficiency
2296,2024-11-04 02:41:00,FL5882,5.88,Perishable,Medium,Arrival,T1,41,152.54,56.18,19,11,Crane,71.61,55.12,25,63.47,0,Clear,3477.04,1284.65,88.56,0,90.45,91.59,Baseline,Low Efficiency
2297,2024-10-01 12:23:00,FL7388,30.19,Hazardous,Critical,Departure,T4,45,92.43,66.33,44,4,Conveyor,76.46,79.1,76,6.36,0,Rain,4529.15,1327.81,22.89,0,35.43,33.95,Adaptive,Low Efficiency
2298,2024-02-23 20:38:00,FL2617,9.22,General,High,Arrival,T3,45,156.91,35.6,21,1,Loader,46.0,98.47,4,58.07,0,Rain,1032.51,839.99,114.27,0,60.61,96.19,Optimized,Low Efficiency
2299,2024-11-23 00:00:00,FL6243,17.42,Hazardous,Medium,Departure,T2,47,151.77,108.38,5,9,Loader,68.29,95.29,92,43.69,1,Fog,3752.43,378.78,78.04,0,84.38,10.35,Optimized,Low Efficiency
2300,2024-12-14 23:14:00,FL3334,43.97,Hazardous,Critical,Departure,T2,34,162.94,56.03,17,14,Forklift,47.82,78.19,84,57.26,0,Storm,888.01,797.4,94.08,0,127.27,62.32,Adaptive,Low Efficiency
2301,2024-10-18 20:34:00,FL7763,97.3,Hazardous,High,Departure,T1,23,27.72,98.68,42,10,Conveyor,43.23,60.56,74,56.09,0,Fog,925.57,1397.52,100.67,1,77.33,117.51,Baseline,Low Efficiency
2302,2024-10-31 14:20:00,FL6311,70.79,Express,Low,Departure,T2,13,49.78,14.17,14,10,Loader,81.36,71.71,31,12.96,1,Clear,4360.26,954.84,80.73,0,122.06,23.96,Optimized,Moderate Efficiency
2303,2024-01-27 18:31:00,FL5225,63.96,Express,Low,Departure,T3,7,67.38,95.65,37,2,Conveyor,56.49,97.81,19,82.75,1,Clear,2120.38,1182.51,87.22,0,31.8,94.52,Adaptive,Low Efficiency
2304,2024-09-18 19:13:00,FL7152,38.75,Hazardous,High,Arrival,T2,32,41.8,61.38,30,10,Forklift,97.9,48.59,2,49.91,0,Clear,1923.95,126.19,96.94,0,63.48,54.2,Adaptive,Moderate Efficiency
2305,2024-03-02 21:10:00,FL2981,112.15,General,Medium,Departure,T2,23,97.68,5.62,16,7,Loader,76.33,63.48,4,63.07,0,Rain,1327.02,988.11,59.95,0,82.67,23.8,Optimized,Low Efficiency
2306,2024-03-20 15:22:00,FL1849,50.66,Hazardous,High,Arrival,T1,49,147.84,31.02,23,8,Forklift,78.71,78.5,79,34.84,1,Storm,2682.24,937.87,10.3,0,13.31,125.45,Adaptive,Low Efficiency
2307,2024-06-29 18:09:00,FL4318,15.02,Perishable,High,Arrival,T2,8,172.19,27.28,19,14,Forklift,51.81,30.72,38,11.01,1,Storm,1416.12,760.86,116.37,0,116.3,86.76,Adaptive,Low Efficiency
2308,2024-09-15 12:13:00,FL4925,75.96,Express,High,Departure,T4,47,162.33,91.45,9,4,Forklift,47.73,56.69,33,62.18,1,Storm,2920.31,1050.7,36.7,1,126.51,120.77,Adaptive,Low Efficiency
2309,2024-05-01 02:58:00,FL4874,18.09,Express,Critical,Arrival,T4,47,93.17,59.88,6,11,Loader,71.52,69.75,18,84.82,0,Fog,3471.97,1308.7,26.47,0,55.38,145.59,Adaptive,Low Efficiency
2310,2024-02-02 06:08:00,FL9076,44.7,Hazardous,Medium,Departure,T3,37,121.84,23.37,18,11,Conveyor,95.53,93.06,32,52.3,0,Fog,3447.1,1400.93,111.11,0,144.14,35.7,Optimized,Moderate Efficiency
2311,2024-10-17 23:49:00,FL9333,63.35,Hazardous,Low,Departure,T3,34,56.91,34.53,33,10,Loader,43.34,99.44,96,17.88,0,Clear,2140.92,459.52,69.54,0,112.29,29.17,Baseline,Low Efficiency
2312,2024-08-29 11:04:00,FL9264,105.54,General,High,Departure,T3,48,84.48,62.97,45,1,Forklift,70.49,68.94,77,56.09,0,Storm,3668.17,806.75,40.32,0,126.13,147.32,Adaptive,Low Efficiency
2313,2024-11-09 10:45:00,FL7308,61.76,General,Low,Arrival,T3,29,159.39,7.26,5,5,Crane,51.92,96.12,80,38.6,0,Storm,1697.38,522.05,112.49,0,101.68,42.66,Baseline,Low Efficiency
2314,2024-03-18 03:30:00,FL2885,85.76,Perishable,High,Departure,T1,37,24.67,53.77,17,10,Conveyor,86.92,36.95,33,35.91,1,Fog,4134.57,686.07,104.09,1,124.7,69.77,Adaptive,Moderate Efficiency
2315,2024-01-08 16:20:00,FL5412,119.17,Hazardous,Critical,Arrival,T2,23,105.24,82.98,36,10,Crane,80.92,79.09,34,82.22,1,Rain,500.52,798.35,60.14,1,147.62,127.09,Baseline,Low Efficiency
2316,2024-03-12 19:16:00,FL1993,20.12,Hazardous,High,Departure,T1,38,159.65,64.54,38,6,Forklift,45.83,58.04,51,66.34,0,Storm,4849.54,1199.4,115.18,0,128.94,42.25,Optimized,Low Efficiency
2317,2024-07-07 09:46:00,FL6215,36.59,Hazardous,Medium,Departure,T3,29,39.52,73.78,18,7,Loader,76.98,82.57,63,45.79,0,Clear,2451.08,1382.39,20.25,0,76.31,109.61,Optimized,Low Efficiency
2318,2024-06-10 15:45:00,FL8615,50.38,Express,Medium,Arrival,T2,44,177.21,42.56,42,1,Conveyor,99.02,90.74,78,37.58,0,Storm,2002.98,922.31,113.14,1,99.07,120.16,Optimized,Low Efficiency
2319,2024-06-09 22:48:00,FL7669,53.51,Perishable,Medium,Arrival,T4,5,21.98,26.05,42,13,Crane,71.69,33.76,47,21.86,1,Fog,3310.17,1489.24,60.64,0,91.15,79.5,Optimized,Moderate Efficiency
2320,2024-11-20 14:32:00,FL2072,52.27,General,Medium,Arrival,T1,40,161.78,98.12,45,4,Loader,57.13,95.48,66,30.91,0,Storm,4455.94,893.68,60.76,0,81.18,78.24,Baseline,Low Efficiency
2321,2024-09-29 10:12:00,FL8932,109.38,Express,High,Arrival,T2,11,76.59,109.15,19,12,Conveyor,49.13,34.77,13,48.66,0,Clear,2086.57,1228.86,59.87,0,117.77,42.02,Adaptive,Low Efficiency
2322,2024-10-11 19:33:00,FL1473,87.11,Express,High,Arrival,T4,14,41.23,63.74,43,5,Forklift,99.38,82.74,52,4.35,1,Rain,815.19,294.39,57.36,1,71.42,97.63,Optimized,Moderate Efficiency
2323,2024-12-03 04:36:00,FL7676,74.91,Express,High,Arrival,T4,49,45.18,40.08,10,5,Forklift,73.83,34.83,93,32.18,1,Rain,2092.25,110.78,69.11,0,53.36,38.12,Adaptive,Low Efficiency
2324,2024-12-30 10:16:00,FL4829,40.58,Express,Low,Departure,T3,42,132.19,63.79,33,7,Forklift,62.48,90.32,52,44.47,1,Clear,522.89,137.85,119.47,1,15.91,46.77,Baseline,Low Efficiency
2325,2024-04-19 18:27:00,FL1305,99.74,Perishable,Medium,Arrival,T4,2,159.32,106.08,41,4,Loader,52.86,44.35,43,54.75,0,Clear,1332.69,1348.81,11.59,1,22.31,93.49,Optimized,Low Efficiency
2326,2024-09-08 04:44:00,FL5409,114.83,Hazardous,High,Departure,T4,35,122.57,84.51,23,10,Loader,97.01,60.38,98,66.88,1,Storm,734.03,204.63,65.01,0,41.02,48.85,Optimized,Low Efficiency
2327,2024-01-18 21:15:00,FL2663,99.44,General,Medium,Departure,T3,45,168.6,103.74,5,7,Forklift,77.62,95.28,61,1.24,0,Storm,2244.13,958.06,41.2,0,31.55,74.94,Optimized,Low Efficiency
2328,2024-12-17 13:02:00,FL5035,5.18,General,Medium,Departure,T2,49,154.8,42.76,25,8,Forklift,43.46,85.44,81,26.53,0,Fog,768.87,906.79,28.86,0,14.01,143.05,Baseline,Low Efficiency
2329,2024-03-17 03:07:00,FL3057,78.19,Express,High,Departure,T2,35,21.45,86.88,43,2,Conveyor,43.57,85.0,3,23.49,0,Rain,4927.67,1192.93,111.76,0,107.45,93.26,Adaptive,Moderate Efficiency
2330,2024-08-03 03:03:00,FL5990,10.88,Express,High,Departure,T3,42,127.11,80.1,22,14,Crane,96.37,83.43,94,46.92,1,Rain,4018.62,538.85,52.29,0,116.45,115.12,Optimized,Low Efficiency
2331,2024-10-29 21:41:00,FL7664,34.62,Perishable,Medium,Arrival,T1,28,68.74,70.74,31,1,Conveyor,82.61,69.86,68,41.94,0,Clear,2387.9,594.56,70.1,1,59.61,108.42,Optimized,Low Efficiency
2332,2024-03-03 12:25:00,FL8306,11.85,Express,Critical,Departure,T3,8,92.72,65.75,32,13,Crane,46.21,96.6,95,7.19,0,Fog,4056.9,594.71,112.34,0,148.08,143.39,Adaptive,Low Efficiency
2333,2024-03-25 12:27:00,FL2374,74.44,General,Low,Departure,T2,32,35.04,68.36,12,10,Loader,77.43,88.21,59,68.52,0,Storm,2378.13,335.79,62.73,0,92.32,24.96,Adaptive,Low Efficiency
2334,2024-04-13 03:57:00,FL9199,83.96,General,Critical,Departure,T1,4,65.14,102.71,35,10,Conveyor,65.17,60.82,54,61.85,0,Clear,3411.87,391.05,41.7,1,24.0,35.72,Optimized,Low Efficiency
2335,2024-09-10 15:29:00,FL4333,18.17,Hazardous,Low,Arrival,T3,45,121.23,110.34,16,1,Loader,87.32,81.98,69,73.9,0,Clear,4196.82,376.59,20.65,0,61.08,106.01,Optimized,Low Efficiency
2336,2024-08-15 02:40:00,FL3332,49.14,Hazardous,Low,Arrival,T2,7,54.94,17.98,46,13,Loader,56.42,99.87,2,9.99,1,Clear,3579.81,304.07,75.82,0,91.55,128.49,Baseline,Low Efficiency
2337,2024-09-06 19:31:00,FL7116,57.47,General,Critical,Arrival,T2,39,123.61,70.41,10,1,Crane,62.97,90.97,68,45.56,1,Rain,880.3,1179.37,110.28,1,143.78,114.51,Optimized,Low Efficiency
2338,2024-11-27 13:30:00,FL9854,47.44,General,Low,Arrival,T2,48,167.69,110.62,30,9,Crane,50.04,30.09,44,54.33,0,Storm,695.69,953.82,18.88,1,105.58,30.67,Baseline,Low Efficiency
2339,2024-05-30 15:16:00,FL3755,18.92,Perishable,High,Departure,T4,27,20.79,20.5,20,4,Conveyor,55.15,81.65,38,4.4,0,Storm,3064.57,896.99,59.05,0,11.24,105.17,Baseline,Low Efficiency
2340,2024-12-17 15:44:00,FL5016,53.18,Perishable,High,Arrival,T4,37,145.72,52.48,34,9,Conveyor,51.35,92.85,60,86.35,1,Clear,1383.93,1047.21,83.11,0,103.73,97.95,Adaptive,Low Efficiency
2341,2024-09-10 14:59:00,FL9806,91.39,General,Critical,Departure,T1,17,122.61,15.24,23,7,Conveyor,41.46,52.94,27,71.5,1,Clear,4928.42,582.81,21.08,0,101.7,85.17,Baseline,Low Efficiency
2342,2024-12-12 17:32:00,FL7942,13.17,Express,Critical,Arrival,T1,10,27.46,18.05,22,7,Crane,42.77,98.42,91,21.93,0,Fog,573.32,1122.17,18.66,0,130.65,88.97,Baseline,Low Efficiency
2343,2024-03-12 02:05:00,FL8401,14.22,Hazardous,Low,Arrival,T1,4,146.43,108.97,28,13,Forklift,90.14,58.09,15,56.59,0,Storm,3868.37,482.93,32.49,0,28.43,95.0,Optimized,Low Efficiency
2344,2024-11-15 01:30:00,FL1684,45.8,General,High,Arrival,T4,23,55.92,56.31,49,2,Forklift,88.23,59.48,39,12.9,0,Clear,691.0,1244.77,24.44,0,123.0,35.34,Optimized,Low Efficiency
2345,2024-11-25 11:05:00,FL1016,113.3,Express,Low,Arrival,T1,14,62.53,84.21,24,2,Crane,48.44,41.26,38,78.59,1,Fog,3248.93,961.69,51.56,1,132.59,56.55,Baseline,Low Efficiency
2346,2024-08-20 05:20:00,FL8612,81.89,General,Medium,Departure,T2,5,34.96,20.98,11,12,Conveyor,80.07,36.76,54,8.85,0,Clear,2390.2,1250.31,55.12,1,122.28,95.73,Baseline,Moderate Efficiency
2347,2024-02-18 21:57:00,FL5739,83.05,Hazardous,High,Arrival,T2,2,105.5,7.52,11,5,Forklift,84.74,67.56,63,81.37,1,Rain,3347.7,176.53,59.8,1,67.46,21.12,Baseline,Low Efficiency
2348,2024-08-06 15:29:00,FL3742,46.62,Hazardous,Medium,Departure,T1,46,99.72,107.41,20,10,Loader,43.08,72.19,58,74.51,0,Clear,3928.81,1280.53,64.02,1,106.75,109.42,Baseline,Low Efficiency
2349,2024-02-02 12:53:00,FL1008,73.27,Perishable,Medium,Departure,T1,24,75.55,71.07,46,1,Forklift,45.31,55.68,62,43.04,1,Rain,649.4,242.0,16.41,1,124.44,114.37,Baseline,Low Efficiency
2350,2024-03-24 19:15:00,FL1985,6.17,Perishable,Medium,Departure,T4,18,47.0,7.3,18,7,Forklift,73.78,72.46,78,58.73,1,Storm,2845.67,1036.05,82.93,0,142.53,30.13,Baseline,Moderate Efficiency
2351,2024-01-17 10:42:00,FL8900,78.15,Perishable,High,Departure,T2,27,154.07,119.12,16,11,Crane,62.45,57.63,18,22.12,0,Clear,4740.53,419.12,90.71,1,56.77,49.77,Baseline,Low Efficiency
2352,2024-09-06 19:43:00,FL5477,110.03,Perishable,Critical,Departure,T3,24,160.22,61.6,33,7,Crane,81.96,90.77,29,34.59,0,Storm,1480.02,165.38,25.1,1,39.02,42.35,Baseline,Low Efficiency
2353,2024-03-20 15:15:00,FL5110,75.45,Hazardous,Low,Departure,T3,29,106.49,59.73,19,11,Forklift,73.46,96.77,71,19.57,1,Storm,848.61,463.11,34.97,0,115.93,39.39,Adaptive,Low Efficiency
2354,2024-04-29 16:17:00,FL7228,105.48,Express,Medium,Departure,T4,11,59.08,76.41,12,8,Loader,41.86,71.55,57,47.49,0,Storm,3969.34,664.64,40.86,0,23.63,61.33,Optimized,Low Efficiency
2355,2024-06-26 14:41:00,FL6757,88.26,Express,Critical,Arrival,T4,48,35.38,5.91,43,7,Loader,81.02,88.96,24,28.68,0,Rain,3836.49,301.5,55.78,0,88.79,115.64,Adaptive,Moderate Efficiency
2356,2024-05-07 00:47:00,FL4485,18.86,Express,Medium,Departure,T4,18,158.97,70.45,13,8,Conveyor,52.24,89.76,38,31.64,1,Storm,2255.7,239.49,54.17,0,130.46,66.94,Optimized,Low Efficiency
2357,2024-04-26 14:34:00,FL9361,108.78,General,Low,Arrival,T2,48,35.37,77.39,32,3,Forklift,58.76,79.96,6,39.85,0,Storm,4236.11,1491.25,32.62,0,41.2,84.88,Adaptive,Low Efficiency
2358,2024-08-29 00:27:00,FL5609,12.64,Perishable,Medium,Arrival,T1,4,22.11,39.15,31,3,Forklift,84.18,43.44,20,78.53,0,Rain,2947.55,211.06,18.08,1,64.32,27.17,Optimized,Low Efficiency
2359,2024-11-06 11:20:00,FL1745,66.41,Perishable,Medium,Departure,T1,33,95.1,88.59,11,8,Loader,86.28,40.85,42,49.38,1,Clear,2639.12,366.72,41.95,0,125.39,96.02,Baseline,Low Efficiency
2360,2024-12-02 10:58:00,FL3644,21.35,Hazardous,Low,Departure,T4,14,137.0,48.4,48,9,Crane,60.75,94.36,74,72.59,0,Storm,4198.35,453.97,95.71,1,80.31,149.88,Baseline,Low Efficiency
2361,2024-06-17 19:58:00,FL9750,6.35,Hazardous,High,Arrival,T2,44,93.21,87.54,18,10,Forklift,45.35,48.55,22,76.37,0,Fog,941.63,543.98,16.42,0,34.89,112.07,Optimized,Low Efficiency
2362,2024-10-21 22:43:00,FL2145,53.53,General,Medium,Arrival,T3,42,28.23,21.54,15,4,Loader,86.18,47.24,33,22.09,0,Rain,1507.55,283.77,50.28,0,21.75,77.89,Adaptive,Moderate Efficiency
2363,2024-05-14 07:31:00,FL5925,38.93,General,Critical,Departure,T4,32,130.4,110.08,36,8,Forklift,92.21,41.63,87,69.99,0,Rain,2498.61,1275.64,31.21,0,88.01,75.99,Baseline,Low Efficiency
2364,2024-05-15 17:20:00,FL2469,60.89,Express,High,Departure,T2,4,122.77,106.14,32,1,Crane,97.86,66.92,46,58.38,1,Clear,884.45,1394.52,88.38,0,13.04,139.15,Optimized,Low Efficiency
2365,2024-11-10 16:05:00,FL7476,71.38,Hazardous,High,Arrival,T4,20,129.04,22.32,10,2,Conveyor,59.07,77.39,54,45.67,0,Fog,4981.42,868.55,46.46,1,57.59,67.1,Baseline,Low Efficiency
2366,2024-10-15 01:18:00,FL3014,10.03,Perishable,Low,Arrival,T2,21,53.79,112.92,39,13,Crane,47.43,77.33,42,7.98,1,Rain,1910.89,893.85,53.7,0,95.69,111.69,Baseline,Low Efficiency
2367,2024-01-22 06:10:00,FL3288,19.15,Express,Medium,Departure,T2,3,147.31,69.14,10,10,Crane,96.26,48.27,51,51.51,1,Clear,4764.85,1491.29,110.88,0,10.76,95.4,Baseline,Low Efficiency
2368,2024-05-23 16:29:00,FL5578,69.24,Perishable,Low,Arrival,T4,25,96.67,85.69,28,10,Loader,63.99,36.63,68,13.98,0,Storm,2635.03,1337.32,77.23,0,131.53,97.74,Optimized,Low Efficiency
2369,2024-11-23 08:53:00,FL8077,44.46,Express,Critical,Arrival,T1,4,105.82,101.63,13,10,Loader,45.61,51.71,85,73.46,0,Storm,4660.33,670.41,100.62,0,143.97,21.72,Baseline,Low Efficiency
2370,2024-11-08 18:58:00,FL4454,88.85,Perishable,Low,Departure,T4,47,107.33,14.61,6,9,Crane,69.93,65.24,56,84.12,0,Rain,2479.93,1162.45,85.34,0,67.5,103.21,Optimized,Low Efficiency
2371,2024-10-10 03:23:00,FL9270,80.01,General,Low,Arrival,T1,11,65.89,24.47,42,2,Loader,51.43,72.87,77,43.03,0,Clear,4166.26,471.38,115.6,0,15.69,99.88,Baseline,Moderate Efficiency
2372,2024-01-04 05:46:00,FL6215,102.24,Express,Medium,Departure,T1,16,60.02,38.39,18,2,Crane,61.32,48.94,42,39.65,1,Storm,3879.94,172.62,72.87,0,49.2,113.84,Baseline,Low Efficiency
2373,2024-06-05 09:50:00,FL6613,84.64,Perishable,Low,Departure,T3,36,20.76,59.88,35,8,Crane,59.22,42.82,13,43.99,1,Storm,4761.03,131.02,37.49,0,102.83,104.85,Adaptive,Low Efficiency
2374,2024-05-29 20:20:00,FL5282,54.44,Perishable,Low,Departure,T2,6,83.46,44.8,34,5,Forklift,99.24,88.91,54,6.05,1,Clear,3368.53,854.52,86.38,0,15.98,133.18,Adaptive,Moderate Efficiency
2375,2024-07-21 16:25:00,FL8417,82.39,Hazardous,Medium,Arrival,T4,31,97.62,63.17,31,5,Crane,78.37,90.05,12,21.33,1,Storm,1521.88,799.6,100.23,0,129.58,149.64,Optimized,Low Efficiency
2376,2024-02-15 13:22:00,FL5473,36.67,Express,Low,Departure,T2,40,138.85,26.38,40,11,Conveyor,69.51,49.6,88,84.65,0,Storm,2938.56,311.0,116.43,0,122.46,36.74,Adaptive,Low Efficiency
2377,2024-03-15 02:14:00,FL5029,40.23,Perishable,Low,Arrival,T3,13,30.66,83.45,35,6,Loader,70.83,69.21,35,31.06,1,Fog,1156.44,1294.43,77.95,0,74.78,134.39,Optimized,Low Efficiency
2378,2024-05-16 03:21:00,FL6269,95.73,Hazardous,Medium,Departure,T1,23,167.84,11.41,46,8,Conveyor,76.25,60.79,83,53.22,1,Clear,2006.92,916.08,100.42,0,117.86,50.9,Baseline,Low Efficiency
2379,2024-09-23 08:41:00,FL6597,56.34,Perishable,High,Departure,T4,4,62.23,46.57,10,8,Loader,92.37,39.94,9,58.42,0,Storm,4051.35,634.14,88.17,0,33.81,46.68,Baseline,Moderate Efficiency
2380,2024-08-25 08:59:00,FL4450,96.81,Express,Medium,Arrival,T2,37,78.68,25.59,47,9,Crane,48.76,95.84,13,78.94,0,Fog,562.86,808.22,95.25,0,143.93,41.43,Adaptive,Low Efficiency
2381,2024-05-23 12:07:00,FL8533,99.58,General,Medium,Arrival,T3,42,27.74,88.94,49,10,Conveyor,75.98,30.68,22,21.44,0,Storm,3293.89,236.38,75.75,1,79.69,86.47,Adaptive,Low Efficiency
2382,2024-11-29 04:16:00,FL6381,103.62,Express,Medium,Arrival,T1,37,124.5,106.62,22,11,Forklift,59.33,43.13,40,80.11,0,Clear,3618.44,1359.82,42.02,0,147.92,83.77,Optimized,Low Efficiency
2383,2024-03-23 23:30:00,FL1260,110.41,Express,Medium,Departure,T1,44,133.43,14.06,18,3,Crane,74.28,54.19,36,35.25,0,Clear,4549.06,506.77,19.64,0,83.7,129.07,Optimized,Low Efficiency
2384,2024-07-10 00:57:00,FL3190,54.56,Perishable,Critical,Arrival,T2,33,168.61,95.28,24,9,Crane,71.06,89.95,92,82.96,0,Storm,3904.1,344.45,89.19,0,109.34,71.46,Adaptive,Low Efficiency
2385,2024-12-22 10:21:00,FL1033,41.67,Perishable,Low,Departure,T1,42,73.89,108.01,15,14,Crane,41.8,85.21,41,37.02,0,Rain,2312.7,696.34,101.25,1,121.96,119.69,Adaptive,Low Efficiency
2386,2024-08-16 05:08:00,FL8807,71.95,Express,High,Arrival,T3,29,61.18,117.01,41,11,Forklift,74.95,70.59,7,9.36,0,Fog,3945.1,493.64,94.83,0,120.76,146.4,Adaptive,Low Efficiency
2387,2024-10-09 23:57:00,FL1070,47.68,Hazardous,Critical,Departure,T1,37,136.17,71.63,44,3,Conveyor,82.55,78.65,94,4.69,0,Storm,3314.65,530.7,14.36,0,113.14,37.2,Optimized,Low Efficiency
2388,2024-10-12 20:12:00,FL1156,74.12,Hazardous,High,Departure,T4,19,133.09,42.65,8,1,Crane,54.76,53.86,95,87.06,0,Rain,3140.38,1254.25,16.05,0,29.14,21.71,Baseline,Low Efficiency
2389,2024-03-24 04:21:00,FL3843,86.14,Hazardous,Low,Departure,T4,20,169.94,42.03,48,12,Conveyor,46.41,95.84,55,10.92,0,Fog,831.84,865.82,21.34,1,67.24,58.97,Adaptive,Low Efficiency
2390,2024-09-10 08:25:00,FL7769,84.17,Perishable,Low,Departure,T2,32,52.85,48.58,10,11,Crane,52.7,31.88,75,48.71,1,Fog,2928.57,1404.48,100.69,1,85.85,144.15,Baseline,Low Efficiency
2391,2024-09-13 07:22:00,FL9011,48.07,Perishable,High,Arrival,T3,44,132.85,75.46,27,5,Crane,78.18,37.07,94,47.43,0,Rain,4401.94,1430.51,77.17,0,109.17,119.6,Baseline,Low Efficiency
2392,2024-11-29 09:41:00,FL7435,24.19,Express,Low,Arrival,T1,16,30.7,61.38,12,7,Crane,68.13,94.79,79,36.12,0,Fog,2465.83,1488.17,74.87,0,65.43,73.59,Adaptive,Low Efficiency
2393,2024-05-05 15:08:00,FL9816,54.51,General,High,Departure,T1,5,96.86,80.17,34,3,Forklift,91.92,96.15,13,37.62,0,Fog,3668.71,284.14,33.47,1,88.0,23.03,Baseline,Low Efficiency
2394,2024-08-04 14:13:00,FL2329,21.4,Perishable,High,Departure,T1,49,39.1,9.52,40,9,Crane,57.1,64.34,99,42.81,1,Storm,4566.82,1355.59,18.42,0,69.33,51.48,Baseline,Low Efficiency
2395,2024-03-02 17:08:00,FL2270,107.36,Express,High,Arrival,T4,46,124.5,17.18,46,1,Conveyor,61.91,70.35,99,8.96,1,Rain,2903.76,512.45,97.57,1,109.89,134.16,Optimized,Low Efficiency
2396,2024-04-07 12:54:00,FL9825,44.78,Express,Low,Arrival,T3,12,116.23,117.3,15,6,Crane,71.68,93.18,20,71.18,1,Storm,896.56,980.95,101.12,0,21.09,31.56,Adaptive,Low Efficiency
2397,2024-08-16 01:19:00,FL1507,22.76,General,High,Arrival,T1,45,27.81,119.47,9,12,Conveyor,67.6,89.74,58,33.94,0,Storm,744.12,1328.96,37.65,1,109.99,101.6,Optimized,Low Efficiency
2398,2024-03-26 19:46:00,FL8293,7.93,Hazardous,High,Arrival,T2,21,71.14,90.87,7,12,Conveyor,72.87,90.34,23,22.01,0,Fog,4089.67,230.03,100.86,0,127.42,95.83,Baseline,Low Efficiency
2399,2024-06-22 17:21:00,FL3022,79.27,Express,High,Arrival,T3,14,83.21,34.49,19,6,Loader,58.73,56.02,53,28.64,0,Rain,647.16,312.59,44.42,1,11.77,53.48,Baseline,Low Efficiency
2400,2024-08-10 08:54:00,FL6783,78.24,Express,Low,Arrival,T3,37,59.69,114.64,6,14,Conveyor,50.0,88.14,37,55.07,0,Clear,4995.13,1126.45,99.32,0,84.84,92.67,Baseline,Low Efficiency
2401,2024-03-26 03:49:00,FL7166,44.17,Express,Low,Departure,T1,22,26.19,29.58,6,13,Loader,88.2,34.85,20,69.76,0,Rain,1073.79,585.47,17.55,0,45.08,113.22,Adaptive,Low Efficiency
2402,2024-05-13 06:56:00,FL6864,13.25,Hazardous,Medium,Arrival,T4,30,71.01,89.11,12,8,Forklift,42.36,64.09,19,13.81,0,Fog,3988.12,1017.06,47.92,0,70.55,18.26,Baseline,Low Efficiency
2403,2024-09-28 19:59:00,FL7336,52.11,Hazardous,Low,Arrival,T3,23,146.82,18.25,34,13,Crane,62.18,46.62,18,53.33,1,Clear,4404.72,259.61,94.75,0,114.38,121.6,Optimized,Low Efficiency
2404,2024-04-12 22:25:00,FL3903,40.79,General,Medium,Departure,T2,5,77.62,79.62,45,3,Forklift,45.24,32.51,68,38.02,0,Storm,1878.93,1461.36,41.77,0,118.55,74.44,Adaptive,Low Efficiency
2405,2024-10-09 20:53:00,FL1138,82.87,Perishable,Critical,Arrival,T3,29,71.74,92.34,9,12,Forklift,84.18,73.2,61,77.58,1,Clear,2937.3,801.76,14.43,1,66.23,41.09,Optimized,Low Efficiency
2406,2024-10-31 13:15:00,FL3044,74.66,Hazardous,Medium,Arrival,T4,30,170.68,103.86,34,5,Conveyor,61.93,35.33,72,85.44,0,Clear,4785.69,1318.76,26.54,0,22.82,85.5,Adaptive,Low Efficiency
2407,2024-04-10 09:24:00,FL8580,46.93,Perishable,High,Arrival,T2,18,26.66,89.45,48,11,Crane,41.8,38.41,46,61.07,0,Rain,4798.2,1044.94,115.79,0,95.33,18.26,Adaptive,Moderate Efficiency
2408,2024-10-06 09:49:00,FL7069,30.06,Perishable,Low,Departure,T4,46,142.77,111.2,14,10,Crane,44.55,35.72,94,53.08,0,Storm,4685.5,1432.43,76.03,0,49.08,127.83,Optimized,Low Efficiency
2409,2024-11-04 01:08:00,FL4161,118.62,Hazardous,Low,Arrival,T1,1,97.29,64.91,37,11,Forklift,51.92,98.25,48,70.23,0,Rain,1737.08,898.7,29.47,0,26.27,148.9,Adaptive,Low Efficiency
2410,2024-05-15 06:16:00,FL8283,57.21,Express,Low,Departure,T3,39,171.11,82.9,28,5,Loader,87.21,32.75,20,44.62,1,Clear,767.94,528.94,81.25,0,54.08,104.87,Optimized,Low Efficiency
2411,2024-12-20 09:10:00,FL1153,84.15,General,Medium,Arrival,T2,17,82.96,47.5,23,8,Loader,87.95,48.88,72,4.98,0,Fog,962.56,958.93,78.56,0,91.25,54.54,Optimized,Low Efficiency
2412,2024-05-06 03:29:00,FL4629,21.16,Perishable,Critical,Departure,T4,3,133.29,6.19,34,7,Conveyor,99.8,75.64,69,63.1,1,Fog,1138.44,1495.64,54.86,1,137.19,134.99,Baseline,Low Efficiency
2413,2024-05-01 12:11:00,FL1324,60.84,Express,Low,Arrival,T1,42,31.19,92.02,29,3,Loader,54.46,87.64,34,52.23,0,Clear,3522.55,1241.49,83.35,0,40.17,53.67,Baseline,Low Efficiency
2414,2024-12-22 13:06:00,FL5606,8.17,Hazardous,High,Arrival,T2,7,168.6,105.03,15,7,Loader,43.63,72.57,7,13.63,1,Fog,4110.97,736.95,22.3,1,116.95,60.61,Baseline,Low Efficiency
2415,2024-07-29 07:45:00,FL6862,63.13,Perishable,Medium,Arrival,T3,27,75.13,25.0,39,10,Forklift,56.99,98.36,50,19.17,0,Fog,726.47,1243.13,45.36,0,130.72,139.11,Optimized,Low Efficiency
2416,2024-04-12 03:51:00,FL4137,115.86,Perishable,Critical,Departure,T3,28,103.84,8.29,5,8,Loader,50.73,53.64,53,20.76,1,Rain,4506.82,1083.96,14.13,0,30.72,96.88,Adaptive,Low Efficiency
2417,2024-05-16 05:47:00,FL2474,49.18,Perishable,Low,Arrival,T4,44,42.16,23.92,21,5,Crane,82.62,63.04,86,65.92,1,Storm,3862.87,1414.21,110.59,0,10.78,63.23,Baseline,Moderate Efficiency
2418,2024-08-17 01:41:00,FL5967,9.48,Express,Low,Arrival,T2,31,171.29,107.96,35,11,Forklift,98.15,87.49,73,46.65,1,Fog,2886.29,610.71,108.23,0,142.35,71.89,Adaptive,Low Efficiency
2419,2024-11-24 09:48:00,FL4623,8.56,Express,Low,Departure,T1,15,127.68,38.98,10,5,Forklift,56.38,77.72,11,4.31,0,Storm,4954.82,156.54,32.43,0,23.76,105.22,Adaptive,Low Efficiency
2420,2024-02-09 00:55:00,FL4838,49.62,Express,Medium,Departure,T1,48,28.63,31.88,17,14,Loader,59.72,44.98,76,75.42,0,Storm,1693.34,221.0,87.84,0,32.59,101.39,Optimized,Moderate Efficiency
2421,2024-09-18 10:39:00,FL9090,23.4,Perishable,Low,Departure,T1,8,44.83,6.68,30,14,Crane,61.07,64.91,8,58.05,0,Rain,1481.04,1174.38,99.44,1,67.09,60.91,Adaptive,Moderate Efficiency
2422,2024-01-07 23:28:00,FL6947,7.69,Perishable,Critical,Arrival,T4,6,83.97,39.16,40,11,Crane,91.42,98.32,32,65.98,1,Clear,2006.61,1067.78,54.79,1,51.31,26.72,Optimized,Low Efficiency
2423,2024-12-18 21:09:00,FL1602,91.96,General,High,Departure,T1,28,54.68,87.3,9,1,Loader,74.68,90.41,63,84.37,0,Fog,2869.34,1126.73,99.86,0,147.39,68.94,Optimized,Moderate Efficiency
2424,2024-04-09 10:07:00,FL5599,57.73,General,High,Arrival,T2,4,68.74,115.3,18,13,Crane,98.44,43.43,55,23.42,1,Fog,2240.77,1034.79,64.16,1,125.59,103.8,Optimized,Low Efficiency
2425,2024-05-22 02:07:00,FL9074,38.26,Express,Medium,Departure,T4,30,179.6,40.97,19,8,Conveyor,77.63,42.59,59,53.06,0,Rain,4232.75,739.95,97.69,1,100.86,47.22,Optimized,Low Efficiency
2426,2024-10-06 13:54:00,FL4425,108.51,Express,Low,Departure,T3,43,125.38,32.68,16,13,Conveyor,82.35,87.99,63,68.41,0,Rain,4525.21,195.32,93.31,0,13.7,133.8,Optimized,Low Efficiency
2427,2024-12-26 10:13:00,FL1116,18.36,Hazardous,Medium,Arrival,T4,17,167.55,107.13,46,6,Loader,45.35,43.92,17,46.15,0,Clear,4850.0,1269.77,71.81,1,43.89,57.51,Optimized,Low Efficiency
2428,2024-10-24 22:08:00,FL4212,114.93,Express,Critical,Arrival,T4,34,89.73,103.04,12,6,Forklift,97.1,61.7,26,43.75,1,Storm,4182.13,353.1,65.81,1,37.05,38.66,Adaptive,Low Efficiency
2429,2024-12-24 01:31:00,FL7489,41.11,General,High,Arrival,T4,6,133.65,42.74,35,5,Forklift,77.68,42.65,51,83.59,1,Clear,3236.51,1485.81,42.21,1,46.52,68.83,Baseline,Low Efficiency
2430,2024-10-29 15:40:00,FL2817,107.17,General,Critical,Arrival,T2,36,93.55,12.91,30,5,Crane,71.21,31.03,33,21.92,0,Fog,3261.27,387.57,55.26,1,142.91,43.27,Baseline,Low Efficiency
2431,2024-11-19 04:52:00,FL5544,74.34,General,High,Departure,T3,35,72.52,119.08,33,14,Conveyor,63.24,91.28,26,58.76,0,Rain,1339.21,217.22,53.09,0,66.93,73.66,Baseline,Low Efficiency
2432,2024-12-21 20:38:00,FL9197,100.07,Perishable,Low,Departure,T3,39,103.07,83.28,8,3,Forklift,44.62,84.53,22,87.33,1,Rain,1684.46,625.78,21.36,1,132.36,22.42,Adaptive,Low Efficiency
2433,2024-05-01 18:57:00,FL9093,118.16,Perishable,Low,Departure,T4,39,88.37,111.56,32,12,Crane,48.0,62.94,67,19.8,0,Storm,4987.67,555.62,67.65,1,76.23,71.24,Adaptive,Low Efficiency
2434,2024-03-01 04:46:00,FL3793,38.17,Express,Low,Arrival,T4,16,176.89,44.32,29,3,Conveyor,40.7,41.17,95,41.62,0,Fog,1675.84,1467.28,73.83,0,102.91,113.4,Optimized,Low Efficiency
2435,2024-01-23 11:19:00,FL4174,115.53,Hazardous,Medium,Arrival,T4,2,99.39,79.48,44,2,Forklift,99.92,86.45,78,87.79,1,Rain,2600.93,652.39,116.59,0,141.8,49.52,Baseline,Moderate Efficiency
2436,2024-06-09 14:01:00,FL3875,49.79,Hazardous,Low,Departure,T2,8,149.78,82.57,36,9,Crane,87.18,55.16,82,3.23,1,Rain,2233.9,165.25,41.12,0,91.52,147.79,Adaptive,Low Efficiency
2437,2024-07-31 16:38:00,FL2070,49.33,Hazardous,Medium,Departure,T2,15,126.69,105.38,40,8,Loader,87.85,76.34,98,56.69,0,Rain,3597.16,1481.93,53.94,0,59.93,35.86,Optimized,Low Efficiency
2438,2024-01-24 19:23:00,FL3101,44.14,Perishable,High,Arrival,T1,27,96.74,119.2,15,11,Loader,83.81,52.17,63,36.41,0,Rain,2009.74,1201.06,70.71,1,76.19,58.06,Baseline,Low Efficiency
2439,2024-07-19 03:24:00,FL2065,67.26,General,Critical,Departure,T3,16,95.86,17.5,41,3,Forklift,69.05,60.26,17,69.4,0,Fog,3573.27,1497.12,103.83,1,75.62,78.88,Optimized,Low Efficiency
2440,2024-06-12 17:25:00,FL3087,22.73,General,High,Departure,T1,1,74.7,77.58,14,5,Crane,45.29,67.48,41,29.09,0,Storm,4823.61,544.55,38.38,0,122.0,128.08,Baseline,Low Efficiency
2441,2024-07-29 04:52:00,FL5253,68.68,Perishable,Critical,Departure,T1,10,37.12,43.69,42,10,Conveyor,44.34,83.34,76,33.56,0,Clear,1635.74,264.83,35.77,0,57.0,70.87,Baseline,Low Efficiency
2442,2024-05-02 11:39:00,FL4734,67.3,Hazardous,Low,Arrival,T4,7,141.84,98.34,40,5,Loader,94.98,88.24,39,46.41,0,Clear,2168.05,656.77,68.51,0,16.01,112.99,Baseline,Low Efficiency
2443,2024-11-29 00:16:00,FL9570,92.62,Hazardous,Low,Departure,T2,48,166.9,91.73,31,8,Conveyor,40.02,61.05,33,31.13,1,Storm,2039.79,295.92,24.14,1,104.24,12.1,Adaptive,Low Efficiency
2444,2024-12-26 16:13:00,FL5494,100.87,Express,High,Arrival,T1,10,54.87,107.64,21,6,Crane,81.95,46.31,32,23.36,0,Storm,1851.61,305.58,86.61,1,129.71,13.58,Optimized,Low Efficiency
2445,2024-03-23 10:30:00,FL4143,55.65,Express,Low,Departure,T1,12,168.11,44.53,11,7,Loader,77.71,40.76,21,31.98,1,Fog,1716.28,1363.74,104.58,1,80.18,15.31,Optimized,Low Efficiency
2446,2024-03-24 03:54:00,FL1378,39.77,Hazardous,Low,Arrival,T1,17,57.17,26.22,13,5,Forklift,70.07,53.85,53,81.72,0,Clear,3335.19,1491.47,13.25,0,29.6,13.24,Adaptive,Low Efficiency
2447,2024-07-14 01:41:00,FL9731,34.82,Perishable,Medium,Departure,T4,45,104.81,7.51,39,12,Loader,98.5,86.12,64,30.84,1,Storm,2966.49,1492.2,31.45,1,30.3,38.63,Baseline,Low Efficiency
2448,2024-09-24 03:22:00,FL5143,27.38,Hazardous,Low,Departure,T4,12,74.98,34.38,13,1,Forklift,51.89,49.18,78,80.95,1,Rain,2789.0,713.83,73.7,1,134.89,93.43,Baseline,Low Efficiency
2449,2024-01-31 07:11:00,FL8437,11.63,Express,Medium,Departure,T2,15,38.32,47.22,40,8,Conveyor,87.12,33.33,66,18.45,0,Fog,4102.64,435.01,101.06,0,20.24,120.66,Baseline,Moderate Efficiency
2450,2024-11-17 09:26:00,FL1032,44.38,Hazardous,Medium,Arrival,T1,46,28.45,113.8,34,4,Loader,80.49,69.5,49,60.5,0,Storm,1159.39,340.85,63.91,1,80.41,89.47,Optimized,Low Efficiency
2451,2024-06-08 03:17:00,FL7997,36.08,Perishable,Medium,Departure,T1,32,78.46,61.51,35,5,Crane,98.47,32.35,71,67.05,0,Clear,1263.76,634.95,96.28,0,56.29,21.38,Optimized,Moderate Efficiency
2452,2024-11-05 14:07:00,FL1849,116.14,General,High,Departure,T2,32,27.58,68.99,23,1,Conveyor,96.04,91.94,79,10.02,0,Rain,2808.77,938.52,56.45,1,48.53,108.51,Optimized,Moderate Efficiency
2453,2024-03-15 13:51:00,FL6292,69.14,Perishable,Medium,Arrival,T2,26,36.67,106.21,45,3,Conveyor,47.71,77.46,31,48.96,0,Storm,2091.77,1141.02,52.63,0,34.11,87.41,Baseline,Low Efficiency
2454,2024-06-29 05:55:00,FL8086,44.94,Perishable,Low,Arrival,T2,14,42.77,106.78,27,2,Forklift,58.46,47.98,92,1.18,0,Clear,1282.05,822.91,29.98,1,51.96,54.27,Baseline,Low Efficiency
2455,2024-08-04 18:50:00,FL7666,71.75,Express,Low,Departure,T3,26,20.31,65.71,24,12,Crane,91.05,62.84,41,83.54,0,Fog,3607.85,1279.84,26.68,1,110.2,34.75,Baseline,Low Efficiency
2456,2024-01-24 11:16:00,FL5489,21.01,Perishable,Medium,Departure,T2,5,44.52,18.08,10,2,Conveyor,53.72,81.75,72,47.18,1,Clear,2732.34,1387.53,91.98,0,93.67,21.34,Optimized,Moderate Efficiency
2457,2024-11-23 11:38:00,FL2994,56.07,Perishable,High,Departure,T4,38,112.36,36.11,47,13,Loader,62.71,94.1,71,3.31,0,Clear,1410.07,1339.93,28.63,0,21.57,79.26,Baseline,Low Efficiency
2458,2024-07-10 09:01:00,FL9491,77.02,Express,High,Departure,T3,46,151.12,57.54,28,1,Forklift,77.56,91.21,36,61.49,0,Clear,1689.82,616.89,54.85,0,115.54,127.77,Baseline,Low Efficiency
2459,2024-09-10 19:49:00,FL8644,61.22,Express,High,Departure,T2,4,50.95,91.38,26,6,Crane,73.77,34.87,74,79.71,0,Fog,3753.74,1430.77,69.95,0,59.63,24.1,Adaptive,Low Efficiency
2460,2024-03-04 08:08:00,FL9119,51.2,General,Low,Arrival,T4,28,32.94,86.84,10,8,Forklift,78.44,35.68,39,66.38,1,Storm,1973.63,1392.3,39.08,0,40.41,24.85,Optimized,Low Efficiency
2461,2024-11-15 17:18:00,FL6922,119.29,Hazardous,Medium,Departure,T2,1,136.72,78.91,28,3,Forklift,82.81,71.84,94,12.04,0,Storm,1420.33,676.32,101.56,1,124.44,48.43,Optimized,Low Efficiency
2462,2024-03-26 11:28:00,FL9474,106.24,Perishable,Medium,Arrival,T2,13,21.31,106.23,46,1,Conveyor,83.73,64.75,41,48.59,1,Rain,4845.2,689.83,54.52,0,99.03,63.2,Optimized,Low Efficiency
2463,2024-06-21 12:55:00,FL1712,76.69,Express,Medium,Arrival,T3,43,137.47,97.3,26,14,Loader,84.25,50.51,41,65.98,1,Storm,896.2,209.26,51.44,1,111.13,149.02,Optimized,Low Efficiency
2464,2024-06-01 19:53:00,FL4678,70.48,General,Medium,Departure,T4,3,40.98,117.94,22,10,Loader,99.5,98.33,5,72.05,0,Fog,1161.11,1411.79,29.6,0,52.8,85.51,Adaptive,Low Efficiency
2465,2024-09-12 07:43:00,FL1769,76.38,Hazardous,Medium,Arrival,T1,49,56.53,107.25,20,2,Crane,61.4,82.24,85,1.44,0,Clear,3727.75,223.84,34.18,1,114.85,125.93,Adaptive,Low Efficiency
2466,2024-11-07 18:45:00,FL5553,28.15,Express,Medium,Departure,T2,25,39.21,27.5,40,3,Crane,42.65,78.11,6,25.54,0,Fog,2415.7,787.6,42.04,1,48.56,41.57,Adaptive,Low Efficiency
2467,2024-04-30 20:44:00,FL7882,50.44,Hazardous,High,Arrival,T3,42,59.57,11.63,17,6,Loader,60.93,42.69,62,79.62,1,Clear,3888.19,1109.98,48.43,1,105.21,137.4,Adaptive,Low Efficiency
2468,2024-04-11 09:18:00,FL9723,9.54,Hazardous,Low,Arrival,T4,16,147.71,52.67,41,14,Forklift,94.69,49.88,16,23.26,1,Storm,2987.5,1331.53,87.14,0,40.53,114.14,Baseline,Low Efficiency
2469,2024-05-30 10:56:00,FL8354,59.69,Perishable,High,Departure,T2,21,41.21,76.01,28,3,Forklift,45.0,72.35,80,42.53,1,Rain,680.97,899.4,119.59,0,98.74,56.8,Baseline,Moderate Efficiency
2470,2024-05-30 16:35:00,FL6181,67.45,Perishable,Low,Departure,T1,13,179.07,78.96,23,9,Loader,78.82,85.69,88,62.7,0,Rain,3578.67,1055.61,65.72,1,73.91,115.61,Adaptive,Low Efficiency
2471,2024-02-13 05:21:00,FL1084,31.19,Express,Low,Arrival,T4,44,72.34,35.76,24,12,Conveyor,65.39,95.17,19,88.7,1,Storm,4125.94,1094.18,87.59,0,31.9,134.11,Baseline,Low Efficiency
2472,2024-09-12 10:56:00,FL7420,115.86,Hazardous,Critical,Departure,T4,36,167.51,103.89,31,1,Forklift,95.29,78.84,83,38.33,1,Clear,2987.04,122.36,36.81,0,93.14,60.33,Optimized,Low Efficiency
2473,2024-07-23 16:19:00,FL4188,109.59,Express,Critical,Departure,T3,8,50.41,42.86,21,7,Loader,95.71,59.3,37,45.33,0,Storm,1884.02,1419.48,114.18,0,11.61,126.43,Baseline,Moderate Efficiency
2474,2024-05-02 14:36:00,FL6483,88.05,Express,Low,Arrival,T2,44,50.06,110.7,20,10,Conveyor,87.11,78.38,64,50.28,0,Fog,569.85,603.89,99.14,0,106.61,72.32,Baseline,Moderate Efficiency
2475,2024-08-23 16:15:00,FL2340,66.34,Hazardous,Medium,Arrival,T2,19,110.45,59.23,5,8,Forklift,45.91,34.84,59,21.07,1,Storm,4580.07,348.53,85.36,0,142.31,114.35,Baseline,Low Efficiency
2476,2024-08-01 02:09:00,FL1415,105.05,Express,Low,Arrival,T4,47,28.1,6.19,25,9,Crane,41.48,72.01,97,33.18,0,Storm,3681.41,762.67,44.47,0,135.45,51.21,Baseline,Low Efficiency
2477,2024-07-29 16:27:00,FL4696,20.03,Hazardous,Medium,Departure,T2,16,148.16,23.63,31,8,Forklift,48.2,92.62,69,39.1,1,Clear,701.59,1126.88,18.98,0,146.54,106.71,Adaptive,Low Efficiency
2478,2024-07-13 16:09:00,FL7943,95.91,Hazardous,High,Departure,T4,12,90.34,16.77,5,5,Forklift,59.31,74.59,73,1.74,1,Storm,4282.66,1258.27,116.5,0,71.35,132.65,Baseline,Moderate Efficiency
2479,2024-03-10 08:10:00,FL2219,19.35,Hazardous,Critical,Departure,T1,20,131.87,10.06,34,1,Loader,54.49,30.53,85,0.69,0,Fog,738.78,1107.46,89.77,1,126.13,77.15,Baseline,Low Efficiency
2480,2024-04-08 17:35:00,FL5095,96.33,Hazardous,High,Arrival,T3,18,47.94,87.11,24,1,Forklift,62.19,78.62,7,20.19,1,Storm,3701.64,660.19,25.02,0,29.83,118.99,Optimized,Low Efficiency
2481,2024-10-26 17:09:00,FL4225,36.71,General,Medium,Departure,T2,12,122.78,27.12,28,14,Forklift,48.58,80.85,42,46.1,0,Fog,3623.3,1054.17,70.7,0,12.38,87.96,Adaptive,Low Efficiency
2482,2024-02-13 04:05:00,FL3694,105.87,Hazardous,High,Arrival,T2,48,115.05,101.44,6,8,Conveyor,85.15,67.89,25,86.01,0,Storm,4622.67,704.62,77.21,0,32.21,128.88,Optimized,Low Efficiency
2483,2024-07-20 22:34:00,FL6394,113.56,Perishable,Medium,Arrival,T3,25,140.91,35.41,19,7,Loader,90.72,87.13,56,87.53,1,Clear,1244.43,1481.61,58.78,0,72.08,43.2,Baseline,Low Efficiency
2484,2024-04-02 09:31:00,FL6092,22.11,Perishable,Critical,Arrival,T1,11,67.58,8.72,33,5,Conveyor,69.28,44.16,47,58.25,0,Rain,3052.72,1495.05,61.89,0,32.78,13.28,Baseline,Low Efficiency
2485,2024-04-06 14:56:00,FL2029,58.21,Perishable,Critical,Arrival,T1,22,169.31,99.38,39,10,Crane,97.39,58.63,85,74.43,0,Rain,2951.17,449.71,70.06,1,73.59,103.83,Optimized,Low Efficiency
2486,2024-06-30 19:25:00,FL2584,117.81,Hazardous,Medium,Arrival,T1,46,173.81,58.61,17,3,Forklift,47.22,86.53,77,81.06,1,Fog,657.41,776.66,98.17,1,43.0,118.79,Optimized,Low Efficiency
2487,2024-04-16 11:47:00,FL1456,60.59,Perishable,Medium,Arrival,T1,34,158.9,73.94,23,9,Loader,46.35,72.26,50,75.52,0,Storm,3372.38,907.12,99.29,0,40.26,21.0,Baseline,Low Efficiency
2488,2024-08-22 13:02:00,FL8863,104.31,General,Low,Arrival,T1,13,111.53,43.67,5,4,Crane,52.02,99.61,85,48.93,1,Clear,1643.13,990.74,115.67,0,138.73,102.21,Optimized,Low Efficiency
2489,2024-06-29 06:19:00,FL8077,72.7,Express,Low,Departure,T4,46,87.25,10.29,49,14,Loader,98.91,34.85,74,63.38,1,Storm,1996.21,707.49,28.91,0,82.82,39.46,Baseline,Low Efficiency
2490,2024-10-12 22:56:00,FL1393,48.16,Hazardous,High,Arrival,T2,38,29.28,47.57,20,6,Forklift,64.99,47.1,88,0.33,0,Clear,1586.09,834.01,22.13,1,104.44,148.57,Baseline,Low Efficiency
2491,2024-12-22 09:54:00,FL6477,37.87,Perishable,Medium,Departure,T2,12,171.56,64.6,47,11,Loader,95.45,43.94,91,58.33,1,Clear,751.65,875.97,77.16,0,65.83,119.6,Adaptive,Low Efficiency
2492,2024-04-13 12:37:00,FL5102,28.37,General,Medium,Departure,T2,39,172.29,6.34,7,4,Loader,52.12,98.35,33,38.33,1,Storm,1249.83,643.13,87.42,0,33.12,31.64,Optimized,Low Efficiency
2493,2024-07-14 16:10:00,FL5049,92.61,Express,Medium,Departure,T4,36,22.99,71.04,44,9,Conveyor,90.77,90.85,26,58.02,0,Storm,1432.89,548.62,47.39,0,109.99,76.5,Adaptive,Low Efficiency
2494,2024-10-28 15:06:00,FL2766,49.45,General,High,Departure,T3,28,77.1,107.7,10,4,Loader,58.6,39.32,17,62.5,1,Rain,3097.97,988.47,118.33,0,72.1,120.27,Baseline,Low Efficiency
2495,2024-09-30 04:36:00,FL8759,63.8,Perishable,Low,Departure,T1,27,160.81,30.05,35,14,Loader,84.06,54.77,21,8.81,1,Storm,1107.3,718.86,102.53,0,127.8,83.05,Adaptive,Low Efficiency
2496,2024-11-25 03:07:00,FL4905,61.62,General,Critical,Arrival,T3,39,32.94,111.58,9,8,Conveyor,98.47,33.68,2,78.71,1,Rain,4643.21,1461.01,64.24,0,21.44,147.02,Adaptive,Low Efficiency
2497,2024-02-24 23:44:00,FL6583,71.39,Express,Critical,Departure,T1,13,51.45,16.22,30,11,Forklift,95.98,74.28,79,15.82,0,Fog,1543.04,625.97,89.66,0,63.7,70.57,Baseline,Moderate Efficiency
2498,2024-03-08 18:56:00,FL1891,104.54,Perishable,Critical,Departure,T1,43,176.59,99.93,32,12,Crane,89.88,53.18,44,0.94,0,Rain,3432.85,374.18,59.84,0,32.58,134.16,Baseline,Low Efficiency
2499,2024-10-20 08:19:00,FL6465,117.79,Express,Medium,Departure,T3,40,155.57,101.64,19,12,Conveyor,43.01,48.03,66,38.67,1,Rain,1209.12,697.29,31.96,1,107.18,22.93,Adaptive,Low Efficiency
2500,2024-07-21 14:20:00,FL9514,51.87,General,Low,Arrival,T2,27,165.93,34.64,13,3,Forklift,76.47,66.62,71,8.07,0,Clear,4078.1,1019.7,27.53,0,57.23,86.86,Adaptive,Low Efficiency
2501,2024-09-25 17:59:00,FL4878,100.16,Hazardous,Medium,Departure,T4,31,42.74,115.15,26,8,Forklift,90.13,85.69,36,86.04,0,Clear,821.81,718.53,41.9,0,68.28,149.34,Optimized,Low Efficiency
2502,2024-11-27 02:22:00,FL2194,92.92,Hazardous,Medium,Departure,T3,2,53.81,52.91,41,11,Crane,63.96,58.27,46,25.54,0,Rain,3819.17,499.96,108.53,0,58.93,105.0,Adaptive,Moderate Efficiency
2503,2024-12-21 09:11:00,FL8184,70.96,Hazardous,Low,Departure,T2,18,116.87,21.24,25,3,Forklift,83.87,83.02,50,20.12,0,Fog,2269.24,793.33,51.33,0,127.7,31.54,Optimized,Low Efficiency
2504,2024-08-26 07:47:00,FL2567,114.95,Hazardous,High,Departure,T1,26,100.28,73.05,46,14,Conveyor,48.29,61.23,96,23.58,0,Clear,2594.84,725.8,109.74,0,88.9,102.49,Adaptive,Low Efficiency
2505,2024-01-02 19:13:00,FL8314,28.05,Express,Medium,Arrival,T2,42,67.76,119.61,33,11,Forklift,50.61,45.02,67,25.5,1,Fog,2148.44,1421.79,97.79,0,109.19,69.55,Optimized,Low Efficiency
2506,2024-03-08 19:46:00,FL3045,17.57,Hazardous,Critical,Departure,T1,31,161.42,108.42,30,5,Crane,78.62,61.23,3,5.63,0,Rain,2309.21,126.46,76.76,1,113.73,108.58,Adaptive,Low Efficiency
2507,2024-11-29 19:58:00,FL2401,103.21,Express,Low,Arrival,T1,38,164.22,37.04,10,1,Crane,66.23,67.66,33,48.6,0,Storm,523.96,652.94,108.72,0,109.02,59.2,Baseline,Low Efficiency
2508,2024-09-17 20:23:00,FL1994,55.5,Perishable,High,Arrival,T2,22,66.67,71.35,15,6,Conveyor,53.1,62.31,45,1.62,0,Rain,617.67,577.39,30.84,1,142.24,79.21,Baseline,Low Efficiency
2509,2024-02-16 02:47:00,FL1546,102.4,Hazardous,High,Departure,T1,36,44.92,18.27,40,11,Conveyor,56.97,49.2,25,67.21,1,Storm,4072.71,412.82,18.38,0,101.33,40.4,Adaptive,Low Efficiency
2510,2024-10-16 14:35:00,FL7183,107.71,Express,High,Departure,T4,19,43.85,58.11,24,2,Forklift,77.14,42.96,37,69.1,1,Clear,1460.68,864.74,92.54,1,100.85,32.54,Adaptive,Moderate Efficiency
2511,2024-06-07 14:51:00,FL6132,12.18,Hazardous,Critical,Arrival,T2,14,97.51,65.15,48,12,Crane,83.52,96.29,36,35.97,1,Clear,3232.84,959.68,109.6,0,123.32,51.8,Adaptive,Moderate Efficiency
2512,2024-11-08 20:33:00,FL2065,106.6,Hazardous,High,Departure,T3,14,41.27,41.26,24,3,Crane,52.46,50.82,35,87.37,0,Clear,3439.96,114.29,52.14,0,12.29,118.61,Baseline,Low Efficiency
2513,2024-06-03 06:22:00,FL3089,56.56,Hazardous,Critical,Departure,T1,29,95.73,60.68,31,11,Forklift,97.31,79.38,19,70.36,0,Clear,3640.92,1046.62,10.51,0,18.16,121.07,Adaptive,Low Efficiency
2514,2024-12-26 05:46:00,FL2015,63.7,Express,Medium,Departure,T1,17,93.91,110.79,10,1,Crane,40.49,53.85,45,11.08,0,Rain,3188.04,635.73,94.3,0,44.77,86.1,Baseline,Low Efficiency
2515,2024-07-14 13:01:00,FL8240,77.06,General,Medium,Arrival,T4,37,161.46,62.52,37,11,Conveyor,82.0,97.88,83,88.19,0,Rain,3329.54,1392.24,50.14,0,35.42,36.15,Adaptive,Low Efficiency
2516,2024-08-23 02:28:00,FL1897,111.53,Hazardous,Low,Arrival,T4,9,67.39,100.56,34,6,Conveyor,57.46,99.18,97,76.06,0,Clear,3116.77,1140.92,74.42,0,31.45,123.28,Adaptive,Low Efficiency
2517,2024-07-25 12:08:00,FL5939,7.2,Hazardous,Low,Departure,T3,1,109.7,41.5,38,5,Forklift,68.71,87.76,18,63.36,0,Fog,4676.8,819.33,33.03,0,87.36,131.37,Adaptive,Low Efficiency
2518,2024-09-02 22:41:00,FL8075,59.84,Perishable,Low,Departure,T1,4,138.96,116.71,9,10,Forklift,74.19,70.7,27,58.81,1,Storm,3490.63,1432.11,84.95,0,37.44,24.33,Baseline,Low Efficiency
2519,2024-04-05 02:17:00,FL2077,84.09,General,Low,Arrival,T3,7,115.35,15.75,20,2,Forklift,73.69,67.94,94,54.43,0,Clear,2088.21,1062.37,68.51,1,145.31,68.0,Optimized,Low Efficiency
2520,2024-12-19 09:53:00,FL2668,88.11,Express,Low,Arrival,T3,11,172.65,72.34,16,11,Conveyor,86.58,53.03,31,89.12,0,Clear,2104.86,1231.29,13.09,0,35.74,87.13,Adaptive,Low Efficiency
2521,2024-09-07 07:17:00,FL1914,84.64,Perishable,Low,Arrival,T1,14,116.36,95.84,16,8,Conveyor,89.43,38.54,39,43.06,0,Clear,858.23,1438.91,10.67,0,33.31,122.83,Baseline,Low Efficiency
2522,2024-02-05 06:00:00,FL1855,20.46,Hazardous,Low,Arrival,T3,42,164.3,98.61,15,9,Crane,44.4,35.53,67,14.92,0,Fog,4963.03,1346.47,58.15,1,90.23,98.5,Adaptive,Low Efficiency
2523,2024-02-03 10:54:00,FL5831,39.43,Perishable,Critical,Arrival,T3,19,59.21,27.8,25,14,Conveyor,82.18,62.58,22,26.5,0,Clear,4508.45,198.94,28.03,1,35.36,67.69,Baseline,Low Efficiency
2524,2024-03-13 12:11:00,FL7249,46.25,Perishable,Low,Arrival,T4,40,109.72,51.19,11,14,Forklift,63.94,98.52,52,33.77,0,Storm,693.81,394.31,109.62,0,103.14,74.91,Baseline,Low Efficiency
2525,2024-11-30 15:46:00,FL7581,97.51,Hazardous,High,Arrival,T4,3,106.93,76.78,38,3,Loader,89.12,47.28,10,28.48,1,Storm,4378.01,981.41,21.48,0,130.18,70.06,Optimized,Low Efficiency
2526,2024-01-12 20:32:00,FL2570,37.06,General,Low,Departure,T3,8,178.31,41.33,33,12,Loader,76.53,58.77,8,2.73,1,Rain,1122.91,325.28,88.78,0,71.01,27.76,Adaptive,Low Efficiency
2527,2024-03-31 11:12:00,FL7735,29.23,General,Critical,Arrival,T1,29,52.72,80.7,10,6,Loader,40.61,74.9,34,6.64,1,Fog,1575.72,750.64,48.49,0,58.98,120.05,Adaptive,Low Efficiency
2528,2024-04-25 00:57:00,FL4819,115.11,Perishable,Critical,Arrival,T4,37,42.56,48.56,40,6,Loader,79.99,54.57,53,0.44,0,Rain,3563.54,772.25,112.85,0,106.54,18.98,Baseline,Moderate Efficiency
2529,2024-11-17 08:01:00,FL1173,6.02,Hazardous,High,Departure,T3,43,117.87,45.35,38,14,Loader,95.54,30.25,18,61.12,1,Fog,3785.97,748.32,24.62,0,122.79,106.05,Adaptive,Low Efficiency
2530,2024-11-28 10:13:00,FL8428,119.75,Express,High,Departure,T2,9,55.79,17.43,12,10,Conveyor,44.99,57.74,12,59.81,0,Fog,2775.87,1251.5,95.55,0,52.4,31.43,Optimized,Low Efficiency
2531,2024-01-01 11:48:00,FL7290,82.83,Perishable,Low,Departure,T2,19,122.26,9.51,41,6,Forklift,69.65,86.32,64,6.13,0,Storm,4854.85,785.22,115.51,0,123.61,68.69,Adaptive,Low Efficiency
2532,2024-11-07 12:20:00,FL8605,100.27,Express,Critical,Arrival,T3,12,175.6,101.06,14,8,Forklift,77.55,96.08,57,28.37,0,Clear,2703.27,1316.19,115.27,0,117.34,26.96,Baseline,Low Efficiency
2533,2024-05-27 07:46:00,FL8014,38.88,Perishable,Critical,Arrival,T2,27,171.44,61.3,20,12,Crane,51.75,49.26,96,25.47,0,Storm,1662.62,1183.01,38.18,0,77.6,92.78,Baseline,Low Efficiency
2534,2024-04-06 01:20:00,FL2659,6.65,Perishable,Critical,Departure,T4,37,56.98,69.73,6,5,Forklift,79.04,94.52,2,40.82,1,Rain,540.77,999.43,42.61,0,74.12,136.18,Baseline,Low Efficiency
2535,2024-08-07 19:28:00,FL6564,89.85,Hazardous,High,Departure,T1,48,47.34,47.81,23,10,Crane,42.99,90.7,17,32.28,1,Fog,4402.85,909.2,26.44,1,24.65,95.23,Adaptive,Low Efficiency
2536,2024-04-25 18:19:00,FL1425,100.93,Hazardous,Medium,Departure,T3,25,109.72,20.73,11,10,Forklift,94.34,58.47,52,73.85,0,Rain,2278.89,425.13,50.99,0,22.27,65.03,Baseline,Low Efficiency
2537,2024-07-18 12:50:00,FL8439,90.15,Express,Critical,Arrival,T4,45,113.88,56.7,6,13,Crane,85.76,30.33,76,79.44,0,Storm,4021.42,1175.29,85.03,1,114.7,141.31,Baseline,Low Efficiency
2538,2024-03-08 23:14:00,FL9474,21.43,Express,Low,Departure,T1,38,125.96,31.33,49,8,Crane,96.46,89.14,71,18.54,0,Fog,3982.34,1226.22,11.18,0,91.91,51.51,Adaptive,Low Efficiency
2539,2024-09-19 11:03:00,FL6377,91.64,General,Medium,Arrival,T2,48,138.64,101.33,27,12,Forklift,65.11,50.07,79,10.89,0,Clear,696.05,785.14,81.53,0,78.48,45.84,Adaptive,Low Efficiency
2540,2024-07-01 07:52:00,FL4153,93.43,Hazardous,Low,Arrival,T2,17,116.15,118.48,35,3,Loader,42.05,82.91,2,75.54,0,Fog,4197.08,408.53,11.96,0,16.44,110.14,Baseline,Low Efficiency
2541,2024-03-01 00:24:00,FL2769,80.73,Perishable,Critical,Arrival,T2,44,37.88,107.25,8,7,Forklift,60.49,70.01,27,45.13,0,Rain,1801.17,1164.15,83.41,0,17.82,143.96,Baseline,Low Efficiency
2542,2024-09-27 18:26:00,FL2682,93.1,Perishable,Low,Arrival,T2,33,146.43,65.75,20,1,Forklift,70.95,45.52,26,29.19,0,Rain,4285.54,1220.18,102.45,0,138.91,118.98,Baseline,Low Efficiency
2543,2024-04-30 12:45:00,FL1201,102.28,General,Low,Departure,T4,39,32.72,77.24,14,4,Loader,96.15,75.37,25,4.63,1,Rain,2714.77,893.97,49.62,0,102.52,64.03,Baseline,Low Efficiency
2544,2024-02-07 17:02:00,FL2106,75.56,Hazardous,Medium,Departure,T4,14,23.2,114.03,25,5,Forklift,92.98,83.54,12,54.55,0,Rain,3162.16,1076.02,54.73,1,64.04,48.54,Optimized,Low Efficiency
2545,2024-10-15 14:34:00,FL4172,15.19,Perishable,High,Departure,T1,28,143.15,66.95,32,7,Crane,75.64,63.21,17,18.7,1,Fog,956.17,1183.14,90.04,0,108.01,74.89,Optimized,Low Efficiency
2546,2024-08-10 11:09:00,FL3064,61.08,General,High,Arrival,T3,18,107.74,78.44,16,14,Loader,83.79,82.35,65,3.39,1,Fog,2206.8,508.21,99.02,0,46.11,113.7,Baseline,Low Efficiency
2547,2024-06-19 11:57:00,FL9337,13.93,General,Low,Departure,T1,33,131.77,77.36,17,6,Loader,97.23,58.35,95,40.03,1,Storm,4869.02,495.81,119.96,1,67.3,49.27,Adaptive,Low Efficiency
2548,2024-11-08 13:21:00,FL5198,51.87,Perishable,Low,Arrival,T3,42,81.24,86.43,44,13,Conveyor,91.04,98.62,40,53.74,0,Storm,4666.51,1091.19,69.47,0,74.65,127.5,Adaptive,Low Efficiency
2549,2024-03-07 09:49:00,FL6822,51.82,Perishable,High,Arrival,T2,15,21.77,78.63,21,6,Crane,79.53,46.79,5,15.42,0,Fog,4973.91,817.37,104.0,0,14.31,99.1,Optimized,Moderate Efficiency
2550,2024-03-10 07:27:00,FL7897,12.59,Express,Critical,Arrival,T2,11,72.96,82.13,22,13,Crane,72.4,84.45,92,58.63,1,Storm,2795.97,817.25,16.17,0,148.99,77.63,Optimized,Low Efficiency
2551,2024-01-01 18:59:00,FL8887,45.11,Hazardous,High,Departure,T2,36,117.3,88.48,14,2,Forklift,68.56,82.47,28,17.0,1,Fog,4182.23,1442.21,21.78,0,63.43,22.65,Optimized,Low Efficiency
2552,2024-06-04 09:48:00,FL8284,17.76,Express,Medium,Arrival,T2,15,56.11,98.05,32,11,Forklift,85.4,67.06,72,1.87,1,Clear,2547.72,1219.08,105.75,0,145.4,68.87,Adaptive,Moderate Efficiency
2553,2024-12-13 04:48:00,FL4046,97.95,General,Critical,Arrival,T4,48,130.05,51.35,17,2,Crane,88.53,54.52,52,13.4,1,Fog,4736.31,458.45,51.63,0,100.7,43.54,Optimized,Low Efficiency
2554,2024-02-26 18:04:00,FL4983,113.98,Perishable,Medium,Departure,T1,30,147.1,90.77,38,2,Crane,53.06,61.2,14,52.83,0,Storm,4936.96,668.93,34.87,0,140.08,81.27,Adaptive,Low Efficiency
2555,2024-04-06 15:05:00,FL3255,13.32,Express,Medium,Departure,T3,15,92.68,16.52,10,10,Crane,68.44,74.06,6,57.18,0,Clear,4450.07,1262.03,54.58,0,17.6,101.55,Adaptive,Low Efficiency
2556,2024-06-13 16:58:00,FL1722,114.84,General,Medium,Departure,T3,49,160.12,105.76,16,13,Forklift,86.27,67.12,18,77.83,1,Storm,3295.23,202.51,67.82,0,144.51,54.53,Optimized,Low Efficiency
2557,2024-11-20 02:06:00,FL1991,65.1,Hazardous,Medium,Arrival,T4,23,156.77,38.36,33,12,Crane,80.54,83.31,37,5.62,0,Fog,4950.29,549.46,45.65,1,66.99,123.8,Baseline,Low Efficiency
2558,2024-01-07 18:18:00,FL3091,39.45,Perishable,High,Arrival,T2,43,160.49,51.4,17,8,Crane,75.49,55.25,74,85.77,1,Storm,4926.84,575.6,31.74,0,29.14,131.42,Baseline,Low Efficiency
2559,2024-01-06 20:54:00,FL6106,13.84,Express,Medium,Departure,T1,48,125.77,97.42,30,7,Loader,59.42,37.51,64,46.97,0,Fog,2637.86,646.35,14.07,0,103.96,43.03,Adaptive,Low Efficiency
2560,2024-09-07 04:23:00,FL8140,62.57,Hazardous,Medium,Arrival,T2,15,68.77,78.25,8,1,Crane,76.55,65.39,99,22.1,1,Storm,1866.97,462.79,94.43,0,116.77,13.9,Adaptive,Low Efficiency
2561,2024-03-28 19:31:00,FL9407,96.37,Express,Low,Arrival,T4,29,97.0,40.49,19,9,Conveyor,76.73,48.13,35,32.89,1,Storm,1343.39,998.66,109.44,0,100.95,34.01,Optimized,Moderate Efficiency
2562,2024-11-03 12:28:00,FL6861,86.31,General,Low,Departure,T3,11,133.68,30.92,20,11,Forklift,65.95,73.16,17,5.01,1,Fog,3546.56,653.08,11.89,0,85.61,73.5,Baseline,Low Efficiency
2563,2024-04-06 05:55:00,FL6098,10.78,Hazardous,Medium,Departure,T4,45,53.69,115.14,23,11,Loader,97.62,66.42,91,9.91,1,Clear,656.59,859.16,48.44,0,124.29,104.16,Optimized,Low Efficiency
2564,2024-12-13 20:25:00,FL9866,13.38,Express,Low,Departure,T3,18,138.21,15.09,30,8,Crane,79.19,84.51,88,79.42,1,Fog,3937.23,481.63,108.19,0,106.05,93.53,Baseline,Low Efficiency
2565,2024-02-21 13:48:00,FL3385,51.33,Hazardous,Low,Departure,T1,40,107.69,5.5,36,13,Crane,91.04,70.27,10,9.53,0,Fog,730.94,1305.84,12.27,0,96.6,91.58,Adaptive,Low Efficiency
2566,2024-06-15 17:08:00,FL3415,38.96,General,High,Departure,T3,31,35.36,82.39,10,9,Loader,47.74,60.15,51,5.03,0,Fog,1694.17,388.08,90.46,0,54.36,42.37,Optimized,Low Efficiency
2567,2024-10-05 22:37:00,FL8692,31.72,Hazardous,High,Departure,T1,9,109.17,75.66,10,4,Loader,85.41,38.39,81,53.84,0,Rain,2740.99,1328.24,36.76,0,132.83,32.46,Adaptive,Low Efficiency
2568,2024-03-06 01:10:00,FL6057,37.32,Express,High,Departure,T2,22,30.68,89.83,9,5,Loader,76.11,38.41,52,34.45,1,Rain,938.45,350.73,95.03,0,106.86,14.99,Optimized,Moderate Efficiency
2569,2024-03-15 14:02:00,FL6618,97.4,General,Medium,Departure,T2,11,22.29,89.14,6,11,Conveyor,58.5,74.82,64,36.53,0,Storm,663.34,618.18,84.72,0,135.93,70.33,Optimized,Low Efficiency
2570,2024-03-16 03:34:00,FL5768,111.86,Perishable,Critical,Arrival,T4,17,162.34,104.27,6,5,Conveyor,48.18,91.65,33,10.82,0,Rain,2659.11,1190.83,113.53,1,94.86,52.18,Adaptive,Low Efficiency
2571,2024-08-16 04:12:00,FL7042,51.59,Express,Critical,Arrival,T1,33,98.39,111.04,41,11,Loader,62.78,59.04,97,3.98,1,Clear,4490.4,789.72,43.73,0,121.98,86.76,Adaptive,Low Efficiency
2572,2024-09-24 15:36:00,FL1132,109.2,Express,High,Arrival,T2,11,106.93,94.13,7,9,Crane,66.48,67.16,17,77.92,1,Fog,2337.41,432.08,26.67,1,133.82,94.32,Optimized,Low Efficiency
2573,2024-08-05 21:51:00,FL9481,41.97,General,High,Arrival,T1,39,64.79,31.71,10,8,Forklift,48.45,71.38,82,35.06,1,Clear,1401.26,1028.79,64.45,1,85.83,50.32,Baseline,Low Efficiency
2574,2024-04-09 20:30:00,FL3369,59.79,General,Medium,Arrival,T2,8,106.84,58.3,35,13,Conveyor,80.21,63.41,49,9.91,0,Fog,2337.58,278.74,118.33,0,110.11,87.44,Optimized,Moderate Efficiency
2575,2024-10-05 16:32:00,FL1939,30.99,Perishable,Critical,Arrival,T2,4,47.02,78.8,47,10,Forklift,58.43,34.17,7,18.02,1,Clear,3751.86,401.42,14.45,1,90.71,95.21,Adaptive,Low Efficiency
2576,2024-04-06 22:53:00,FL4889,78.65,Express,Low,Arrival,T3,36,139.3,67.03,9,6,Forklift,88.36,71.24,90,9.26,0,Rain,686.13,459.43,29.62,0,110.89,133.2,Adaptive,Low Efficiency
2577,2024-04-14 00:32:00,FL9308,117.58,General,Low,Arrival,T4,19,151.74,23.27,14,11,Conveyor,78.9,39.6,65,43.03,0,Fog,638.35,918.24,104.3,1,83.2,30.5,Optimized,Low Efficiency
2578,2024-02-19 19:34:00,FL1894,74.4,Perishable,Medium,Arrival,T3,24,156.94,72.77,31,10,Forklift,58.63,68.91,62,72.32,0,Rain,2582.52,873.13,85.49,0,122.01,63.76,Adaptive,Low Efficiency
2579,2024-01-07 04:06:00,FL7915,46.15,Perishable,Low,Arrival,T1,41,37.06,106.95,28,11,Crane,61.6,84.28,75,35.41,0,Rain,3545.12,827.36,56.74,0,123.02,54.5,Optimized,Low Efficiency
2580,2024-04-29 12:08:00,FL6633,79.5,General,Critical,Arrival,T2,49,109.24,53.13,26,10,Conveyor,96.53,30.38,10,55.79,0,Fog,3261.91,236.37,64.3,1,16.51,45.68,Optimized,Low Efficiency
2581,2024-11-16 11:17:00,FL4201,19.14,Express,Medium,Departure,T4,18,149.4,81.93,29,1,Conveyor,96.89,60.13,31,60.79,1,Clear,3370.2,1192.16,38.14,0,38.51,69.55,Adaptive,Low Efficiency
2582,2024-09-12 17:27:00,FL4282,107.2,Hazardous,Medium,Arrival,T2,33,40.51,75.83,7,7,Forklift,65.1,82.2,25,64.09,1,Storm,1245.73,284.5,115.87,1,37.09,141.95,Optimized,Moderate Efficiency
2583,2024-06-04 03:24:00,FL4297,62.85,Hazardous,High,Departure,T2,46,35.92,48.36,20,9,Forklift,80.75,67.0,57,54.5,0,Rain,2924.31,1414.25,47.73,1,55.14,128.04,Adaptive,Low Efficiency
2584,2024-04-20 05:27:00,FL2120,56.68,Perishable,Medium,Arrival,T3,36,150.71,70.01,34,12,Loader,98.8,46.47,65,49.87,0,Rain,2200.65,191.3,51.79,1,76.69,83.13,Optimized,Low Efficiency
2585,2024-10-26 19:09:00,FL6595,72.37,Hazardous,Low,Departure,T1,10,147.48,29.17,47,4,Conveyor,99.64,78.83,43,43.05,1,Fog,997.23,1331.95,61.6,0,112.9,65.9,Baseline,Low Efficiency
2586,2024-11-18 03:13:00,FL4102,76.85,Hazardous,High,Arrival,T4,14,91.79,67.8,8,4,Forklift,44.33,84.84,3,42.62,0,Fog,1076.28,516.89,33.5,1,52.08,70.46,Optimized,Low Efficiency
2587,2024-06-07 04:37:00,FL8794,13.25,General,High,Departure,T4,7,37.55,96.87,47,5,Crane,73.21,55.38,55,29.96,1,Clear,3404.05,1079.76,31.61,1,101.17,45.37,Adaptive,Low Efficiency
2588,2024-03-04 02:58:00,FL8657,83.5,Perishable,Medium,Arrival,T4,12,102.58,92.28,44,8,Conveyor,83.6,50.82,48,45.41,1,Rain,4807.49,566.5,76.07,0,130.57,102.08,Baseline,Low Efficiency
2589,2024-03-14 03:45:00,FL6425,32.82,Express,High,Departure,T1,22,83.17,46.16,20,11,Loader,51.21,68.16,65,43.12,1,Storm,978.35,1108.02,95.22,0,72.65,46.98,Adaptive,Low Efficiency
2590,2024-04-11 22:54:00,FL6499,87.1,Perishable,Low,Arrival,T4,27,102.97,17.89,44,5,Crane,89.31,55.58,71,28.75,0,Rain,2727.01,773.61,92.74,1,102.02,25.58,Baseline,Moderate Efficiency
2591,2024-03-30 16:19:00,FL5909,99.59,General,Low,Departure,T1,48,90.38,96.99,45,4,Loader,68.11,88.52,60,27.1,0,Clear,1615.67,837.49,72.22,1,128.67,54.93,Optimized,Low Efficiency
2592,2024-10-06 15:26:00,FL7859,97.46,Hazardous,Low,Arrival,T4,37,110.96,35.48,12,8,Loader,69.87,84.53,14,40.15,1,Storm,1767.24,1103.01,80.28,0,111.49,78.19,Baseline,Low Efficiency
2593,2024-09-12 23:31:00,FL6384,68.54,Express,Medium,Departure,T2,11,136.34,11.1,28,11,Crane,56.46,51.83,87,72.27,1,Fog,1510.04,287.0,72.01,0,24.48,111.97,Adaptive,Low Efficiency
2594,2024-11-08 16:06:00,FL3658,64.82,Perishable,High,Departure,T1,36,143.98,56.2,20,5,Loader,58.01,61.99,81,22.29,1,Fog,2955.61,472.88,106.24,1,31.24,78.22,Optimized,Low Efficiency
2595,2024-08-17 00:20:00,FL2717,21.43,Hazardous,High,Departure,T3,13,123.84,90.04,31,8,Loader,45.05,92.26,14,76.09,1,Fog,755.21,1277.04,52.62,0,21.51,14.87,Baseline,Low Efficiency
2596,2024-04-11 19:42:00,FL8443,94.16,Perishable,Medium,Departure,T4,32,51.83,97.98,6,1,Loader,95.89,40.32,9,65.16,1,Clear,3841.24,1205.74,23.56,0,49.52,108.61,Baseline,Low Efficiency
2597,2024-06-29 10:22:00,FL1691,36.21,Express,Medium,Departure,T3,8,83.54,117.95,24,3,Loader,62.91,82.8,85,23.57,1,Fog,3230.28,1486.42,57.9,0,10.56,118.37,Optimized,Low Efficiency
2598,2024-07-20 16:21:00,FL9125,62.12,Perishable,High,Departure,T1,7,31.4,26.78,24,7,Loader,49.73,52.18,45,1.24,0,Storm,2231.74,132.14,105.79,0,95.35,24.44,Adaptive,Moderate Efficiency
2599,2024-03-02 08:21:00,FL4594,37.69,Perishable,Low,Departure,T2,43,92.27,38.79,24,12,Conveyor,48.54,38.36,2,6.91,1,Fog,1480.33,299.06,109.09,0,13.71,110.97,Optimized,Low Efficiency
2600,2024-06-29 17:01:00,FL1060,20.39,Perishable,Low,Departure,T3,43,175.25,75.09,23,1,Forklift,64.44,38.19,32,79.46,0,Clear,2913.44,572.24,74.84,0,72.83,101.95,Optimized,Low Efficiency
2601,2024-07-26 11:21:00,FL4654,77.4,Hazardous,Critical,Arrival,T3,17,122.68,98.3,22,11,Conveyor,77.93,49.34,8,72.62,0,Rain,4798.19,1070.76,16.85,0,79.11,64.63,Adaptive,Low Efficiency
2602,2024-01-20 12:47:00,FL4772,11.25,Express,High,Arrival,T2,22,44.74,31.92,17,5,Conveyor,86.67,68.37,36,34.16,0,Rain,3686.48,541.76,89.46,1,100.36,121.49,Baseline,Moderate Efficiency
2603,2024-08-07 15:42:00,FL8643,91.09,Express,Critical,Arrival,T2,46,62.97,52.14,21,6,Forklift,95.48,93.55,90,5.55,1,Storm,1757.1,584.35,81.84,0,43.51,109.48,Baseline,Moderate Efficiency
2604,2024-05-29 14:25:00,FL4492,41.52,Hazardous,Medium,Departure,T1,34,30.33,51.97,37,14,Forklift,78.14,51.21,37,73.0,1,Clear,3843.13,418.41,59.69,0,131.49,89.69,Optimized,Low Efficiency
2605,2024-05-17 08:50:00,FL4916,5.02,Hazardous,High,Departure,T4,20,49.19,93.89,32,12,Crane,65.24,43.95,15,22.97,1,Fog,2768.18,1373.43,27.93,0,80.59,116.77,Adaptive,Low Efficiency
2606,2024-10-12 06:20:00,FL8876,63.78,Hazardous,Low,Arrival,T3,8,98.05,32.71,9,13,Loader,65.32,63.51,34,85.78,0,Fog,716.08,866.58,76.71,1,106.62,71.04,Baseline,Low Efficiency
2607,2024-08-03 04:58:00,FL6431,10.39,General,Low,Arrival,T3,22,75.18,116.41,32,1,Forklift,74.46,40.96,21,47.06,1,Rain,3278.91,323.56,63.05,0,58.46,95.23,Baseline,Low Efficiency
2608,2024-02-09 17:39:00,FL7158,36.76,Perishable,Medium,Departure,T1,27,52.63,63.7,29,7,Crane,72.28,49.02,87,64.37,0,Fog,1552.53,915.09,16.65,1,47.38,15.72,Optimized,Low Efficiency
2609,2024-06-23 06:47:00,FL4363,86.3,Perishable,Medium,Departure,T4,34,43.46,37.44,24,9,Crane,78.45,99.06,9,41.56,1,Rain,2343.46,323.31,53.76,0,91.76,73.16,Optimized,Low Efficiency
2610,2024-12-26 08:47:00,FL7558,12.21,Express,Low,Arrival,T1,21,124.97,37.69,25,9,Conveyor,70.2,69.06,40,2.49,0,Rain,2653.1,480.59,113.26,0,135.33,94.71,Baseline,Low Efficiency
2611,2024-10-07 23:50:00,FL4018,101.52,Perishable,Low,Departure,T3,15,109.3,7.1,17,3,Crane,43.54,84.87,26,5.69,1,Fog,4096.89,1074.54,55.26,0,110.41,10.54,Adaptive,Low Efficiency
2612,2024-03-23 02:20:00,FL1110,5.44,General,Low,Arrival,T3,5,154.82,84.63,10,4,Loader,70.04,44.83,22,87.84,0,Rain,3110.31,1161.45,57.24,1,107.83,65.57,Adaptive,Low Efficiency
2613,2024-06-24 13:12:00,FL6944,33.38,Hazardous,High,Departure,T2,38,49.32,94.23,33,14,Conveyor,41.35,66.4,13,37.1,1,Rain,2030.43,706.32,71.32,0,79.15,84.78,Optimized,Low Efficiency
2614,2024-12-29 18:50:00,FL1162,90.2,Express,Medium,Arrival,T2,17,155.68,8.73,46,1,Forklift,50.84,65.74,25,16.49,0,Clear,3457.62,334.04,42.68,0,10.97,61.87,Adaptive,Low Efficiency
2615,2024-02-21 17:01:00,FL2208,41.37,Express,Low,Arrival,T4,8,112.47,72.38,13,13,Conveyor,63.25,86.89,71,64.83,0,Fog,1364.43,396.14,18.09,1,133.01,60.73,Adaptive,Low Efficiency
2616,2024-01-09 18:53:00,FL6863,16.72,Perishable,Low,Departure,T3,19,62.6,94.89,33,4,Conveyor,73.08,31.51,91,79.4,0,Clear,4202.57,855.45,76.14,0,43.76,130.18,Optimized,Low Efficiency
2617,2024-09-19 22:38:00,FL1491,46.43,Express,Low,Arrival,T3,5,63.77,48.27,42,14,Loader,51.09,90.23,15,24.03,0,Fog,1406.44,924.52,64.46,0,76.37,145.02,Baseline,Low Efficiency
2618,2024-08-18 10:45:00,FL2887,36.1,Hazardous,High,Departure,T2,23,82.46,54.77,5,5,Loader,56.58,35.57,76,51.4,0,Fog,3013.39,1316.09,85.16,1,37.0,23.52,Baseline,Low Efficiency
2619,2024-04-06 02:34:00,FL3333,101.91,Express,Low,Departure,T1,19,93.62,46.59,34,7,Conveyor,62.45,94.16,45,22.08,0,Fog,1423.08,475.39,62.41,0,123.95,137.5,Optimized,Low Efficiency
2620,2024-10-08 16:29:00,FL5760,41.04,Hazardous,High,Departure,T1,14,33.2,41.3,36,5,Forklift,51.83,40.0,97,74.03,0,Fog,1965.03,956.79,37.21,1,14.71,63.02,Adaptive,Low Efficiency
2621,2024-11-02 11:07:00,FL8215,95.73,General,Low,Departure,T3,10,154.72,61.48,27,8,Loader,99.93,67.26,21,7.81,0,Storm,2401.2,103.71,52.28,0,101.89,43.3,Optimized,Low Efficiency
2622,2024-09-23 02:02:00,FL4185,107.57,General,Low,Departure,T3,31,39.45,24.1,43,7,Conveyor,88.28,36.96,89,33.53,1,Storm,2153.39,759.74,11.49,1,16.8,30.95,Baseline,Low Efficiency
2623,2024-05-05 19:22:00,FL6896,54.89,Hazardous,Critical,Arrival,T4,13,97.35,55.68,14,1,Loader,88.66,61.3,40,34.19,1,Rain,4702.4,657.35,27.07,0,138.55,114.65,Optimized,Low Efficiency
2624,2024-12-08 23:34:00,FL1719,109.64,Perishable,High,Departure,T4,22,81.27,113.31,48,12,Loader,74.13,50.95,47,57.32,1,Clear,1505.71,268.21,96.46,0,17.69,111.29,Optimized,Low Efficiency
2625,2024-02-23 03:37:00,FL1486,48.39,Express,Low,Departure,T2,37,101.97,8.15,25,2,Crane,97.68,59.41,86,16.04,0,Clear,1310.67,1347.73,112.48,0,134.57,23.26,Baseline,Moderate Efficiency
2626,2024-01-13 03:40:00,FL4262,115.87,Perishable,High,Arrival,T3,39,162.0,23.95,30,7,Forklift,83.93,68.15,61,42.75,0,Rain,2828.91,251.28,50.16,0,45.29,144.33,Optimized,Low Efficiency
2627,2024-02-19 04:13:00,FL4241,15.27,Express,Medium,Departure,T1,10,178.25,94.44,19,3,Conveyor,59.85,62.16,14,49.68,0,Clear,4770.12,471.63,112.02,0,101.44,20.15,Optimized,Low Efficiency
2628,2024-01-11 01:03:00,FL5654,84.01,General,High,Arrival,T4,31,23.24,20.19,21,2,Conveyor,76.63,31.62,72,80.18,0,Storm,2764.98,1127.58,79.9,0,99.17,79.57,Baseline,Moderate Efficiency
2629,2024-07-09 22:01:00,FL3853,61.79,General,High,Departure,T2,43,82.92,36.2,39,11,Crane,72.62,90.44,88,47.4,0,Clear,4817.19,353.03,40.85,0,129.24,100.34,Adaptive,Low Efficiency
2630,2024-06-06 02:22:00,FL4587,49.58,General,High,Arrival,T2,35,150.82,57.31,29,12,Conveyor,74.82,36.65,67,11.87,0,Fog,1356.6,207.48,75.97,1,66.4,134.35,Optimized,Low Efficiency
2631,2024-01-30 00:01:00,FL5292,77.76,Express,Critical,Departure,T1,13,72.26,113.46,19,14,Conveyor,89.06,98.64,76,9.12,1,Fog,546.15,1457.09,98.89,1,84.09,47.74,Adaptive,Moderate Efficiency
2632,2024-02-14 00:46:00,FL3855,85.94,General,Low,Departure,T4,30,123.85,26.1,37,9,Crane,70.57,89.59,47,83.17,0,Fog,1863.25,510.95,96.44,0,63.95,47.46,Adaptive,Low Efficiency
2633,2024-10-16 19:07:00,FL6567,5.5,General,High,Departure,T1,34,178.76,111.15,15,12,Crane,83.72,69.3,86,88.17,0,Fog,3371.89,184.97,107.36,1,101.76,119.38,Adaptive,Low Efficiency
2634,2024-07-27 14:44:00,FL5029,24.2,General,Medium,Departure,T2,36,123.48,87.63,28,10,Conveyor,55.04,47.16,16,15.03,1,Rain,3164.23,297.45,96.59,0,53.49,67.54,Adaptive,Low Efficiency
2635,2024-12-30 20:27:00,FL3925,87.0,General,Low,Departure,T3,35,37.79,82.18,10,13,Crane,95.92,36.04,71,67.62,0,Rain,1587.76,411.44,86.51,0,99.63,38.8,Optimized,Moderate Efficiency
2636,2024-10-29 12:12:00,FL4211,81.63,Perishable,Low,Arrival,T1,47,154.87,88.21,32,8,Loader,45.18,77.03,18,22.56,0,Storm,3477.08,1441.75,52.21,1,115.46,12.99,Baseline,Low Efficiency
2637,2024-11-04 10:30:00,FL1352,116.1,General,Low,Arrival,T2,4,174.67,8.59,33,8,Loader,99.61,44.11,45,74.96,0,Storm,4236.11,122.53,29.77,1,28.19,114.42,Optimized,Low Efficiency
2638,2024-10-19 22:18:00,FL3884,92.52,General,High,Departure,T3,4,134.0,16.37,25,3,Loader,77.96,81.33,23,8.69,0,Storm,3592.38,1209.91,22.39,0,63.16,12.1,Adaptive,Low Efficiency
2639,2024-03-01 00:31:00,FL5289,114.34,Perishable,Medium,Arrival,T3,47,87.05,43.51,16,11,Loader,68.2,88.28,26,39.34,1,Rain,3775.36,1193.28,99.39,1,14.9,99.26,Adaptive,Low Efficiency
2640,2024-04-21 04:17:00,FL2657,85.79,Perishable,Medium,Departure,T4,6,171.74,13.51,26,10,Crane,58.65,99.23,66,53.65,1,Clear,1884.23,799.49,94.34,0,22.73,70.04,Optimized,Low Efficiency
2641,2024-07-21 01:06:00,FL1343,39.28,Express,Low,Departure,T4,28,174.97,118.57,31,9,Forklift,64.31,65.3,2,76.73,1,Fog,2881.44,1406.06,108.39,0,16.7,98.83,Adaptive,Low Efficiency
2642,2024-03-01 20:57:00,FL3248,17.12,Hazardous,Medium,Departure,T2,30,169.62,71.75,25,8,Forklift,86.95,98.23,22,77.11,0,Clear,692.17,118.81,17.77,1,108.77,116.41,Adaptive,Low Efficiency
2643,2024-08-13 16:00:00,FL7208,94.91,General,Critical,Arrival,T1,27,85.89,61.04,19,12,Conveyor,48.37,40.45,38,16.59,1,Fog,2115.87,793.29,79.88,0,147.18,100.67,Optimized,Low Efficiency
2644,2024-02-27 13:00:00,FL2818,79.08,General,Medium,Departure,T3,5,146.35,95.33,22,2,Forklift,55.16,88.54,42,87.04,1,Storm,4170.75,454.85,89.25,1,95.62,75.2,Optimized,Low Efficiency
2645,2024-05-27 23:08:00,FL6544,10.54,General,High,Arrival,T4,44,124.67,117.35,14,7,Loader,47.42,55.19,28,57.47,0,Fog,4055.49,1166.7,55.38,0,57.52,137.05,Baseline,Low Efficiency
2646,2024-04-23 03:24:00,FL4444,46.41,Express,High,Departure,T4,39,48.75,114.84,26,8,Crane,65.6,55.54,63,59.29,0,Clear,4733.6,342.54,68.46,0,118.13,10.5,Adaptive,Low Efficiency
2647,2024-08-25 22:22:00,FL5998,115.03,General,High,Departure,T1,35,105.68,96.2,48,12,Loader,63.23,48.81,17,80.01,1,Clear,4859.43,1325.11,64.62,1,81.13,16.68,Adaptive,Low Efficiency
2648,2024-10-11 12:31:00,FL8474,62.55,Hazardous,Medium,Arrival,T4,39,139.63,48.38,24,7,Loader,78.93,42.14,82,28.83,1,Storm,4877.03,667.67,57.84,1,29.39,78.11,Optimized,Low Efficiency
2649,2024-02-18 03:26:00,FL4934,54.76,Perishable,Critical,Departure,T2,44,163.35,12.59,23,9,Crane,99.74,60.96,59,37.37,0,Storm,1208.22,290.21,41.97,1,135.48,44.61,Optimized,Low Efficiency
2650,2024-08-13 20:36:00,FL7056,57.64,Express,Medium,Arrival,T1,15,158.02,16.31,32,13,Loader,93.54,99.11,2,88.65,0,Clear,1042.85,148.65,118.79,0,27.64,70.26,Adaptive,Low Efficiency
2651,2024-11-14 13:37:00,FL7100,29.02,Perishable,Critical,Departure,T3,19,44.75,5.13,41,7,Loader,92.82,53.09,99,1.49,0,Storm,4437.87,1065.23,107.17,0,146.71,50.21,Optimized,Moderate Efficiency
2652,2024-06-22 18:29:00,FL3807,47.4,General,Low,Departure,T2,30,98.09,5.22,48,12,Crane,78.74,62.28,79,78.04,1,Rain,2224.12,1399.84,96.52,1,60.67,42.37,Optimized,Moderate Efficiency
2653,2024-02-12 03:58:00,FL9633,47.53,General,Low,Departure,T3,38,96.52,112.69,5,7,Crane,56.24,46.0,79,75.83,0,Storm,2107.33,1457.82,102.61,0,111.78,139.22,Optimized,Low Efficiency
2654,2024-06-27 00:35:00,FL8106,11.02,General,Low,Arrival,T3,32,163.8,111.61,38,1,Conveyor,63.05,53.6,98,23.62,1,Clear,2901.53,1324.06,102.11,0,144.31,40.33,Adaptive,Low Efficiency
2655,2024-03-03 18:40:00,FL2071,93.27,Hazardous,High,Departure,T4,40,20.31,81.77,39,2,Conveyor,55.01,33.86,50,73.95,1,Rain,2531.36,645.35,18.23,0,93.09,22.81,Adaptive,Low Efficiency
2656,2024-11-12 09:09:00,FL2941,52.9,Hazardous,Medium,Arrival,T2,29,138.19,88.57,30,14,Loader,48.11,96.92,15,29.72,0,Clear,1503.68,1368.2,73.22,0,146.62,41.6,Baseline,Low Efficiency
2657,2024-03-25 11:00:00,FL3366,99.55,Express,Low,Departure,T2,6,118.98,64.02,34,5,Conveyor,66.16,65.69,18,56.61,0,Rain,4300.76,1001.15,61.78,0,35.1,69.81,Baseline,Low Efficiency
2658,2024-11-26 03:14:00,FL3142,102.79,Perishable,Low,Departure,T1,26,167.45,32.35,16,13,Forklift,93.85,81.31,77,40.22,1,Storm,4591.67,188.64,31.86,0,17.98,41.26,Baseline,Low Efficiency
2659,2024-02-10 01:41:00,FL4107,29.38,General,Critical,Arrival,T2,27,93.11,110.15,18,13,Forklift,84.63,65.93,38,9.12,0,Storm,3863.78,339.21,38.73,0,100.23,23.68,Baseline,Low Efficiency
2660,2024-08-13 05:14:00,FL4140,80.6,General,High,Departure,T1,35,125.23,36.93,43,11,Loader,99.09,83.91,8,80.58,1,Clear,716.32,639.12,25.54,1,24.6,47.61,Adaptive,Low Efficiency
2661,2024-05-07 21:38:00,FL9725,59.31,General,Medium,Departure,T2,28,175.64,90.06,8,14,Conveyor,51.69,67.39,80,49.07,0,Rain,1030.62,528.72,62.06,0,80.77,136.9,Optimized,Low Efficiency
2662,2024-03-27 23:25:00,FL7196,106.22,General,High,Arrival,T3,5,139.02,33.23,16,1,Loader,70.03,79.11,20,43.36,1,Clear,2057.05,570.33,38.2,0,118.8,115.38,Adaptive,Low Efficiency
2663,2024-01-10 05:20:00,FL7131,29.81,Hazardous,Medium,Arrival,T1,41,30.78,105.07,28,12,Conveyor,87.58,77.94,60,79.15,0,Fog,3005.2,1128.96,33.38,0,125.6,42.66,Adaptive,Low Efficiency
2664,2024-04-09 21:56:00,FL6209,82.95,Perishable,Medium,Arrival,T2,48,46.81,79.89,44,10,Crane,67.63,67.35,26,29.52,0,Storm,3242.82,182.43,70.36,1,88.87,95.0,Adaptive,Low Efficiency
2665,2024-01-09 06:21:00,FL8037,74.89,Perishable,Critical,Departure,T1,16,151.43,78.91,35,7,Crane,61.3,46.14,35,51.33,1,Clear,949.98,948.1,33.39,0,75.11,129.85,Baseline,Low Efficiency
2666,2024-04-29 07:10:00,FL5006,38.96,Express,Low,Arrival,T4,41,73.57,16.2,5,5,Crane,88.95,44.83,81,79.4,1,Clear,4821.09,571.3,74.86,0,22.85,145.94,Optimized,Moderate Efficiency
2667,2024-12-27 11:26:00,FL1756,20.71,Hazardous,Medium,Arrival,T4,18,132.95,53.24,41,13,Crane,65.82,91.2,26,30.86,0,Fog,2883.07,1335.37,27.11,0,105.2,20.4,Optimized,Low Efficiency
2668,2024-09-09 11:06:00,FL4098,79.94,General,Medium,Departure,T1,13,131.97,65.36,5,5,Loader,94.78,38.45,18,71.42,1,Fog,2442.86,180.04,87.62,1,114.37,38.53,Adaptive,Low Efficiency
2669,2024-07-07 18:40:00,FL9773,89.94,Perishable,Medium,Arrival,T1,43,178.99,38.81,19,8,Loader,56.1,69.15,44,46.29,0,Rain,1360.03,1460.34,43.35,0,64.63,142.08,Baseline,Low Efficiency
2670,2024-05-01 13:53:00,FL5819,41.3,Perishable,Medium,Arrival,T3,25,95.18,106.31,17,9,Loader,93.79,65.18,7,14.2,0,Fog,4778.8,213.3,93.97,0,85.34,133.87,Adaptive,Low Efficiency
2671,2024-09-27 18:53:00,FL3434,79.16,Hazardous,Medium,Departure,T2,10,138.05,101.33,33,10,Forklift,56.71,85.89,35,3.65,1,Rain,2513.28,708.26,97.62,0,45.51,51.87,Optimized,Low Efficiency
2672,2024-04-02 10:16:00,FL6368,50.44,Express,Low,Arrival,T4,29,27.8,61.77,49,1,Crane,57.37,39.48,12,65.41,0,Clear,1030.03,1299.9,118.44,1,64.32,37.68,Optimized,Moderate Efficiency
2673,2024-07-14 16:59:00,FL5049,87.02,Express,Medium,Departure,T4,10,94.01,44.1,8,10,Crane,65.24,78.11,44,23.57,1,Fog,3264.64,550.66,11.82,1,93.22,124.16,Adaptive,Low Efficiency
2674,2024-03-26 23:11:00,FL1872,27.91,General,Low,Arrival,T2,6,49.87,97.18,19,4,Crane,70.95,72.41,41,73.42,1,Rain,2075.69,1290.12,99.09,0,116.21,24.73,Optimized,Moderate Efficiency
2675,2024-01-22 09:02:00,FL5588,107.37,Express,Low,Arrival,T4,16,154.49,27.64,48,11,Conveyor,65.09,79.08,54,17.0,0,Clear,4135.98,1448.43,63.01,0,18.37,96.78,Baseline,Low Efficiency
2676,2024-08-31 22:44:00,FL3071,38.05,Perishable,Low,Departure,T4,25,154.39,13.22,44,2,Conveyor,91.73,73.49,1,51.11,1,Rain,2954.6,271.84,23.5,1,79.13,137.07,Optimized,Low Efficiency
2677,2024-11-08 14:59:00,FL9327,47.3,Express,High,Arrival,T1,44,57.82,10.26,16,14,Forklift,87.73,69.38,25,8.41,0,Clear,975.65,768.13,93.35,1,19.97,35.21,Adaptive,Moderate Efficiency
2678,2024-07-17 01:12:00,FL9011,11.68,General,Medium,Departure,T4,4,70.93,9.45,29,9,Forklift,58.59,94.84,80,66.22,1,Rain,3877.72,423.11,17.24,0,136.14,27.52,Optimized,Low Efficiency
2679,2024-02-16 12:14:00,FL4428,17.82,Perishable,High,Arrival,T4,37,132.4,61.22,31,9,Conveyor,70.69,54.41,15,68.91,0,Storm,1871.0,1173.85,105.44,0,99.72,100.06,Adaptive,Low Efficiency
2680,2024-07-10 11:22:00,FL2333,64.32,Express,High,Arrival,T4,34,138.12,34.36,10,1,Conveyor,65.86,42.93,75,82.49,1,Clear,2337.1,251.18,79.56,1,77.2,95.99,Adaptive,Low Efficiency
2681,2024-02-26 02:53:00,FL8711,35.77,Express,High,Departure,T2,19,125.22,84.39,27,3,Loader,43.36,85.68,3,50.52,0,Clear,3990.4,1184.65,30.76,0,15.86,19.42,Baseline,Low Efficiency
2682,2024-12-27 06:48:00,FL2062,101.08,Hazardous,Medium,Departure,T3,33,179.47,80.2,19,10,Loader,84.89,39.08,45,9.58,0,Rain,979.04,1045.59,84.9,0,83.94,60.57,Adaptive,Low Efficiency
2683,2024-11-27 11:09:00,FL3743,6.69,General,Medium,Arrival,T1,4,158.99,67.33,43,8,Conveyor,50.9,77.58,45,74.5,0,Clear,4900.01,983.88,28.4,0,98.08,139.77,Adaptive,Low Efficiency
2684,2024-09-19 05:37:00,FL9333,48.6,Express,Medium,Arrival,T3,44,86.73,45.58,9,2,Crane,96.05,68.47,51,28.25,0,Rain,3659.39,708.04,72.2,1,68.94,42.17,Optimized,Low Efficiency
2685,2024-02-10 08:52:00,FL7358,43.79,Hazardous,High,Arrival,T4,34,72.32,102.8,27,2,Conveyor,63.87,30.09,42,80.96,0,Clear,1366.67,802.21,10.55,1,50.6,84.03,Optimized,Low Efficiency
2686,2024-12-29 19:19:00,FL9342,7.22,Perishable,Medium,Departure,T4,12,115.5,86.62,19,2,Loader,77.34,46.79,39,88.01,0,Fog,761.56,240.57,113.1,0,144.16,59.35,Optimized,Low Efficiency
2687,2024-05-01 12:27:00,FL7131,19.3,Hazardous,High,Departure,T4,31,150.82,36.23,29,13,Forklift,89.1,64.71,20,11.92,1,Fog,2950.41,477.84,17.04,0,38.94,136.63,Baseline,Low Efficiency
2688,2024-09-24 17:48:00,FL9168,52.57,Hazardous,Critical,Arrival,T3,16,96.05,62.69,34,5,Conveyor,50.82,53.08,87,7.47,0,Rain,2206.66,1378.75,92.48,0,145.83,82.89,Baseline,Low Efficiency
2689,2024-04-24 13:11:00,FL9501,61.68,Express,Low,Arrival,T2,2,138.03,22.97,48,14,Conveyor,72.47,59.88,79,80.78,0,Storm,632.77,718.76,87.55,1,11.79,73.06,Optimized,Low Efficiency
2690,2024-07-04 18:28:00,FL8606,51.49,Express,Low,Arrival,T2,49,23.07,42.81,47,9,Crane,54.25,72.09,18,80.9,0,Fog,3241.48,664.0,81.67,0,82.76,134.82,Baseline,Moderate Efficiency
2691,2024-03-15 22:23:00,FL3932,66.06,Express,High,Departure,T1,2,168.13,119.67,8,7,Forklift,70.58,81.16,39,52.67,0,Fog,1889.37,166.27,14.3,1,58.84,100.19,Optimized,Low Efficiency
2692,2024-03-24 23:36:00,FL6272,73.44,Hazardous,Medium,Arrival,T3,36,143.81,30.74,17,13,Crane,74.77,40.58,99,79.93,1,Clear,1948.92,1338.04,82.11,0,48.93,60.0,Baseline,Low Efficiency
2693,2024-06-15 07:39:00,FL7125,6.14,Perishable,Low,Departure,T2,6,83.07,85.3,44,7,Forklift,50.15,49.8,29,83.75,1,Storm,1229.77,1154.77,77.41,0,59.38,149.04,Adaptive,Low Efficiency
2694,2024-01-02 20:53:00,FL9609,58.37,General,Critical,Departure,T1,23,81.44,32.42,43,2,Crane,74.85,74.55,20,49.99,1,Storm,1131.7,228.31,79.59,0,96.21,138.21,Optimized,Low Efficiency
2695,2024-02-02 01:37:00,FL8918,115.8,Hazardous,Low,Arrival,T4,39,36.46,112.89,27,2,Forklift,67.29,71.19,42,61.79,1,Storm,1149.54,310.26,69.21,0,67.63,47.04,Optimized,Low Efficiency
2696,2024-01-09 22:44:00,FL9106,64.69,Express,Critical,Departure,T4,47,150.58,40.67,20,5,Conveyor,71.32,81.58,79,55.22,0,Storm,4487.27,273.13,46.35,0,35.08,14.74,Baseline,Low Efficiency
2697,2024-06-27 01:50:00,FL8762,82.92,General,High,Departure,T1,44,142.98,44.87,39,12,Conveyor,94.3,74.84,96,15.71,0,Storm,2898.85,1014.47,35.76,1,97.65,26.92,Baseline,Low Efficiency
2698,2024-02-03 11:35:00,FL5396,40.86,Perishable,High,Arrival,T2,37,120.84,73.29,20,14,Conveyor,69.03,53.11,12,39.26,1,Storm,2612.42,322.47,60.19,0,142.85,31.65,Adaptive,Low Efficiency
2699,2024-12-09 12:41:00,FL7569,94.01,General,Low,Arrival,T3,46,36.23,72.63,11,7,Loader,68.57,64.95,56,61.32,0,Fog,3670.1,1493.14,52.34,0,147.12,112.89,Baseline,Low Efficiency
2700,2024-09-22 00:57:00,FL1599,93.89,Express,Low,Arrival,T1,16,61.97,71.59,49,7,Forklift,68.22,91.93,12,54.92,0,Rain,1938.95,903.12,85.65,0,125.01,62.65,Optimized,Low Efficiency
2701,2024-10-05 21:03:00,FL4394,64.95,Hazardous,Medium,Arrival,T2,43,93.43,70.92,17,9,Forklift,77.39,43.03,89,19.36,1,Rain,4200.01,1318.19,39.77,0,35.24,57.49,Adaptive,Low Efficiency
2702,2024-04-19 06:55:00,FL4596,117.24,Hazardous,Low,Arrival,T1,44,62.56,40.9,33,3,Crane,62.05,56.37,53,81.88,1,Storm,1387.38,1122.08,97.09,0,38.15,88.23,Optimized,Moderate Efficiency
2703,2024-05-10 07:34:00,FL4325,19.44,Express,Medium,Arrival,T2,19,89.44,54.96,43,14,Loader,88.08,88.92,98,70.57,0,Clear,4111.99,134.28,117.79,0,11.52,28.97,Baseline,Moderate Efficiency
2704,2024-01-26 18:01:00,FL8406,6.95,Hazardous,Medium,Arrival,T4,49,56.15,73.24,24,1,Crane,57.16,55.49,8,6.16,1,Fog,752.21,689.58,86.84,0,122.16,48.62,Optimized,Low Efficiency
2705,2024-11-01 09:00:00,FL4840,93.57,Express,Low,Departure,T1,24,75.94,82.2,33,9,Loader,57.97,58.86,58,30.97,1,Clear,1205.78,606.27,66.36,0,33.75,77.89,Adaptive,Low Efficiency
2706,2024-06-12 11:41:00,FL7486,97.82,Hazardous,Low,Arrival,T3,27,124.37,34.11,22,1,Crane,75.33,52.35,24,89.6,1,Fog,4516.95,1433.06,28.85,0,143.25,75.59,Optimized,Low Efficiency
2707,2024-08-22 07:53:00,FL4581,18.82,Hazardous,High,Arrival,T1,7,162.78,85.67,26,8,Loader,55.59,92.97,61,35.08,1,Fog,990.54,573.7,118.03,0,73.22,95.63,Baseline,Low Efficiency
2708,2024-06-29 18:42:00,FL6013,35.54,Hazardous,Low,Arrival,T4,30,81.6,111.18,40,14,Crane,45.4,76.43,1,59.71,0,Fog,1605.01,1062.41,40.0,0,16.41,53.39,Optimized,Low Efficiency
2709,2024-10-30 02:36:00,FL7963,7.02,Perishable,Low,Arrival,T4,41,130.71,92.16,45,14,Crane,52.34,44.61,89,9.06,0,Clear,692.14,925.27,72.52,0,100.06,63.52,Optimized,Low Efficiency
2710,2024-08-20 23:16:00,FL7178,38.73,Perishable,High,Arrival,T2,14,41.57,14.69,40,5,Loader,94.82,82.47,98,27.98,0,Clear,3193.99,1131.3,58.68,0,25.46,18.87,Adaptive,Moderate Efficiency
2711,2024-07-16 12:34:00,FL3575,93.91,Express,Critical,Arrival,T4,44,106.53,58.95,12,8,Forklift,40.64,32.7,78,79.38,0,Storm,1974.7,185.78,31.93,0,101.97,100.86,Baseline,Low Efficiency
2712,2024-02-26 17:10:00,FL7129,64.57,Perishable,Medium,Departure,T2,15,167.47,55.06,7,7,Crane,48.01,57.75,70,45.95,1,Fog,3350.69,1403.1,95.89,0,105.5,79.9,Adaptive,Low Efficiency
2713,2024-09-28 11:17:00,FL5170,45.03,Express,Low,Arrival,T4,12,24.47,43.7,33,9,Loader,85.48,93.68,45,74.26,1,Rain,886.01,1490.21,22.96,1,16.99,15.85,Adaptive,Low Efficiency
2714,2024-03-27 22:40:00,FL2388,47.75,General,Medium,Departure,T2,29,62.81,61.5,13,2,Loader,98.79,78.28,9,0.69,0,Fog,2277.97,876.11,57.28,0,132.9,80.67,Adaptive,Low Efficiency
2715,2024-02-08 08:30:00,FL3200,5.16,General,Critical,Arrival,T3,23,41.2,55.56,12,9,Forklift,81.29,85.52,1,59.95,0,Rain,2172.55,330.06,33.25,0,64.12,46.57,Baseline,Low Efficiency
2716,2024-05-10 14:16:00,FL2376,39.48,Perishable,High,Departure,T2,13,105.3,5.71,34,10,Forklift,95.34,95.19,73,26.99,1,Storm,2915.74,1317.21,70.45,0,55.1,30.54,Optimized,Low Efficiency
2717,2024-06-11 12:26:00,FL5834,79.34,General,High,Departure,T2,9,128.74,32.2,16,5,Forklift,91.31,84.22,24,77.47,1,Storm,1827.65,1006.25,104.69,0,101.85,10.71,Baseline,Low Efficiency
2718,2024-02-03 10:39:00,FL8282,117.03,General,Medium,Departure,T3,24,29.24,29.58,32,5,Forklift,68.8,36.2,60,84.96,1,Storm,4931.4,973.51,107.99,0,141.01,147.41,Optimized,Moderate Efficiency
2719,2024-10-18 22:40:00,FL9500,102.41,Hazardous,Medium,Arrival,T2,39,31.25,45.16,46,1,Crane,60.01,46.14,82,61.89,0,Fog,1922.14,1338.88,68.35,0,145.85,142.71,Adaptive,Low Efficiency
2720,2024-02-20 04:34:00,FL6760,7.71,Hazardous,Low,Arrival,T2,30,159.14,25.06,47,6,Crane,77.93,65.0,48,13.15,0,Fog,3633.67,1124.06,36.58,0,126.43,125.49,Optimized,Low Efficiency
2721,2024-12-04 16:06:00,FL4771,108.33,Express,High,Arrival,T3,1,93.0,12.8,14,10,Conveyor,72.01,30.97,39,42.13,0,Rain,2148.35,1387.67,52.18,0,117.7,40.26,Baseline,Low Efficiency
2722,2024-07-24 13:40:00,FL1674,95.07,General,High,Arrival,T4,10,94.07,27.61,17,10,Crane,41.55,73.72,18,41.8,1,Rain,2901.35,1440.62,85.76,0,86.26,131.64,Baseline,Low Efficiency
2723,2024-08-14 05:50:00,FL8622,94.74,Express,Critical,Arrival,T1,38,171.13,103.23,6,10,Conveyor,97.44,76.01,92,74.73,0,Clear,1520.01,582.83,41.66,0,85.53,135.61,Baseline,Low Efficiency
2724,2024-08-26 07:59:00,FL9392,57.67,Express,Low,Arrival,T2,47,71.23,96.66,5,10,Conveyor,74.21,78.75,52,41.46,1,Rain,1277.56,377.08,26.88,0,95.49,21.43,Optimized,Low Efficiency
2725,2024-03-03 21:41:00,FL6511,50.77,General,Low,Departure,T4,15,163.52,55.84,26,3,Crane,92.47,68.9,2,29.94,1,Storm,4875.76,639.64,40.61,0,147.65,83.01,Optimized,Low Efficiency
2726,2024-11-28 14:13:00,FL7981,39.84,Perishable,Medium,Departure,T1,9,175.88,105.95,37,13,Conveyor,84.08,61.67,36,55.02,0,Fog,2934.23,1454.51,23.37,0,14.72,24.97,Baseline,Low Efficiency
2727,2024-01-06 19:16:00,FL8391,12.55,General,High,Departure,T3,13,58.67,31.76,20,10,Forklift,60.45,89.89,48,58.24,1,Clear,2573.65,367.97,40.43,0,75.98,84.64,Baseline,Low Efficiency
2728,2024-09-25 15:19:00,FL8660,31.25,Hazardous,High,Arrival,T2,23,102.25,72.18,46,3,Conveyor,94.07,83.71,88,72.9,0,Fog,3387.08,927.55,14.79,0,39.58,128.2,Optimized,Low Efficiency
2729,2024-05-26 02:58:00,FL8086,33.36,General,Low,Arrival,T2,33,105.5,21.44,33,3,Crane,87.43,72.87,35,81.04,0,Storm,1505.54,217.95,16.86,0,94.96,97.73,Adaptive,Low Efficiency
2730,2024-07-31 07:59:00,FL7700,60.67,Perishable,Low,Departure,T3,9,158.59,100.84,14,13,Loader,65.79,33.22,70,80.1,1,Storm,4198.88,1265.48,104.43,0,91.76,18.81,Baseline,Low Efficiency
2731,2024-08-09 07:12:00,FL7021,90.96,Express,Medium,Arrival,T2,3,68.63,20.02,43,4,Crane,90.43,78.58,81,56.41,1,Storm,1617.06,1035.49,29.61,0,140.95,11.38,Optimized,Low Efficiency
2732,2024-06-25 15:27:00,FL9151,59.49,Express,Medium,Arrival,T1,30,147.69,8.66,11,9,Loader,56.29,69.07,94,47.19,0,Clear,2941.38,830.95,102.82,1,58.66,23.2,Baseline,Low Efficiency
2733,2024-12-03 19:42:00,FL6194,11.65,Hazardous,Critical,Arrival,T1,9,175.36,36.45,5,13,Loader,80.24,78.54,72,72.11,1,Fog,1072.31,981.99,119.55,0,118.85,137.22,Adaptive,Low Efficiency
2734,2024-09-25 04:02:00,FL5473,115.15,Hazardous,Medium,Departure,T3,25,154.45,108.61,30,8,Conveyor,46.87,51.8,42,27.61,0,Rain,3085.55,263.87,52.95,0,111.48,147.94,Adaptive,Low Efficiency
2735,2024-12-25 06:06:00,FL7264,113.41,Hazardous,High,Departure,T2,47,165.46,19.89,49,12,Conveyor,91.95,84.39,74,68.21,0,Fog,2673.3,1306.02,59.26,0,71.54,77.68,Adaptive,Low Efficiency
2736,2024-05-22 07:15:00,FL1404,95.3,Express,Medium,Arrival,T4,24,133.34,43.03,9,6,Loader,83.77,59.26,80,45.55,1,Fog,1762.91,576.2,41.46,0,83.78,59.99,Optimized,Low Efficiency
2737,2024-06-27 11:54:00,FL3942,119.0,Hazardous,High,Departure,T2,32,164.63,41.39,39,8,Conveyor,49.15,92.61,38,11.13,0,Clear,1883.87,336.77,23.11,1,74.62,58.2,Adaptive,Low Efficiency
2738,2024-04-19 15:20:00,FL8236,67.62,General,Medium,Departure,T3,7,46.38,97.19,17,8,Forklift,41.28,37.28,26,67.76,1,Rain,544.15,120.71,80.06,1,140.93,69.5,Baseline,Low Efficiency
2739,2024-01-05 15:27:00,FL4830,115.72,Express,High,Arrival,T4,36,133.98,53.48,31,1,Crane,63.39,63.92,31,58.36,0,Rain,622.92,184.98,103.28,1,25.71,65.34,Adaptive,Low Efficiency
2740,2024-10-25 13:54:00,FL5351,13.69,Perishable,Low,Arrival,T1,25,137.1,75.33,16,9,Conveyor,80.52,44.4,52,7.42,1,Fog,3203.86,1040.3,83.63,1,92.84,117.41,Baseline,Low Efficiency
2741,2024-01-18 09:51:00,FL2243,47.05,Express,Medium,Departure,T1,20,90.27,51.5,34,1,Loader,56.99,61.74,60,40.53,0,Storm,3732.69,1105.85,22.03,0,63.71,83.95,Baseline,Low Efficiency
2742,2024-06-18 15:55:00,FL6883,30.92,General,Low,Departure,T4,17,32.76,68.42,36,11,Loader,98.4,54.76,8,43.78,0,Fog,2961.06,308.42,76.74,0,23.31,22.1,Baseline,Moderate Efficiency
2743,2024-09-09 06:11:00,FL2350,27.52,General,Medium,Arrival,T4,36,119.59,12.18,35,2,Crane,96.08,86.24,61,58.82,0,Clear,868.6,948.0,80.32,0,44.18,22.3,Baseline,Low Efficiency
2744,2024-01-07 23:40:00,FL5825,21.19,Hazardous,Medium,Arrival,T3,26,28.3,48.01,9,9,Conveyor,75.88,41.7,35,61.06,1,Storm,4733.92,776.22,85.87,0,95.9,25.56,Baseline,Moderate Efficiency
2745,2024-08-31 22:51:00,FL9220,76.58,Express,Low,Arrival,T2,19,81.18,103.34,41,7,Conveyor,58.94,71.91,34,17.15,0,Clear,3710.44,1412.06,17.64,0,114.79,64.49,Adaptive,Low Efficiency
2746,2024-01-02 01:33:00,FL9401,94.85,Express,Critical,Departure,T1,37,82.99,84.47,6,10,Loader,93.78,58.45,10,3.03,0,Storm,1568.19,1031.28,86.79,0,81.6,47.69,Optimized,Low Efficiency
2747,2024-09-30 23:52:00,FL9956,71.5,Express,Low,Departure,T2,48,179.83,117.91,42,1,Crane,88.21,66.27,40,71.47,1,Storm,3521.69,828.46,76.51,1,81.09,61.83,Adaptive,Low Efficiency
2748,2024-08-11 22:08:00,FL2280,21.9,Perishable,High,Arrival,T1,3,67.97,95.61,11,3,Loader,45.17,80.01,52,88.34,0,Storm,1001.56,497.29,105.49,0,100.22,23.11,Adaptive,Low Efficiency
2749,2024-03-16 16:38:00,FL5528,98.28,Hazardous,Critical,Arrival,T2,43,151.27,56.92,5,14,Crane,68.58,55.0,12,84.66,0,Rain,4007.25,746.51,28.17,1,30.82,136.95,Optimized,Low Efficiency
2750,2024-05-29 10:01:00,FL4731,78.13,General,Low,Arrival,T1,28,28.51,82.77,7,1,Conveyor,98.87,55.69,27,45.07,0,Storm,2664.16,445.94,16.83,0,35.08,125.95,Adaptive,Low Efficiency
2751,2024-06-22 10:16:00,FL2612,49.64,General,High,Arrival,T2,22,104.76,94.23,24,5,Conveyor,67.23,35.38,19,47.6,1,Rain,2342.16,1049.74,99.42,0,144.3,88.32,Optimized,Low Efficiency
2752,2024-11-01 16:48:00,FL2942,82.52,Hazardous,Low,Departure,T3,47,105.87,36.01,6,4,Crane,95.97,68.64,57,83.75,1,Clear,541.16,931.72,21.32,0,144.77,89.96,Baseline,Low Efficiency
2753,2024-12-24 06:49:00,FL2168,34.89,General,Low,Arrival,T1,19,120.6,11.9,46,8,Loader,98.64,59.18,90,48.97,0,Storm,3436.14,514.79,51.82,0,118.65,80.58,Adaptive,Low Efficiency
2754,2024-02-13 14:44:00,FL6902,44.7,General,Medium,Arrival,T3,46,149.6,51.67,47,9,Loader,63.24,86.86,54,24.99,0,Storm,4230.51,116.9,105.58,0,120.67,41.96,Baseline,Low Efficiency
2755,2024-04-13 16:09:00,FL1627,110.51,Hazardous,Critical,Departure,T1,16,141.91,21.64,25,12,Loader,97.87,60.75,15,60.98,0,Storm,1797.34,1475.9,40.61,1,23.04,101.61,Baseline,Low Efficiency
2756,2024-07-22 18:18:00,FL9946,38.41,General,Low,Arrival,T1,6,141.76,36.88,49,4,Crane,48.28,97.96,95,42.95,0,Clear,552.96,174.19,58.59,0,61.89,22.84,Optimized,Low Efficiency
2757,2024-03-08 17:45:00,FL4281,59.05,Express,Medium,Departure,T1,37,89.17,113.89,36,3,Crane,49.61,42.02,37,70.65,0,Fog,3988.92,865.82,77.56,0,73.61,91.83,Adaptive,Low Efficiency
2758,2024-02-01 23:12:00,FL6468,107.37,Perishable,Medium,Departure,T2,31,136.4,102.41,24,14,Loader,56.59,48.69,61,70.5,0,Fog,3360.49,1292.82,80.31,0,30.06,71.62,Baseline,Low Efficiency
2759,2024-06-17 13:16:00,FL4221,86.39,Hazardous,Critical,Departure,T1,49,98.61,73.13,47,4,Loader,68.05,57.43,18,84.24,1,Clear,3996.0,969.51,75.35,0,13.41,18.09,Baseline,Low Efficiency
2760,2024-10-27 18:41:00,FL6394,12.15,Perishable,Low,Arrival,T3,48,30.71,51.14,35,3,Crane,50.86,41.93,93,12.4,1,Clear,2922.42,921.7,16.67,0,41.0,70.55,Baseline,Low Efficiency
2761,2024-09-28 05:46:00,FL5096,21.94,General,High,Departure,T2,34,162.43,35.4,47,6,Crane,60.41,98.06,44,46.92,1,Clear,2574.25,1101.14,95.63,0,145.31,92.79,Optimized,Low Efficiency
2762,2024-11-29 20:08:00,FL5959,5.9,General,High,Arrival,T2,31,162.43,70.72,37,1,Loader,46.22,74.87,91,70.73,1,Fog,1487.12,531.38,97.45,0,139.74,21.14,Optimized,Low Efficiency
2763,2024-03-02 19:46:00,FL5496,77.56,Express,High,Departure,T1,11,71.66,66.31,28,2,Loader,65.8,30.78,84,39.14,0,Rain,854.77,645.5,21.47,0,42.62,51.78,Baseline,Low Efficiency
2764,2024-03-10 14:19:00,FL4123,56.48,Hazardous,Critical,Departure,T4,36,166.22,94.79,22,8,Conveyor,89.65,70.5,21,56.42,0,Clear,2621.51,218.33,91.36,0,141.59,38.35,Adaptive,Low Efficiency
2765,2024-04-07 05:19:00,FL3258,20.44,General,High,Departure,T2,6,141.28,111.72,24,3,Forklift,75.7,84.69,29,73.53,0,Fog,4407.79,106.58,65.43,0,57.66,13.33,Optimized,Low Efficiency
2766,2024-10-14 03:47:00,FL9898,115.16,Hazardous,Low,Arrival,T1,27,84.13,42.83,36,4,Crane,88.61,33.59,15,42.6,1,Rain,767.06,470.38,11.39,1,115.99,21.45,Baseline,Low Efficiency
2767,2024-02-24 11:45:00,FL5278,65.91,Hazardous,Medium,Arrival,T3,7,73.04,28.72,9,12,Forklift,48.14,70.45,86,36.75,0,Storm,4950.93,1239.92,86.36,0,62.86,36.47,Baseline,Low Efficiency
2768,2024-02-15 08:28:00,FL1139,32.82,Hazardous,Medium,Departure,T4,49,176.02,51.32,6,1,Crane,63.97,56.2,87,16.25,1,Storm,4761.46,956.24,60.69,0,16.65,93.99,Optimized,Low Efficiency
2769,2024-11-12 17:52:00,FL5906,62.57,Hazardous,Medium,Arrival,T2,32,134.02,55.32,30,3,Conveyor,42.36,70.7,68,74.21,1,Clear,3383.32,295.18,23.93,1,145.16,142.05,Baseline,Low Efficiency
2770,2024-04-05 04:17:00,FL5617,83.16,Hazardous,Medium,Departure,T4,8,80.61,9.59,29,1,Crane,62.2,47.68,88,71.62,1,Rain,4613.95,697.05,29.34,1,47.98,101.97,Adaptive,Low Efficiency
2771,2024-06-21 09:53:00,FL6679,13.77,Perishable,Medium,Departure,T2,33,122.72,104.1,26,11,Crane,76.87,76.62,64,66.88,1,Fog,2990.88,127.34,93.35,0,17.47,147.26,Optimized,Low Efficiency
2772,2024-07-31 09:24:00,FL7616,36.59,Express,Medium,Departure,T4,47,111.44,119.49,43,10,Forklift,74.13,76.99,14,35.4,0,Storm,2320.63,1223.17,113.98,0,149.08,145.49,Optimized,Low Efficiency
2773,2024-07-09 01:08:00,FL7647,97.8,Hazardous,Critical,Departure,T4,44,103.93,111.17,26,5,Conveyor,43.62,67.77,37,52.49,1,Storm,3072.61,745.48,28.04,0,99.67,82.88,Adaptive,Low Efficiency
2774,2024-08-17 09:10:00,FL1194,57.86,Perishable,Low,Arrival,T3,15,123.15,103.98,15,1,Conveyor,43.72,94.66,54,11.16,1,Fog,4444.5,487.65,54.26,0,72.39,41.07,Baseline,Low Efficiency
2775,2024-10-13 03:20:00,FL8733,67.86,General,Critical,Departure,T4,27,106.02,119.15,15,12,Conveyor,58.3,93.66,59,28.76,1,Storm,4808.84,1175.39,45.16,0,125.46,137.83,Optimized,Low Efficiency
2776,2024-08-25 13:39:00,FL9399,54.77,Hazardous,Medium,Arrival,T3,30,124.77,109.4,49,9,Conveyor,86.28,33.33,59,39.2,0,Storm,4271.39,1458.49,74.55,0,110.74,84.95,Adaptive,Low Efficiency
2777,2024-08-19 14:27:00,FL3445,10.05,General,High,Departure,T1,22,165.21,84.16,8,7,Crane,41.23,50.29,85,3.92,1,Clear,1308.57,664.5,31.48,1,69.81,31.26,Adaptive,Low Efficiency
2778,2024-11-25 16:31:00,FL7512,24.06,Hazardous,High,Departure,T2,47,178.92,24.18,37,11,Forklift,76.96,55.5,55,9.32,0,Rain,3162.82,1171.61,73.69,0,30.76,63.0,Baseline,Low Efficiency
2779,2024-07-17 00:46:00,FL4728,56.24,Perishable,Medium,Departure,T3,29,133.49,22.98,22,8,Conveyor,51.02,33.87,43,74.68,1,Rain,2501.4,549.78,101.43,0,102.81,56.74,Optimized,Low Efficiency
2780,2024-06-19 02:39:00,FL4717,29.06,Perishable,Medium,Departure,T2,41,168.45,10.61,35,9,Loader,96.66,66.65,52,87.41,0,Rain,2665.69,1161.24,80.52,0,134.33,60.43,Optimized,Low Efficiency
2781,2024-02-24 09:15:00,FL4438,10.75,Perishable,Medium,Departure,T3,48,157.35,52.36,48,10,Conveyor,65.81,31.72,39,28.98,1,Rain,2427.07,1451.15,31.37,0,82.23,23.9,Adaptive,Low Efficiency
2782,2024-05-27 14:39:00,FL8773,102.02,Express,Medium,Arrival,T2,30,67.21,98.01,32,8,Forklift,42.87,77.46,77,9.61,0,Fog,804.01,1010.49,92.39,0,88.26,74.61,Adaptive,Low Efficiency
2783,2024-04-09 02:43:00,FL4829,117.84,General,Critical,Arrival,T3,2,169.27,61.38,46,3,Forklift,82.82,30.19,19,84.19,1,Rain,4306.56,434.52,60.62,1,128.36,83.65,Optimized,Low Efficiency
2784,2024-03-20 08:26:00,FL9451,96.21,Express,High,Departure,T2,15,31.33,47.13,26,7,Forklift,69.08,32.24,56,82.29,0,Clear,4902.65,1066.18,22.42,0,142.31,132.7,Baseline,Low Efficiency
2785,2024-04-23 03:59:00,FL8679,103.19,Hazardous,Low,Arrival,T1,47,72.79,17.56,44,7,Forklift,92.87,88.36,90,58.92,1,Fog,1443.8,1282.45,45.98,0,85.92,19.0,Baseline,Low Efficiency
2786,2024-03-17 22:30:00,FL8559,32.83,General,Low,Arrival,T2,27,122.39,10.95,7,14,Loader,79.11,47.68,36,30.47,0,Clear,3298.8,665.2,36.56,0,16.36,123.51,Baseline,Low Efficiency
2787,2024-04-29 16:39:00,FL6581,115.47,Perishable,Medium,Departure,T1,7,104.31,50.91,11,7,Conveyor,81.55,35.69,52,10.13,1,Storm,2914.56,970.81,102.78,0,31.33,97.97,Adaptive,Low Efficiency
2788,2024-11-23 08:44:00,FL2406,27.65,General,Low,Departure,T1,27,106.79,16.49,24,12,Crane,86.04,57.96,44,84.55,0,Rain,4534.23,453.57,34.96,0,142.94,145.33,Adaptive,Low Efficiency
2789,2024-12-05 08:54:00,FL6129,114.41,Perishable,High,Departure,T1,21,147.18,16.91,47,8,Crane,65.22,33.57,46,82.83,1,Rain,3668.46,736.39,66.31,0,126.62,125.97,Baseline,Low Efficiency
2790,2024-08-16 16:07:00,FL4077,119.4,Express,Low,Departure,T4,13,51.15,50.47,11,4,Loader,87.55,82.53,97,66.89,0,Fog,3873.48,332.17,81.75,0,98.86,73.13,Optimized,Moderate Efficiency
2791,2024-10-23 00:19:00,FL8025,86.85,Express,Medium,Arrival,T2,17,177.13,62.83,11,11,Conveyor,43.04,64.59,40,84.05,1,Rain,4783.57,1269.75,16.19,0,75.65,119.1,Adaptive,Low Efficiency
2792,2024-03-28 22:01:00,FL7843,117.83,Perishable,Low,Arrival,T4,11,89.99,26.47,33,6,Conveyor,85.93,68.64,80,12.58,1,Clear,3485.64,235.39,25.5,1,67.52,139.18,Adaptive,Low Efficiency
2793,2024-09-17 21:31:00,FL4433,70.5,Perishable,Medium,Arrival,T4,10,171.97,83.73,30,2,Crane,78.18,82.71,53,9.83,1,Fog,2541.01,178.18,96.58,0,16.18,79.44,Optimized,Low Efficiency
2794,2024-05-31 04:42:00,FL8187,34.85,Hazardous,High,Arrival,T2,33,81.3,53.15,45,7,Loader,74.0,84.91,57,17.28,0,Rain,733.58,848.16,47.83,0,131.66,47.27,Adaptive,Low Efficiency
2795,2024-11-25 01:49:00,FL8372,55.25,Express,Medium,Departure,T1,14,116.29,15.57,7,9,Crane,59.09,39.54,19,19.39,1,Clear,4578.64,915.47,87.22,1,62.32,66.65,Adaptive,Low Efficiency
2796,2024-08-12 12:04:00,FL1493,73.26,Express,Critical,Departure,T4,37,92.05,78.26,47,5,Loader,46.85,49.62,78,74.45,0,Storm,3153.77,1385.57,93.52,1,82.65,69.2,Baseline,Low Efficiency
2797,2024-12-03 09:34:00,FL7139,13.4,Hazardous,Critical,Departure,T4,8,128.15,46.05,21,4,Forklift,78.83,42.3,44,82.96,1,Rain,3570.42,384.6,80.7,0,85.33,94.22,Baseline,Low Efficiency
2798,2024-07-11 23:20:00,FL3276,76.57,Express,Medium,Departure,T3,33,49.38,11.02,44,2,Conveyor,68.3,33.78,94,19.4,0,Rain,2773.84,1189.2,73.99,0,127.41,69.67,Optimized,Moderate Efficiency
2799,2024-03-28 07:38:00,FL3102,117.84,Perishable,Low,Arrival,T2,7,84.1,114.02,24,7,Conveyor,53.07,67.63,95,41.64,0,Rain,2271.3,1001.7,64.45,0,37.59,94.02,Baseline,Low Efficiency
2800,2024-03-06 20:13:00,FL6006,26.86,General,High,Arrival,T4,34,30.94,70.69,38,2,Conveyor,42.6,47.49,20,40.9,0,Storm,2767.49,1138.34,53.23,1,76.5,14.64,Adaptive,Low Efficiency
2801,2024-04-24 18:31:00,FL1158,96.15,General,Critical,Departure,T2,7,115.7,59.94,37,2,Conveyor,72.33,40.78,44,16.01,0,Rain,718.27,320.43,26.44,1,143.84,62.73,Baseline,Low Efficiency
2802,2024-08-09 12:32:00,FL9188,109.41,Express,High,Arrival,T2,7,174.03,103.8,20,9,Conveyor,47.58,65.71,43,76.8,0,Storm,4090.61,725.04,117.02,0,109.39,103.55,Baseline,Low Efficiency
2803,2024-01-30 08:48:00,FL6810,113.53,Hazardous,Low,Arrival,T4,41,27.35,112.73,27,2,Conveyor,95.77,74.38,7,47.02,0,Clear,1210.87,598.51,80.61,0,65.84,25.59,Adaptive,Moderate Efficiency
2804,2024-06-05 13:45:00,FL6567,115.42,Perishable,Critical,Departure,T2,36,125.54,30.34,8,10,Forklift,49.04,84.05,42,50.96,0,Fog,1996.98,1079.38,31.37,0,98.51,40.09,Adaptive,Low Efficiency
2805,2024-08-26 16:36:00,FL4694,64.97,General,Low,Arrival,T1,7,144.02,98.17,45,3,Conveyor,41.92,31.22,62,23.26,1,Clear,891.48,930.95,102.01,0,92.32,112.33,Adaptive,Low Efficiency
2806,2024-04-18 00:08:00,FL7867,117.39,Perishable,High,Departure,T4,20,54.1,100.57,44,3,Forklift,55.72,66.84,2,50.32,1,Clear,4189.76,1454.55,100.47,0,86.32,102.56,Baseline,Low Efficiency
2807,2024-03-07 10:03:00,FL7974,92.09,Express,Critical,Arrival,T4,18,63.69,11.26,37,2,Conveyor,50.5,48.69,86,71.33,0,Fog,1257.55,294.24,92.83,0,84.84,58.4,Baseline,Low Efficiency
2808,2024-06-29 17:56:00,FL7608,23.59,Express,Low,Arrival,T4,45,52.25,86.87,12,10,Conveyor,87.47,99.41,77,27.44,0,Fog,2295.14,763.01,22.73,0,110.54,148.93,Baseline,Low Efficiency
2809,2024-09-16 01:03:00,FL9808,59.84,General,Critical,Departure,T3,43,67.59,12.24,9,3,Loader,57.36,40.99,46,10.2,0,Rain,2369.65,1071.39,11.97,0,133.47,53.51,Optimized,Low Efficiency
2810,2024-10-15 12:52:00,FL5909,87.61,Express,Medium,Departure,T3,41,37.61,73.39,37,9,Conveyor,54.71,60.65,38,52.56,0,Storm,1923.92,616.3,87.9,1,67.54,44.61,Baseline,Low Efficiency
2811,2024-02-05 15:28:00,FL6342,33.44,Hazardous,Critical,Departure,T3,14,79.26,81.96,29,11,Crane,99.69,97.9,95,57.22,0,Rain,4370.56,1392.47,32.5,1,146.52,57.75,Optimized,Low Efficiency
2812,2024-08-05 14:37:00,FL1380,78.67,Express,Low,Arrival,T3,40,79.03,47.21,11,11,Loader,49.0,44.92,1,18.19,0,Clear,3973.02,1293.58,102.48,0,66.41,115.13,Adaptive,Low Efficiency
2813,2024-07-08 10:44:00,FL1527,81.66,Express,Critical,Departure,T4,14,149.16,106.29,11,11,Loader,45.1,86.48,47,22.35,0,Storm,3846.55,1322.1,84.0,0,104.76,22.93,Adaptive,Low Efficiency
2814,2024-05-06 14:33:00,FL3279,23.71,Express,Low,Arrival,T1,21,148.15,97.06,37,3,Loader,58.34,47.01,13,13.78,0,Rain,1513.03,952.66,51.18,0,47.83,50.27,Optimized,Low Efficiency
2815,2024-01-23 15:11:00,FL3518,69.98,Perishable,High,Departure,T2,49,147.48,111.49,45,5,Crane,64.31,35.27,60,82.92,0,Fog,1352.84,760.36,63.63,0,114.66,95.11,Adaptive,Low Efficiency
2816,2024-10-21 11:15:00,FL6410,93.74,Perishable,Medium,Arrival,T2,27,110.73,41.21,37,12,Forklift,85.63,32.99,81,19.17,0,Fog,1609.67,615.07,65.3,0,64.36,131.08,Adaptive,Low Efficiency
2817,2024-11-25 06:47:00,FL7404,62.37,General,Medium,Departure,T4,46,72.14,7.48,33,7,Loader,97.33,96.41,64,0.96,0,Rain,2237.73,267.57,51.68,0,63.5,71.09,Optimized,Low Efficiency
2818,2024-06-30 22:29:00,FL7247,6.39,General,Low,Departure,T1,26,85.75,98.32,48,1,Loader,85.82,44.9,68,75.61,0,Storm,2654.4,1427.53,29.73,0,38.23,63.28,Optimized,Low Efficiency
2819,2024-03-09 23:26:00,FL4345,6.04,General,High,Arrival,T2,27,70.84,30.64,43,14,Loader,83.6,50.44,55,72.29,0,Clear,1625.78,469.08,119.38,0,19.78,59.11,Baseline,Moderate Efficiency
2820,2024-12-02 10:47:00,FL7400,46.06,Express,Low,Arrival,T1,24,113.11,58.72,45,1,Conveyor,99.49,97.68,31,41.09,1,Storm,2559.93,1222.91,92.41,0,58.87,17.43,Baseline,Low Efficiency
2821,2024-03-15 04:57:00,FL2043,111.51,Perishable,Medium,Departure,T4,5,170.08,98.99,36,10,Forklift,85.92,76.02,97,71.74,0,Rain,1329.72,116.66,27.21,1,93.98,141.35,Optimized,Low Efficiency
2822,2024-04-11 19:03:00,FL9757,31.3,Hazardous,Low,Arrival,T3,42,65.52,29.86,41,13,Crane,48.37,64.17,14,40.47,0,Fog,1710.28,634.1,13.8,0,16.43,16.19,Optimized,Low Efficiency
2823,2024-03-29 10:32:00,FL7331,77.95,Express,Critical,Departure,T1,38,93.42,40.87,48,2,Crane,67.69,60.48,85,20.21,0,Fog,1673.34,899.55,47.88,1,36.69,88.66,Optimized,Low Efficiency
2824,2024-01-09 16:57:00,FL4085,30.54,Express,Low,Arrival,T2,28,124.82,55.49,33,1,Forklift,70.21,33.4,86,38.34,0,Clear,3772.04,540.13,70.99,0,44.31,121.09,Optimized,Low Efficiency
2825,2024-02-14 21:44:00,FL8778,41.99,Express,Low,Arrival,T2,42,155.15,36.26,26,1,Forklift,58.29,88.73,5,43.82,1,Fog,2563.23,371.45,113.17,0,36.25,129.94,Optimized,Low Efficiency
2826,2024-06-10 20:46:00,FL2779,102.52,Hazardous,Low,Departure,T2,43,60.53,58.05,6,14,Forklift,49.86,83.34,54,0.81,0,Clear,3268.48,200.03,24.56,1,24.42,35.85,Baseline,Low Efficiency
2827,2024-04-05 04:24:00,FL6387,88.82,General,Medium,Departure,T3,32,64.85,6.1,13,14,Conveyor,82.7,36.35,53,10.2,0,Clear,3511.88,1484.75,58.42,1,35.58,14.56,Optimized,Low Efficiency
2828,2024-05-24 06:37:00,FL8397,15.97,Hazardous,Low,Arrival,T1,24,161.63,29.4,33,10,Loader,56.65,54.74,37,78.73,1,Storm,808.31,1340.97,29.65,0,140.98,117.58,Adaptive,Low Efficiency
2829,2024-10-18 16:40:00,FL5991,54.3,General,Medium,Arrival,T1,6,32.84,100.74,37,4,Conveyor,77.48,91.98,96,35.32,0,Storm,4076.77,537.29,17.67,0,119.65,18.6,Baseline,Low Efficiency
2830,2024-09-28 01:21:00,FL2527,8.35,Hazardous,Critical,Arrival,T2,10,116.87,52.55,14,10,Forklift,59.36,46.55,57,29.83,0,Rain,1777.87,122.11,76.15,0,138.97,71.19,Adaptive,Low Efficiency
2831,2024-03-02 04:41:00,FL3808,60.3,Perishable,High,Arrival,T1,46,157.67,78.19,32,12,Conveyor,70.37,72.79,3,79.95,1,Rain,2793.89,856.81,21.42,0,134.6,59.69,Baseline,Low Efficiency
2832,2024-07-07 11:13:00,FL2709,81.18,Express,Medium,Departure,T2,3,167.48,31.71,43,12,Crane,60.22,64.16,77,13.91,1,Clear,2022.74,550.09,89.22,0,66.05,28.79,Adaptive,Low Efficiency
2833,2024-02-24 14:29:00,FL3910,18.63,Express,Low,Departure,T1,7,22.03,79.74,16,3,Conveyor,64.71,87.3,11,19.53,1,Rain,3981.15,262.05,70.89,0,61.7,84.37,Adaptive,Low Efficiency
2834,2024-01-16 20:59:00,FL1525,38.22,Express,High,Arrival,T3,29,79.15,120.0,26,1,Forklift,83.92,32.52,42,74.52,0,Fog,1527.15,1206.43,35.58,0,118.83,31.16,Optimized,Low Efficiency
2835,2024-02-16 22:43:00,FL9005,50.75,General,Low,Departure,T3,34,61.16,73.46,10,3,Loader,93.03,87.13,55,25.17,0,Clear,4836.94,573.44,97.39,0,136.16,103.0,Optimized,Moderate Efficiency
2836,2024-05-23 23:56:00,FL1439,110.75,Hazardous,High,Arrival,T4,7,110.89,77.26,49,1,Conveyor,70.52,39.5,38,56.99,0,Clear,2300.55,1461.99,86.96,0,115.18,121.55,Baseline,Low Efficiency
2837,2024-11-18 21:31:00,FL4058,119.22,Perishable,Low,Arrival,T4,17,121.26,17.82,44,3,Forklift,76.62,31.06,24,66.56,0,Rain,3702.36,1088.66,78.89,0,91.4,42.37,Baseline,Low Efficiency
2838,2024-04-03 18:47:00,FL4260,10.16,Hazardous,Medium,Arrival,T4,13,179.96,51.39,27,4,Conveyor,91.86,71.69,9,20.04,1,Storm,3386.51,1275.61,33.52,0,87.99,113.62,Optimized,Low Efficiency
2839,2024-03-07 23:26:00,FL2138,92.52,Express,Medium,Departure,T1,21,102.04,103.98,38,11,Crane,48.59,48.1,13,22.81,1,Clear,3841.64,970.5,87.72,0,74.9,100.5,Adaptive,Low Efficiency
2840,2024-08-29 10:15:00,FL7322,47.75,Perishable,Critical,Arrival,T3,31,108.23,100.94,46,13,Conveyor,49.73,79.65,86,46.47,0,Clear,2979.81,886.39,69.47,1,73.65,47.77,Baseline,Low Efficiency
2841,2024-03-30 05:19:00,FL5650,50.13,Perishable,Low,Departure,T3,9,86.29,65.08,42,11,Conveyor,61.55,62.88,18,71.3,0,Storm,2227.08,699.25,68.77,1,17.91,37.32,Baseline,Low Efficiency
2842,2024-02-01 02:10:00,FL4373,91.74,Express,Medium,Departure,T3,45,43.63,108.9,20,14,Loader,58.54,72.39,10,49.89,0,Storm,1308.17,216.36,23.15,0,40.16,132.43,Optimized,Low Efficiency
2843,2024-12-01 16:28:00,FL4818,110.62,Hazardous,Low,Arrival,T2,47,68.53,21.44,14,14,Conveyor,99.18,78.28,12,6.06,0,Clear,2837.49,1132.37,24.86,0,30.13,38.21,Optimized,Low Efficiency
2844,2024-02-06 20:57:00,FL5769,114.36,Express,High,Departure,T1,13,59.52,80.69,25,8,Conveyor,73.85,94.88,94,31.58,1,Rain,773.86,575.78,13.55,0,75.71,21.0,Baseline,Low Efficiency
2845,2024-05-02 07:49:00,FL9591,71.37,Hazardous,Critical,Arrival,T1,17,148.2,33.62,14,3,Crane,71.43,87.62,47,29.76,1,Clear,764.71,375.36,37.0,1,50.45,54.54,Adaptive,Low Efficiency
2846,2024-11-11 09:57:00,FL2146,46.07,Perishable,Medium,Arrival,T4,8,107.33,79.24,15,3,Crane,74.72,64.66,83,72.68,1,Clear,3260.26,260.18,64.27,0,62.96,136.64,Baseline,Low Efficiency
2847,2024-10-14 15:06:00,FL8449,95.57,Perishable,Medium,Departure,T2,9,67.39,15.05,25,13,Crane,92.51,60.66,83,26.07,1,Clear,2662.2,209.68,49.49,0,146.01,92.02,Optimized,Low Efficiency
2848,2024-12-27 06:26:00,FL1941,33.87,Express,Critical,Arrival,T2,9,98.25,113.52,29,9,Loader,54.61,75.83,10,81.11,1,Rain,2777.47,765.58,88.42,1,117.01,110.55,Baseline,Low Efficiency
2849,2024-01-22 11:14:00,FL7039,69.87,Perishable,Medium,Departure,T3,40,55.02,95.43,38,11,Crane,70.66,81.35,1,30.15,0,Storm,1934.12,1271.78,54.83,0,29.55,40.63,Baseline,Low Efficiency
2850,2024-10-05 16:40:00,FL9495,46.24,General,Medium,Departure,T4,48,49.62,28.11,35,9,Crane,56.26,42.09,57,17.47,1,Clear,4057.55,280.2,20.26,0,123.27,79.14,Adaptive,Low Efficiency
2851,2024-11-06 16:29:00,FL1180,80.51,Perishable,Medium,Departure,T1,30,157.59,78.29,31,6,Conveyor,86.83,32.28,71,48.59,0,Storm,1405.33,820.63,89.71,0,71.91,120.74,Baseline,Low Efficiency
2852,2024-05-05 20:01:00,FL3815,32.65,General,High,Arrival,T2,7,171.17,92.3,29,10,Conveyor,86.63,61.83,11,34.77,0,Clear,3137.58,630.75,30.26,0,129.62,61.77,Adaptive,Low Efficiency
2853,2024-09-14 17:36:00,FL6353,27.03,Perishable,Low,Departure,T3,17,32.8,29.09,46,4,Loader,97.45,36.96,53,58.28,0,Rain,4372.15,855.88,44.65,0,116.36,110.27,Optimized,Moderate Efficiency
2854,2024-06-05 08:26:00,FL7731,110.6,Express,High,Arrival,T1,39,142.38,15.73,36,10,Crane,66.81,49.09,4,82.41,0,Clear,4253.32,181.25,65.07,0,82.61,91.65,Optimized,Low Efficiency
2855,2024-05-16 06:42:00,FL7407,16.71,Express,Medium,Arrival,T3,38,92.53,45.45,48,5,Forklift,49.52,70.93,61,84.67,0,Clear,628.83,849.19,70.96,0,110.75,56.95,Baseline,Low Efficiency
2856,2024-07-19 05:39:00,FL3572,63.19,General,Low,Departure,T1,5,82.24,20.61,15,13,Conveyor,93.78,40.6,85,20.46,1,Storm,1755.44,869.95,42.45,1,141.2,67.91,Optimized,Low Efficiency
2857,2024-07-22 18:48:00,FL2814,30.4,Express,High,Departure,T3,17,130.31,70.06,30,9,Forklift,93.44,31.99,86,14.6,1,Clear,3716.3,1318.12,60.68,0,85.37,113.08,Optimized,Low Efficiency
2858,2024-11-20 18:36:00,FL3115,9.48,Perishable,Medium,Arrival,T1,40,62.6,53.77,40,1,Forklift,54.08,68.82,10,84.6,0,Clear,3833.35,379.31,17.34,0,30.86,114.83,Baseline,Low Efficiency
2859,2024-04-18 05:31:00,FL9789,9.14,Perishable,Low,Departure,T4,1,23.29,58.18,41,7,Crane,56.58,62.64,87,73.12,1,Clear,2672.35,1240.64,27.61,1,89.56,134.8,Baseline,Low Efficiency
2860,2024-01-26 05:32:00,FL7855,25.15,Express,High,Departure,T1,16,54.24,67.43,37,11,Forklift,58.8,51.44,5,23.55,0,Storm,1411.15,1151.99,75.89,0,16.57,85.45,Baseline,Low Efficiency
2861,2024-06-27 23:24:00,FL8835,104.68,Perishable,Critical,Departure,T1,17,49.59,117.94,37,7,Loader,67.11,62.82,61,72.45,0,Fog,1755.5,1380.25,10.5,0,73.53,72.14,Optimized,Low Efficiency
2862,2024-08-02 21:20:00,FL2126,37.49,Hazardous,Critical,Arrival,T1,30,25.45,96.15,46,10,Loader,89.74,77.85,76,66.69,0,Storm,4104.31,1378.11,30.24,1,41.23,119.34,Adaptive,Low Efficiency
2863,2024-12-29 06:45:00,FL7373,114.3,Hazardous,Critical,Departure,T3,31,71.41,77.39,40,1,Conveyor,48.66,37.63,30,22.82,0,Clear,1364.72,1172.6,79.12,0,100.37,64.03,Optimized,Low Efficiency
2864,2024-10-27 00:05:00,FL4382,71.89,Perishable,Critical,Arrival,T2,35,95.92,46.83,17,14,Forklift,82.02,47.9,57,81.52,0,Fog,4740.41,1395.36,35.55,1,65.9,93.05,Optimized,Low Efficiency
2865,2024-12-14 19:40:00,FL3128,55.21,Express,Low,Arrival,T1,45,137.73,8.11,18,1,Loader,61.17,85.65,33,28.96,1,Storm,2753.91,462.54,99.97,1,82.05,116.45,Adaptive,Low Efficiency
2866,2024-02-14 09:41:00,FL4369,71.71,General,Medium,Departure,T1,8,72.11,18.4,41,14,Loader,51.74,76.91,37,43.22,1,Storm,1775.39,317.88,53.18,0,134.84,139.5,Adaptive,Low Efficiency
2867,2024-03-04 21:02:00,FL6075,64.42,Express,High,Departure,T4,48,51.13,89.05,47,9,Forklift,60.31,48.64,82,54.83,0,Fog,2253.27,492.52,88.56,1,74.32,134.43,Adaptive,Low Efficiency
2868,2024-07-22 17:26:00,FL8081,92.26,General,Medium,Arrival,T1,30,56.9,47.46,44,7,Loader,72.0,57.87,68,17.21,1,Fog,1654.31,1275.82,107.36,0,149.63,102.49,Adaptive,Moderate Efficiency
2869,2024-10-05 21:40:00,FL8778,37.49,Express,High,Arrival,T4,39,162.59,43.46,5,4,Forklift,95.28,38.38,91,55.02,0,Fog,2229.51,538.93,59.3,0,29.11,12.87,Optimized,Low Efficiency
2870,2024-04-09 22:22:00,FL3601,45.6,Perishable,High,Departure,T1,21,52.76,107.23,9,9,Loader,77.7,47.72,23,63.56,0,Fog,1088.58,1246.11,84.25,0,130.03,113.39,Adaptive,Low Efficiency
2871,2024-11-01 06:39:00,FL6084,107.82,Hazardous,Medium,Arrival,T3,15,160.68,60.72,34,12,Forklift,76.42,88.88,70,9.14,1,Rain,4204.23,620.76,102.77,1,60.87,56.37,Optimized,Low Efficiency
2872,2024-05-25 05:46:00,FL4325,113.84,Express,Critical,Departure,T2,34,91.54,108.45,22,5,Loader,46.52,60.83,7,34.14,0,Rain,4836.45,1219.31,37.1,0,121.35,126.69,Optimized,Low Efficiency
2873,2024-06-30 10:10:00,FL9232,107.64,General,Medium,Arrival,T2,27,169.5,106.96,49,3,Loader,44.79,74.82,19,55.09,0,Rain,3466.13,1286.04,107.37,0,79.83,13.75,Baseline,Low Efficiency
2874,2024-01-15 05:18:00,FL8519,53.24,Hazardous,Medium,Departure,T2,2,85.29,14.22,41,2,Loader,47.77,41.18,15,83.36,0,Fog,4138.61,1049.02,104.63,1,83.24,25.86,Baseline,Low Efficiency
2875,2024-10-05 12:38:00,FL5512,94.74,General,Critical,Arrival,T3,10,48.43,113.72,43,9,Crane,45.73,42.83,86,80.19,0,Clear,1526.36,1471.41,16.65,0,84.61,106.57,Adaptive,Low Efficiency
2876,2024-09-18 11:56:00,FL4304,59.78,Perishable,Medium,Departure,T4,5,107.84,13.85,16,4,Crane,74.58,95.86,32,15.27,0,Clear,782.39,1122.45,61.82,0,43.83,47.22,Optimized,Low Efficiency
2877,2024-12-15 07:05:00,FL1121,62.22,Hazardous,Low,Departure,T2,27,114.03,115.8,38,7,Loader,67.16,88.9,79,54.95,1,Clear,3322.0,443.19,22.23,1,17.47,54.5,Baseline,Low Efficiency
2878,2024-12-18 22:23:00,FL3337,28.54,General,Medium,Arrival,T3,4,121.68,57.05,49,1,Crane,40.3,85.32,59,8.82,1,Storm,4179.11,1478.18,107.48,1,101.47,66.03,Adaptive,Low Efficiency
2879,2024-09-07 12:25:00,FL8302,72.98,Express,High,Departure,T3,47,85.84,92.5,18,9,Forklift,61.06,53.07,70,26.45,1,Clear,4254.54,1057.34,36.36,0,13.59,36.62,Adaptive,Low Efficiency
2880,2024-08-22 04:26:00,FL2048,26.41,Perishable,High,Arrival,T1,13,27.78,86.21,42,12,Crane,47.64,69.39,70,53.75,0,Rain,2897.44,710.03,50.81,0,111.71,130.33,Baseline,Low Efficiency
2881,2024-10-09 19:27:00,FL7541,43.13,Perishable,High,Arrival,T4,17,120.28,64.63,20,9,Conveyor,99.29,64.46,6,7.32,0,Fog,3299.45,788.7,113.18,0,55.31,22.36,Optimized,Moderate Efficiency
2882,2024-07-15 22:12:00,FL5044,103.33,Perishable,High,Arrival,T3,21,169.28,76.24,46,10,Conveyor,67.61,96.94,76,80.0,0,Storm,2157.13,1172.57,71.83,0,65.45,33.82,Baseline,Low Efficiency
2883,2024-05-10 22:30:00,FL9615,28.81,Express,Low,Arrival,T4,23,173.21,114.24,15,6,Loader,65.57,46.77,66,74.61,0,Rain,4238.01,1154.53,111.98,0,115.4,63.39,Adaptive,Low Efficiency
2884,2024-01-19 23:29:00,FL6388,13.18,Express,Critical,Departure,T2,33,115.5,111.65,37,6,Crane,78.65,96.31,89,42.61,1,Clear,3639.23,1277.55,60.77,0,31.13,62.61,Adaptive,Low Efficiency
2885,2024-08-20 04:47:00,FL9043,12.94,Hazardous,Critical,Arrival,T2,15,23.18,80.25,19,14,Conveyor,61.43,79.48,4,44.26,0,Fog,1336.42,437.0,118.11,0,100.93,17.26,Baseline,Moderate Efficiency
2886,2024-06-08 11:39:00,FL8539,113.19,Express,Low,Arrival,T2,14,36.97,80.64,46,6,Loader,82.93,58.96,70,79.32,0,Clear,1757.47,1427.29,115.08,1,90.17,57.38,Baseline,Moderate Efficiency
2887,2024-01-22 08:06:00,FL8580,63.3,Hazardous,Low,Arrival,T1,9,153.44,33.4,14,5,Conveyor,94.29,48.64,57,4.54,0,Rain,1183.35,466.11,12.21,0,68.38,117.01,Adaptive,Low Efficiency
2888,2024-07-23 13:39:00,FL1640,52.08,Perishable,Critical,Departure,T1,44,152.76,100.29,7,11,Loader,69.93,83.01,61,12.95,1,Rain,2775.76,772.68,54.68,0,97.58,134.68,Adaptive,Low Efficiency
2889,2024-02-12 15:57:00,FL2492,98.25,Hazardous,Critical,Arrival,T4,37,171.36,77.75,15,1,Conveyor,62.98,87.61,56,27.72,0,Rain,1410.07,395.92,114.49,1,60.42,27.35,Baseline,Low Efficiency
2890,2024-12-09 11:16:00,FL5717,101.12,General,Critical,Departure,T4,30,110.2,100.02,15,4,Conveyor,71.31,55.03,14,32.79,0,Clear,1214.46,708.0,99.57,1,47.02,101.21,Adaptive,Low Efficiency
2891,2024-09-17 06:35:00,FL8476,43.2,Perishable,Critical,Departure,T1,29,158.21,80.65,20,10,Crane,76.21,42.03,83,88.87,0,Fog,1221.95,1009.84,33.32,1,22.51,139.72,Adaptive,Low Efficiency
2892,2024-06-18 11:48:00,FL6681,84.77,Perishable,Medium,Arrival,T3,23,151.98,39.42,42,1,Loader,90.86,64.46,7,13.27,1,Fog,1696.42,788.58,107.34,1,92.68,51.99,Baseline,Low Efficiency
2893,2024-04-26 05:38:00,FL5873,93.68,Hazardous,High,Departure,T4,34,114.31,26.79,34,5,Conveyor,63.67,62.8,54,27.28,1,Storm,4140.63,447.93,32.17,1,144.42,132.72,Baseline,Low Efficiency
2894,2024-03-13 21:58:00,FL7407,80.28,Perishable,Medium,Arrival,T4,7,145.38,13.85,45,13,Loader,43.09,80.78,82,74.52,0,Storm,4722.31,641.83,112.98,1,122.79,31.91,Adaptive,Low Efficiency
2895,2024-06-29 11:36:00,FL3869,22.43,Express,Low,Departure,T2,9,40.11,72.39,5,4,Crane,77.84,98.12,58,70.59,1,Storm,4981.36,932.27,19.14,0,23.18,130.54,Adaptive,Low Efficiency
2896,2024-06-24 14:27:00,FL7800,105.73,General,High,Departure,T4,4,122.27,37.67,42,8,Conveyor,99.21,67.19,61,58.93,1,Rain,681.26,1356.87,114.1,0,40.72,69.74,Optimized,Moderate Efficiency
2897,2024-07-13 01:53:00,FL5081,67.0,Hazardous,Medium,Arrival,T4,2,172.55,77.51,49,1,Forklift,91.25,81.22,72,29.57,1,Fog,3060.08,693.2,19.06,0,100.91,125.55,Optimized,Low Efficiency
2898,2024-02-10 17:04:00,FL3942,37.48,Hazardous,High,Departure,T3,27,45.91,11.75,38,8,Forklift,85.5,54.54,28,10.6,1,Clear,1699.0,904.81,35.07,0,10.29,39.48,Optimized,Low Efficiency
2899,2024-06-08 18:29:00,FL8079,53.9,Perishable,Medium,Arrival,T4,33,139.05,48.2,23,14,Forklift,50.59,71.97,85,88.52,0,Fog,4950.09,1375.19,72.28,1,88.83,19.65,Baseline,Low Efficiency
2900,2024-10-09 20:10:00,FL8501,9.32,Express,Medium,Departure,T3,32,71.33,34.96,38,8,Loader,84.92,38.07,55,22.63,1,Clear,4929.48,1277.49,30.68,0,146.36,93.41,Adaptive,Low Efficiency
2901,2024-09-15 08:39:00,FL7302,19.7,Perishable,Low,Arrival,T2,44,150.74,47.59,40,1,Crane,44.89,87.05,99,76.02,1,Storm,4703.48,359.49,52.82,0,59.3,47.29,Baseline,Low Efficiency
2902,2024-05-06 11:50:00,FL4005,93.04,Perishable,Low,Arrival,T1,45,131.55,11.24,8,9,Loader,69.64,54.1,74,80.55,0,Rain,564.01,606.44,28.58,1,135.09,122.92,Optimized,Low Efficiency
2903,2024-05-08 05:34:00,FL2565,5.0,Hazardous,Low,Arrival,T2,46,168.19,88.28,14,13,Loader,62.25,35.6,53,39.68,0,Rain,1195.35,1204.25,71.36,0,25.09,125.47,Optimized,Low Efficiency
2904,2024-06-21 06:01:00,FL7447,52.91,Perishable,Low,Arrival,T3,37,133.91,18.42,21,9,Forklift,94.32,99.34,92,76.57,0,Storm,2986.03,1123.44,77.2,0,16.51,111.28,Baseline,Low Efficiency
2905,2024-08-19 13:31:00,FL1715,65.09,General,Critical,Departure,T3,27,85.65,6.66,20,6,Crane,49.59,93.13,83,25.11,0,Rain,1342.8,1174.12,34.25,0,58.63,79.68,Adaptive,Low Efficiency
2906,2024-09-18 06:11:00,FL4927,11.28,Perishable,Low,Arrival,T4,28,21.74,113.82,25,1,Conveyor,87.33,43.82,44,80.09,1,Storm,4346.83,323.26,42.07,0,91.03,139.24,Optimized,Low Efficiency
2907,2024-01-21 12:56:00,FL3587,116.9,Perishable,Low,Arrival,T4,3,146.87,27.18,32,7,Loader,42.91,55.42,99,57.24,1,Fog,3648.82,744.12,91.19,0,126.84,91.97,Baseline,Low Efficiency
2908,2024-09-13 02:05:00,FL5485,31.0,Hazardous,Medium,Arrival,T1,36,85.35,100.23,12,7,Forklift,82.11,95.57,28,17.49,1,Clear,1328.37,1073.28,19.53,1,35.95,35.21,Adaptive,Low Efficiency
2909,2024-04-13 11:25:00,FL9810,39.98,Perishable,High,Arrival,T3,49,127.3,115.91,33,9,Loader,57.63,85.74,46,70.79,1,Rain,4182.85,668.24,59.82,0,46.62,91.48,Adaptive,Low Efficiency
2910,2024-05-17 01:37:00,FL5782,39.95,Express,Low,Departure,T3,43,36.81,66.42,10,1,Loader,98.55,93.45,49,82.23,1,Storm,2742.23,890.28,41.91,0,77.04,90.63,Optimized,Low Efficiency
2911,2024-12-24 10:17:00,FL2093,31.5,Hazardous,High,Arrival,T2,8,162.55,65.5,34,14,Crane,80.3,69.38,67,51.34,0,Clear,3693.7,1163.53,55.36,0,58.42,99.62,Adaptive,Low Efficiency
2912,2024-08-13 01:05:00,FL4559,5.17,Perishable,High,Departure,T1,44,89.71,47.25,6,8,Conveyor,58.53,47.02,27,68.43,0,Storm,1129.23,805.09,101.9,1,10.6,23.9,Adaptive,Low Efficiency
2913,2024-05-07 20:04:00,FL9085,88.87,General,Low,Arrival,T2,41,167.15,53.94,35,14,Loader,54.13,45.89,81,71.53,1,Rain,2830.34,954.32,117.7,1,56.28,106.42,Optimized,Low Efficiency
2914,2024-12-23 02:59:00,FL7738,116.19,General,Low,Arrival,T4,37,133.12,60.44,29,12,Loader,78.36,66.8,79,70.87,0,Clear,3993.52,580.38,29.84,1,46.51,66.46,Baseline,Low Efficiency
2915,2024-01-28 15:27:00,FL2986,30.79,Hazardous,Critical,Arrival,T4,49,39.43,22.49,27,13,Conveyor,56.36,94.68,39,40.9,1,Rain,2055.14,611.1,16.72,1,80.71,95.46,Baseline,Low Efficiency
2916,2024-03-06 17:21:00,FL7041,81.25,Hazardous,High,Arrival,T2,45,112.67,46.94,47,11,Crane,51.21,74.21,86,66.59,1,Clear,1340.71,362.71,31.66,0,26.25,138.91,Optimized,Low Efficiency
2917,2024-02-10 21:36:00,FL2253,90.32,Perishable,High,Arrival,T4,38,165.59,98.85,25,8,Loader,78.86,32.41,84,49.37,0,Clear,3377.61,1488.55,105.98,0,105.91,57.41,Adaptive,Low Efficiency
2918,2024-06-18 09:23:00,FL2723,102.57,Express,Low,Arrival,T2,22,148.0,25.98,20,7,Crane,83.46,69.23,27,37.32,0,Storm,3398.32,949.85,106.74,1,51.17,87.25,Optimized,Low Efficiency
2919,2024-06-08 07:57:00,FL9264,53.6,Perishable,Medium,Departure,T3,14,86.88,88.93,8,12,Crane,54.28,72.59,35,14.92,1,Clear,1419.56,372.19,41.54,0,42.18,117.85,Adaptive,Low Efficiency
2920,2024-01-15 12:16:00,FL6341,39.84,General,Medium,Departure,T3,15,172.81,79.93,47,6,Loader,72.15,70.71,47,81.81,0,Fog,812.08,330.15,46.28,0,52.64,26.97,Optimized,Low Efficiency
2921,2024-12-14 01:27:00,FL7719,42.41,Express,Low,Arrival,T4,46,62.97,11.59,12,1,Conveyor,79.82,78.38,52,37.34,0,Rain,1249.03,419.99,83.04,1,74.31,59.6,Optimized,Moderate Efficiency
2922,2024-01-01 11:56:00,FL8388,86.95,Express,Medium,Arrival,T1,4,80.02,7.58,10,11,Loader,96.52,50.55,69,21.56,0,Storm,1739.87,1104.91,47.59,0,134.27,29.05,Baseline,Low Efficiency
2923,2024-08-29 13:28:00,FL3700,98.93,Express,High,Arrival,T3,18,139.95,45.54,31,10,Loader,88.21,40.06,66,21.81,0,Clear,663.25,798.34,109.45,0,106.24,127.56,Optimized,Low Efficiency
2924,2024-05-26 16:50:00,FL5141,25.89,Perishable,Medium,Departure,T4,1,57.26,84.6,40,11,Forklift,65.25,82.5,41,21.79,0,Fog,4652.29,849.78,98.12,1,34.83,118.07,Baseline,Low Efficiency
2925,2024-04-05 00:28:00,FL4397,47.66,General,High,Arrival,T1,12,102.46,43.0,40,8,Conveyor,90.66,43.74,50,0.22,1,Fog,1537.26,1074.48,49.36,0,104.17,54.34,Optimized,Low Efficiency
2926,2024-09-05 03:11:00,FL9291,108.72,Hazardous,High,Departure,T4,41,136.61,81.79,28,12,Forklift,66.5,37.99,45,39.44,0,Fog,3825.14,1120.56,116.95,1,31.44,14.1,Baseline,Low Efficiency
2927,2024-05-09 05:20:00,FL1731,97.77,Perishable,Medium,Departure,T2,42,123.03,81.53,10,5,Conveyor,47.81,55.16,20,80.16,0,Storm,2365.96,1145.29,91.94,1,54.61,67.34,Adaptive,Low Efficiency
2928,2024-08-23 15:07:00,FL8572,118.26,Hazardous,High,Departure,T4,17,44.86,97.75,47,4,Loader,60.47,88.29,71,2.26,0,Clear,2758.93,211.65,93.3,1,74.84,12.43,Adaptive,Low Efficiency
2929,2024-02-13 08:48:00,FL1437,91.74,Express,Low,Departure,T2,19,120.75,16.44,37,5,Crane,88.28,35.75,36,86.09,0,Clear,2916.24,1265.38,115.64,0,99.06,50.9,Adaptive,Moderate Efficiency
2930,2024-01-16 22:57:00,FL2199,50.22,Express,High,Departure,T3,36,111.63,71.37,6,5,Forklift,97.35,43.69,72,16.12,0,Fog,3977.58,344.13,57.37,0,75.81,39.44,Optimized,Low Efficiency
2931,2024-04-17 13:27:00,FL8567,72.92,Perishable,Low,Arrival,T3,48,109.26,12.19,45,14,Forklift,99.02,63.27,91,64.7,1,Storm,4045.61,988.76,14.56,1,91.7,42.68,Baseline,Low Efficiency
2932,2024-04-13 03:33:00,FL7244,81.02,General,Low,Departure,T4,7,152.17,25.23,20,13,Forklift,78.35,50.14,70,70.68,1,Rain,1135.73,415.68,119.01,0,105.59,106.55,Baseline,Low Efficiency
2933,2024-03-21 18:28:00,FL6630,14.02,Express,High,Departure,T1,9,49.42,42.43,42,10,Forklift,68.7,80.52,24,66.16,0,Clear,1865.05,1256.63,112.88,1,144.64,109.22,Optimized,Moderate Efficiency
2934,2024-09-22 16:54:00,FL7542,67.62,Hazardous,Medium,Arrival,T4,8,140.25,86.35,13,3,Conveyor,49.72,77.24,36,30.53,0,Clear,3078.67,1171.18,116.28,1,136.81,108.88,Baseline,Low Efficiency
2935,2024-02-22 19:34:00,FL4185,86.57,Hazardous,Critical,Arrival,T4,25,141.75,117.0,9,4,Crane,46.15,88.98,5,63.34,0,Rain,1986.83,345.33,62.13,0,80.92,124.82,Optimized,Low Efficiency
2936,2024-09-29 00:58:00,FL7499,24.24,Perishable,Medium,Departure,T3,7,135.62,44.39,14,4,Crane,71.11,44.27,84,42.57,0,Clear,1097.6,870.38,28.1,1,113.99,121.08,Baseline,Low Efficiency
2937,2024-10-15 01:32:00,FL1618,94.77,Hazardous,Low,Arrival,T3,42,100.95,64.93,34,8,Loader,83.67,75.42,20,13.7,0,Rain,2337.95,1110.37,31.54,1,71.42,97.81,Optimized,Low Efficiency
2938,2024-03-14 13:39:00,FL1175,72.13,General,Medium,Arrival,T4,8,83.29,34.79,11,5,Loader,59.44,84.23,53,18.08,0,Rain,1482.91,336.95,62.06,1,145.25,41.77,Baseline,Low Efficiency
2939,2024-09-02 01:49:00,FL5105,114.51,Express,Medium,Arrival,T3,24,83.15,82.68,33,6,Forklift,80.48,34.39,40,2.34,0,Clear,1145.63,304.92,84.29,0,20.88,59.51,Adaptive,Low Efficiency
2940,2024-08-07 17:43:00,FL2878,9.88,Hazardous,Medium,Departure,T2,17,137.41,47.16,6,10,Loader,74.25,32.58,98,29.88,0,Fog,1868.13,626.05,61.17,0,38.73,67.64,Baseline,Low Efficiency
2941,2024-08-22 21:53:00,FL3236,35.51,Hazardous,High,Departure,T4,12,99.66,60.38,24,2,Loader,96.44,69.15,50,65.52,1,Clear,1848.6,1386.02,53.4,1,46.2,108.97,Optimized,Low Efficiency
2942,2024-04-09 08:39:00,FL6359,74.18,Express,High,Arrival,T3,46,74.15,70.3,8,9,Conveyor,52.57,71.15,74,87.21,1,Fog,937.39,194.89,115.98,0,49.47,85.1,Baseline,Low Efficiency
2943,2024-04-24 16:34:00,FL8606,39.1,Perishable,Critical,Arrival,T4,31,120.08,83.92,32,8,Loader,75.46,57.5,67,12.02,0,Clear,3128.53,602.42,81.25,0,48.45,113.93,Baseline,Low Efficiency
2944,2024-11-14 02:49:00,FL8942,87.16,Hazardous,Critical,Departure,T3,12,153.92,11.91,12,8,Loader,64.83,32.53,98,31.8,1,Storm,1914.55,1228.88,54.81,1,94.64,32.24,Baseline,Low Efficiency
2945,2024-12-20 18:26:00,FL8558,92.29,Perishable,Low,Departure,T2,2,29.84,68.81,39,10,Loader,55.69,58.13,35,16.33,1,Fog,1279.79,581.94,85.88,0,135.13,42.53,Optimized,Low Efficiency
2946,2024-08-19 00:55:00,FL2117,16.79,Perishable,High,Arrival,T2,12,175.54,54.58,6,5,Crane,61.44,74.95,64,68.48,1,Rain,4183.69,177.14,97.09,1,19.42,18.01,Optimized,Low Efficiency
2947,2024-05-06 20:24:00,FL2352,64.09,Hazardous,Medium,Departure,T4,27,35.46,20.38,45,5,Crane,57.67,79.13,37,82.76,0,Fog,511.59,985.65,50.41,1,126.49,91.92,Baseline,Low Efficiency
2948,2024-09-16 19:58:00,FL9985,63.52,General,High,Departure,T2,46,101.88,28.92,32,3,Loader,71.66,64.5,45,10.26,0,Fog,2544.31,1441.05,62.26,0,52.03,145.13,Optimized,Low Efficiency
2949,2024-06-11 13:21:00,FL4969,47.47,Perishable,Medium,Arrival,T2,7,109.63,106.65,15,13,Forklift,73.48,66.75,38,81.32,0,Clear,2457.26,911.51,80.61,1,92.5,86.08,Optimized,Low Efficiency
2950,2024-05-07 16:29:00,FL8171,112.29,Hazardous,Critical,Arrival,T3,13,42.11,105.25,40,11,Crane,91.93,77.09,87,24.43,0,Storm,3520.17,1240.19,80.13,0,102.23,40.86,Adaptive,Moderate Efficiency
2951,2024-10-02 12:44:00,FL3297,100.16,Perishable,High,Departure,T4,36,166.5,8.83,13,2,Conveyor,86.88,61.45,85,20.08,0,Rain,2252.3,119.87,29.3,0,88.67,96.29,Baseline,Low Efficiency
2952,2024-08-11 10:07:00,FL8713,85.18,Express,Critical,Departure,T3,1,95.43,84.28,42,9,Conveyor,58.15,48.45,27,5.1,1,Storm,2807.22,1024.75,64.67,0,23.2,105.2,Adaptive,Low Efficiency
2953,2024-08-02 11:03:00,FL5573,87.15,General,High,Departure,T3,49,42.9,68.73,5,6,Conveyor,95.88,45.61,65,7.24,0,Fog,4588.03,311.38,38.5,0,77.75,90.9,Optimized,Low Efficiency
2954,2024-04-02 17:34:00,FL3643,58.1,General,Critical,Arrival,T1,35,133.86,113.08,31,8,Loader,92.1,82.69,73,6.23,0,Storm,1257.27,1077.98,110.5,0,18.79,62.09,Baseline,Low Efficiency
2955,2024-05-09 09:40:00,FL3794,110.91,Express,High,Arrival,T2,30,126.14,109.42,7,4,Forklift,77.55,64.13,3,40.18,0,Storm,974.78,898.15,64.61,1,10.36,126.16,Optimized,Low Efficiency
2956,2024-01-02 07:25:00,FL1295,84.88,Express,Medium,Arrival,T3,31,174.06,71.65,43,5,Conveyor,41.12,73.69,59,59.28,1,Storm,3860.41,410.32,94.33,0,38.24,78.82,Adaptive,Low Efficiency
2957,2024-10-12 03:43:00,FL2646,88.83,Perishable,Low,Arrival,T3,17,90.64,20.98,13,10,Forklift,52.55,62.98,98,16.6,1,Fog,3843.06,919.04,14.85,0,51.64,148.48,Adaptive,Low Efficiency
2958,2024-01-24 13:55:00,FL3903,104.09,Express,Medium,Departure,T3,8,62.85,57.88,44,5,Conveyor,87.36,87.32,30,19.59,0,Storm,4638.4,1046.63,51.98,0,106.11,44.07,Adaptive,Low Efficiency
2959,2024-05-12 14:06:00,FL5819,36.52,General,Low,Arrival,T2,3,29.6,88.39,32,11,Forklift,67.23,64.78,95,15.56,0,Storm,4924.21,1362.99,27.47,1,63.8,41.26,Optimized,Low Efficiency
2960,2024-08-19 17:14:00,FL3034,97.81,Express,Medium,Arrival,T2,10,137.3,114.45,25,10,Loader,47.56,99.16,94,72.59,1,Clear,2229.74,1344.39,53.23,0,78.51,20.53,Baseline,Low Efficiency
2961,2024-06-09 20:25:00,FL9759,27.45,Hazardous,Medium,Departure,T2,34,118.76,46.84,32,4,Loader,64.5,46.98,16,12.35,0,Rain,2198.42,1410.99,97.45,0,93.77,65.85,Baseline,Low Efficiency
2962,2024-03-16 19:27:00,FL7403,44.71,Hazardous,Medium,Arrival,T4,22,175.62,95.24,49,11,Conveyor,52.71,39.7,29,6.61,0,Fog,4570.96,1277.69,111.96,1,14.78,44.78,Adaptive,Low Efficiency
2963,2024-12-27 07:27:00,FL3759,43.6,Perishable,Critical,Departure,T3,4,133.95,83.58,28,2,Conveyor,93.55,56.15,70,3.3,0,Storm,4373.2,857.17,110.79,1,58.7,126.65,Baseline,Low Efficiency
2964,2024-04-12 09:55:00,FL2271,117.53,General,Critical,Arrival,T2,32,169.31,14.0,22,14,Crane,93.36,94.31,78,3.61,1,Storm,2189.48,1288.81,23.08,0,69.76,82.79,Baseline,Low Efficiency
2965,2024-08-29 03:35:00,FL1183,103.5,Hazardous,Low,Departure,T3,29,178.65,69.17,13,6,Conveyor,63.22,89.66,74,49.2,0,Clear,843.33,1111.11,43.17,0,46.63,18.42,Adaptive,Low Efficiency
2966,2024-02-26 15:46:00,FL5476,85.63,Express,Medium,Departure,T4,46,88.55,26.1,30,4,Crane,48.24,47.31,88,8.46,0,Rain,3115.51,1133.09,82.64,0,62.62,60.04,Baseline,Low Efficiency
2967,2024-06-22 07:16:00,FL3514,88.61,Hazardous,Medium,Departure,T1,11,44.05,83.61,28,14,Crane,61.53,71.98,24,20.02,0,Fog,1709.15,316.34,32.39,0,79.05,107.39,Adaptive,Low Efficiency
2968,2024-09-09 12:56:00,FL8219,69.64,Hazardous,Medium,Arrival,T4,46,51.34,75.16,10,11,Loader,47.72,71.23,7,74.94,1,Storm,4588.68,351.49,15.66,1,92.38,78.02,Optimized,Low Efficiency
2969,2024-08-20 15:59:00,FL6866,113.92,Perishable,High,Departure,T2,13,70.94,116.9,16,4,Loader,58.24,50.54,49,87.13,0,Fog,4127.53,352.4,114.91,0,50.67,59.25,Optimized,Low Efficiency
2970,2024-05-02 06:02:00,FL3915,62.07,Express,Medium,Arrival,T2,4,101.42,112.57,40,10,Crane,86.27,46.48,63,77.48,1,Storm,4554.38,392.84,46.24,0,107.71,31.73,Optimized,Low Efficiency
2971,2024-03-05 14:35:00,FL4549,48.76,Express,Medium,Arrival,T4,2,39.59,6.08,13,3,Conveyor,57.52,57.3,46,86.36,0,Storm,864.11,685.24,56.19,0,130.47,103.18,Adaptive,Low Efficiency
2972,2024-09-01 11:38:00,FL1564,23.75,Express,Critical,Arrival,T3,34,68.27,14.2,14,8,Crane,72.65,85.2,48,60.34,0,Fog,4390.76,541.56,39.97,0,28.67,34.89,Baseline,Low Efficiency
2973,2024-11-21 05:25:00,FL9721,95.41,Perishable,High,Arrival,T2,43,69.25,93.45,7,6,Conveyor,47.13,43.42,25,88.85,0,Fog,3168.89,168.74,45.77,1,50.63,131.84,Adaptive,Low Efficiency
2974,2024-01-09 07:09:00,FL4541,89.46,Express,Low,Arrival,T2,22,20.65,83.85,33,9,Loader,60.86,61.2,43,44.67,0,Storm,1469.42,1113.68,116.05,0,58.47,148.51,Optimized,Moderate Efficiency
2975,2024-07-12 02:55:00,FL8242,49.2,Express,High,Arrival,T4,5,76.67,97.11,11,5,Conveyor,42.38,63.72,55,71.52,0,Fog,1855.68,664.53,31.1,0,24.74,87.38,Baseline,Low Efficiency
2976,2024-06-01 16:29:00,FL1782,7.9,Hazardous,Medium,Departure,T3,9,38.58,35.68,30,6,Crane,72.89,95.74,34,87.45,0,Rain,2554.86,209.13,64.44,0,95.59,26.4,Baseline,Low Efficiency
2977,2024-06-30 17:02:00,FL9566,101.48,Hazardous,Low,Departure,T4,20,88.75,102.67,12,9,Conveyor,60.86,51.25,65,63.84,1,Fog,3324.4,1204.69,80.2,0,39.5,105.98,Baseline,Low Efficiency
2978,2024-02-19 08:47:00,FL2684,6.31,Express,Low,Arrival,T4,21,51.45,55.88,47,4,Crane,92.32,31.38,28,86.1,0,Fog,1547.27,127.37,34.68,0,136.97,28.61,Baseline,Low Efficiency
2979,2024-09-12 05:06:00,FL7399,85.93,General,Medium,Arrival,T3,17,151.54,35.12,17,10,Conveyor,63.55,78.56,41,22.83,0,Fog,1431.69,883.8,88.72,0,29.31,136.27,Optimized,Low Efficiency
2980,2024-07-05 21:25:00,FL6051,116.58,General,Medium,Arrival,T3,12,32.88,6.22,39,7,Crane,73.47,82.91,29,27.02,0,Fog,4514.72,1160.05,85.07,0,111.73,92.04,Adaptive,Moderate Efficiency
2981,2024-03-19 16:02:00,FL8274,55.33,Express,Low,Arrival,T1,28,158.51,105.21,23,13,Loader,98.6,79.21,32,35.75,1,Storm,4303.5,621.62,115.02,0,102.03,122.05,Baseline,Low Efficiency
2982,2024-01-01 22:23:00,FL1858,32.02,General,High,Arrival,T4,18,112.88,66.56,26,10,Crane,78.56,79.05,69,41.81,1,Clear,3950.5,903.7,60.64,0,75.6,97.49,Baseline,Low Efficiency
2983,2024-02-05 01:26:00,FL1076,86.06,Perishable,High,Departure,T3,3,93.38,117.17,20,12,Loader,70.03,63.83,34,80.77,1,Storm,3924.01,170.96,52.32,0,82.3,83.64,Baseline,Low Efficiency
2984,2024-10-08 00:44:00,FL1797,98.97,Hazardous,Low,Departure,T2,5,107.96,87.19,19,10,Crane,45.89,31.31,59,79.91,1,Storm,3946.88,431.87,49.72,1,32.34,83.53,Optimized,Low Efficiency
2985,2024-11-15 02:27:00,FL7183,67.84,Perishable,Low,Arrival,T1,14,80.18,14.25,6,11,Crane,89.26,81.09,61,59.22,1,Rain,4658.45,1029.02,50.08,1,14.04,113.52,Optimized,Low Efficiency
2986,2024-11-01 13:58:00,FL4305,116.21,Hazardous,High,Arrival,T4,48,40.42,72.64,42,11,Forklift,78.54,95.56,52,20.91,0,Storm,4296.74,1206.5,14.14,0,142.05,136.36,Adaptive,Low Efficiency
2987,2024-05-01 02:58:00,FL5091,10.94,General,Low,Departure,T3,26,142.54,6.97,25,6,Forklift,46.51,41.02,63,21.63,1,Storm,2248.58,260.08,35.98,1,15.02,40.65,Adaptive,Low Efficiency
2988,2024-10-28 11:30:00,FL7138,63.05,General,Critical,Arrival,T1,19,168.47,69.14,34,6,Forklift,54.74,34.75,26,56.86,1,Rain,2620.86,1452.74,23.2,1,90.62,25.94,Baseline,Low Efficiency
2989,2024-12-25 01:13:00,FL4908,87.62,Express,High,Arrival,T1,41,172.01,45.27,11,6,Forklift,72.26,48.56,77,45.3,1,Rain,3220.53,652.32,106.87,0,123.89,17.89,Optimized,Low Efficiency
2990,2024-10-02 18:28:00,FL4276,104.2,General,Medium,Arrival,T2,17,127.31,78.98,35,14,Conveyor,42.7,89.49,12,23.27,0,Fog,2640.2,1394.43,16.18,0,10.72,131.34,Baseline,Low Efficiency
2991,2024-09-12 18:12:00,FL2497,25.61,General,Low,Departure,T1,39,85.66,67.28,45,4,Loader,83.1,37.43,22,15.14,0,Storm,1836.22,855.58,50.17,1,63.52,27.13,Optimized,Low Efficiency
2992,2024-09-30 07:40:00,FL1262,97.0,Express,Low,Departure,T4,42,96.54,35.06,45,10,Loader,53.67,80.06,73,65.04,0,Rain,4375.18,1001.67,34.14,0,52.66,98.02,Optimized,Low Efficiency
2993,2024-03-14 20:35:00,FL7908,68.56,Express,Low,Arrival,T3,4,125.11,23.67,39,6,Forklift,69.38,34.41,56,73.19,0,Storm,4115.52,346.29,81.02,0,39.18,53.86,Adaptive,Low Efficiency
2994,2024-12-15 03:40:00,FL1457,50.6,Hazardous,Low,Departure,T1,42,151.69,51.54,8,12,Conveyor,54.5,32.3,6,23.52,0,Storm,2254.37,1338.63,45.9,0,33.15,88.86,Adaptive,Low Efficiency
2995,2024-06-13 06:20:00,FL1238,20.15,General,High,Departure,T1,35,79.93,118.49,38,7,Crane,69.35,92.39,36,38.24,1,Storm,1016.0,222.45,11.83,1,62.77,21.89,Optimized,Low Efficiency
2996,2024-04-28 10:37:00,FL6523,104.51,Hazardous,Low,Arrival,T4,24,166.68,55.11,5,13,Crane,51.38,83.94,74,64.21,1,Fog,521.91,1482.4,108.32,0,30.16,91.24,Baseline,Low Efficiency
2997,2024-11-24 14:49:00,FL4148,23.09,Hazardous,Medium,Departure,T2,41,71.88,91.11,14,14,Loader,75.64,71.9,59,42.23,0,Fog,916.01,648.75,80.01,0,37.33,132.91,Optimized,Low Efficiency
2998,2024-02-23 16:09:00,FL2035,40.63,Perishable,Medium,Departure,T2,13,104.94,11.55,34,2,Loader,94.62,42.04,59,86.51,0,Storm,1196.34,330.15,10.15,0,86.59,47.23,Optimized,Low Efficiency
2999,2024-01-25 07:55:00,FL4613,38.36,General,Low,Departure,T3,33,173.82,48.57,36,11,Conveyor,88.44,49.52,96,11.66,1,Clear,3460.06,948.04,84.76,1,43.55,55.04,Optimized,Low Efficiency
3000,2024-08-02 17:54:00,FL2582,105.21,General,Low,Departure,T4,15,170.11,71.74,7,9,Crane,54.49,33.4,68,76.89,0,Storm,1488.25,1311.98,33.8,0,20.81,40.54,Adaptive,Low Efficiency
3001,2024-01-15 14:53:00,FL3750,82.36,Perishable,Low,Departure,T2,15,131.32,91.39,14,7,Conveyor,69.89,75.18,52,27.55,1,Fog,3356.71,655.93,116.0,0,131.09,28.18,Optimized,Low Efficiency
3002,2024-08-20 01:58:00,FL3736,96.62,Hazardous,Low,Departure,T3,31,71.93,65.76,13,3,Crane,65.39,78.03,68,61.83,0,Rain,1977.45,112.03,58.93,1,70.67,20.14,Optimized,Low Efficiency
3003,2024-07-09 03:32:00,FL1721,33.8,General,High,Arrival,T3,43,55.05,64.26,21,10,Forklift,97.93,52.88,77,22.83,1,Storm,4527.74,1321.17,34.55,0,126.21,103.83,Adaptive,Low Efficiency
3004,2024-03-17 06:12:00,FL7810,76.86,Hazardous,Medium,Arrival,T2,28,32.82,92.85,7,10,Forklift,87.93,53.69,80,86.98,1,Fog,2610.84,913.85,13.33,0,17.25,58.5,Adaptive,Low Efficiency
3005,2024-02-24 00:44:00,FL9396,70.75,Perishable,High,Arrival,T4,10,133.38,41.03,31,7,Conveyor,46.45,74.03,51,4.51,1,Rain,3527.83,230.01,16.46,1,99.17,74.13,Optimized,Low Efficiency
3006,2024-09-05 21:31:00,FL2764,100.78,Express,Medium,Departure,T1,7,100.55,15.42,39,10,Loader,50.11,96.2,90,46.22,0,Fog,2574.26,1368.45,16.21,0,124.59,55.04,Optimized,Low Efficiency
3007,2024-05-03 20:48:00,FL6359,109.2,Hazardous,Medium,Arrival,T2,33,111.57,44.92,8,10,Conveyor,82.12,57.63,97,81.95,0,Clear,4606.42,1182.5,13.46,0,107.49,114.21,Baseline,Low Efficiency
3008,2024-09-30 09:36:00,FL6286,6.4,General,Medium,Departure,T1,7,95.58,23.28,8,14,Conveyor,49.59,64.55,68,42.29,0,Fog,3593.35,845.7,70.33,0,128.04,105.58,Adaptive,Low Efficiency
3009,2024-04-27 04:00:00,FL4105,82.51,Express,High,Departure,T1,5,97.27,116.08,36,5,Crane,97.03,78.88,26,75.63,1,Storm,3389.71,725.48,103.13,0,25.71,103.2,Optimized,Low Efficiency
3010,2024-02-24 14:45:00,FL4393,10.96,Hazardous,Low,Arrival,T4,26,111.4,71.41,42,9,Crane,99.58,53.96,73,85.48,1,Rain,3165.35,1088.26,48.07,1,33.99,117.23,Adaptive,Low Efficiency
3011,2024-03-08 19:07:00,FL9875,68.12,Hazardous,Low,Departure,T4,16,166.28,56.36,15,6,Crane,86.7,90.82,41,6.11,0,Storm,4948.75,607.02,48.36,1,32.29,91.62,Adaptive,Low Efficiency
3012,2024-09-03 02:06:00,FL7472,38.08,Express,Medium,Arrival,T3,8,24.7,109.89,48,11,Crane,41.61,89.23,75,43.99,0,Storm,3581.41,1016.79,21.45,1,98.84,23.61,Adaptive,Low Efficiency
3013,2024-12-17 12:26:00,FL8010,40.28,Express,Medium,Departure,T4,22,148.26,108.54,43,13,Loader,68.96,77.2,5,61.78,0,Clear,3893.63,311.27,10.13,0,149.62,69.19,Optimized,Low Efficiency
3014,2024-01-23 13:38:00,FL2979,45.59,Express,Medium,Arrival,T3,34,82.48,52.81,49,7,Loader,64.36,67.58,53,74.9,0,Fog,867.7,299.4,114.69,0,68.12,54.35,Baseline,Moderate Efficiency
3015,2024-11-10 01:55:00,FL4807,76.45,General,High,Arrival,T2,40,139.19,105.59,10,4,Forklift,87.97,98.85,38,14.68,0,Clear,4164.0,535.49,60.35,0,137.9,57.94,Adaptive,Low Efficiency
3016,2024-04-30 03:32:00,FL4502,43.42,General,Medium,Arrival,T1,28,171.76,12.36,39,2,Conveyor,57.22,79.17,96,51.01,1,Fog,3185.23,1340.13,91.11,0,134.94,37.44,Optimized,Low Efficiency
3017,2024-11-12 04:12:00,FL2734,89.26,Hazardous,High,Arrival,T4,46,69.01,106.86,36,11,Forklift,63.17,75.03,93,14.66,0,Clear,2014.98,1290.46,105.5,0,123.67,32.54,Optimized,Low Efficiency
3018,2024-04-24 09:35:00,FL6842,51.52,Hazardous,Medium,Departure,T2,36,34.33,40.72,27,4,Crane,45.61,91.38,92,67.99,1,Fog,3117.61,788.96,22.32,0,77.17,75.29,Baseline,Low Efficiency
3019,2024-02-08 23:57:00,FL6298,12.86,Perishable,High,Arrival,T3,47,57.17,69.99,46,9,Conveyor,60.56,68.85,53,25.62,0,Rain,3314.98,919.67,38.89,1,54.55,145.97,Adaptive,Low Efficiency
3020,2024-03-14 17:36:00,FL3844,95.13,General,High,Departure,T4,7,55.53,36.01,41,3,Crane,98.43,47.0,88,24.19,0,Storm,1670.85,978.64,65.22,0,17.84,13.12,Adaptive,Moderate Efficiency
3021,2024-08-29 02:17:00,FL1245,37.86,Hazardous,Medium,Arrival,T1,40,138.7,118.25,30,7,Conveyor,96.53,39.64,56,69.28,0,Fog,2466.79,622.47,42.71,0,77.06,49.55,Baseline,Low Efficiency
3022,2024-05-29 16:15:00,FL7588,54.77,Express,High,Arrival,T2,43,29.9,13.25,38,13,Loader,85.02,62.97,19,75.78,1,Rain,3746.06,1081.86,15.86,0,132.31,145.19,Adaptive,Low Efficiency
3023,2024-05-18 08:12:00,FL6181,83.83,Express,Critical,Arrival,T4,28,28.15,56.4,42,14,Crane,94.44,66.1,65,30.9,0,Fog,1516.32,951.41,108.21,0,77.35,59.93,Adaptive,Moderate Efficiency
3024,2024-10-25 00:41:00,FL1196,43.23,General,Medium,Departure,T4,2,130.98,76.41,15,4,Conveyor,52.67,87.94,69,45.1,0,Fog,4262.56,596.1,37.48,0,10.23,101.63,Optimized,Low Efficiency
3025,2024-07-12 03:50:00,FL7376,11.51,Express,Medium,Arrival,T2,9,109.08,75.8,25,3,Conveyor,77.31,39.76,87,62.41,0,Storm,848.87,497.42,18.01,0,121.36,47.46,Optimized,Low Efficiency
3026,2024-07-23 23:58:00,FL4485,48.0,Perishable,High,Arrival,T3,6,86.84,89.96,47,14,Crane,70.0,77.69,53,67.07,1,Storm,3115.48,1473.06,56.46,1,28.06,85.89,Optimized,Low Efficiency
3027,2024-08-04 13:27:00,FL8516,113.61,Hazardous,Medium,Departure,T3,1,112.06,88.31,28,14,Loader,65.36,51.29,19,69.31,0,Rain,2208.59,498.01,98.48,0,33.04,34.29,Optimized,Low Efficiency
3028,2024-06-21 23:27:00,FL4606,78.8,Hazardous,Low,Arrival,T4,3,137.64,96.21,19,14,Loader,59.49,95.73,66,35.13,0,Storm,739.91,343.67,28.53,1,42.73,85.42,Optimized,Low Efficiency
3029,2024-03-10 20:15:00,FL2081,82.22,Hazardous,Critical,Departure,T3,10,36.56,31.94,7,5,Loader,91.98,62.93,48,48.27,0,Storm,3985.19,1268.44,58.06,1,37.2,77.1,Baseline,Moderate Efficiency
3030,2024-02-06 03:26:00,FL5562,77.71,General,Low,Arrival,T3,37,108.53,47.61,6,2,Conveyor,69.07,73.57,66,9.86,0,Rain,2959.44,1235.17,30.41,0,110.33,126.88,Optimized,Low Efficiency
3031,2024-10-13 02:27:00,FL7045,27.88,Express,High,Arrival,T2,44,151.91,48.93,11,11,Loader,83.44,75.51,73,85.37,0,Storm,3718.97,434.26,99.99,0,141.7,122.56,Optimized,Low Efficiency
3032,2024-12-23 11:56:00,FL1719,53.11,Perishable,High,Arrival,T3,23,77.99,114.92,9,14,Conveyor,82.36,36.37,18,63.13,0,Rain,2210.55,1288.17,67.51,0,26.39,35.53,Baseline,Low Efficiency
3033,2024-04-21 20:10:00,FL2103,91.36,General,Critical,Departure,T3,33,142.08,52.07,49,10,Forklift,48.16,89.65,80,33.8,0,Rain,4368.29,1376.33,73.62,1,64.6,141.64,Baseline,Low Efficiency
3034,2024-02-09 16:32:00,FL4580,16.66,Hazardous,Low,Arrival,T2,9,155.27,30.51,44,14,Loader,42.94,41.5,39,35.07,0,Storm,876.68,564.45,92.23,0,94.2,64.52,Baseline,Low Efficiency
3035,2024-09-19 17:56:00,FL7735,36.95,Perishable,Medium,Arrival,T4,13,151.35,77.72,33,4,Crane,90.4,57.82,73,8.14,0,Fog,1550.09,559.99,113.37,0,76.17,17.08,Adaptive,Low Efficiency
3036,2024-01-03 18:40:00,FL5940,36.78,Hazardous,Medium,Arrival,T4,28,124.06,54.14,45,7,Crane,69.42,77.08,51,41.12,0,Storm,4075.71,283.33,21.64,1,58.88,20.72,Adaptive,Low Efficiency
3037,2024-11-07 08:57:00,FL9185,54.68,Hazardous,Medium,Departure,T2,7,134.78,33.76,36,12,Crane,88.61,33.87,23,60.57,0,Storm,4796.06,955.15,103.01,0,41.3,68.61,Baseline,Low Efficiency
3038,2024-03-04 19:24:00,FL2668,117.74,General,Low,Departure,T1,26,146.03,87.24,34,12,Crane,57.82,70.63,33,85.73,1,Fog,4309.01,1071.58,62.17,1,87.4,134.24,Optimized,Low Efficiency
3039,2024-08-02 11:37:00,FL9784,12.76,Hazardous,Medium,Departure,T2,16,137.39,27.07,12,2,Forklift,91.71,58.69,60,58.28,0,Storm,1538.87,202.74,80.46,0,81.16,31.88,Optimized,Low Efficiency
3040,2024-12-15 18:20:00,FL3809,64.65,Perishable,Medium,Departure,T1,40,92.27,77.84,36,10,Forklift,89.85,34.47,59,58.56,1,Storm,2068.42,392.47,103.81,0,148.8,77.29,Baseline,Moderate Efficiency
3041,2024-05-25 09:34:00,FL5127,25.63,Hazardous,Low,Departure,T3,26,45.46,54.51,46,6,Loader,62.9,80.85,98,70.78,1,Fog,3944.73,478.59,45.93,0,74.92,85.44,Adaptive,Low Efficiency
3042,2024-03-11 14:58:00,FL2552,116.63,Express,High,Departure,T4,39,69.56,41.7,6,5,Loader,64.7,65.09,26,45.88,1,Rain,4758.22,724.49,105.65,0,133.83,134.77,Optimized,Moderate Efficiency
3043,2024-01-19 17:45:00,FL6314,18.03,Hazardous,High,Arrival,T1,32,53.16,113.79,14,3,Crane,61.05,51.24,17,2.89,1,Fog,1801.61,1253.17,79.46,0,142.2,11.74,Optimized,Low Efficiency
3044,2024-05-30 16:45:00,FL7366,51.41,General,High,Arrival,T1,36,77.83,42.31,47,5,Crane,42.09,35.9,53,80.09,0,Fog,2238.54,413.93,40.69,0,55.97,134.63,Baseline,Low Efficiency
3045,2024-05-04 09:30:00,FL3177,89.86,Perishable,Critical,Arrival,T3,42,98.29,44.96,47,10,Crane,81.26,68.32,78,36.22,1,Clear,602.93,1230.62,111.18,0,51.86,47.81,Adaptive,Moderate Efficiency
3046,2024-07-31 11:46:00,FL6440,86.02,General,Medium,Arrival,T4,1,173.45,105.12,41,7,Conveyor,56.36,51.42,77,88.62,0,Clear,2769.81,1345.77,16.36,1,141.9,132.01,Adaptive,Low Efficiency
3047,2024-02-29 15:56:00,FL3872,53.61,Express,Critical,Arrival,T3,49,173.51,19.84,7,3,Loader,93.04,96.27,86,36.57,1,Rain,896.73,380.75,74.96,0,90.89,69.36,Optimized,Low Efficiency
3048,2024-12-10 20:14:00,FL6209,44.85,Hazardous,Critical,Departure,T4,21,143.13,17.43,27,8,Crane,93.84,71.41,43,60.15,0,Storm,885.17,1490.03,11.86,0,36.87,55.83,Baseline,Low Efficiency
3049,2024-03-25 02:39:00,FL8899,50.73,General,Low,Departure,T4,13,176.82,37.51,38,7,Crane,83.35,49.95,48,41.39,1,Rain,3925.92,823.46,18.98,0,45.79,148.59,Optimized,Low Efficiency
3050,2024-08-12 12:51:00,FL2106,35.39,General,Low,Departure,T3,26,179.68,73.04,22,4,Crane,50.89,67.0,82,20.92,0,Storm,2047.64,872.54,21.02,0,12.85,119.55,Optimized,Low Efficiency
3051,2024-10-16 10:14:00,FL6490,28.61,General,Medium,Arrival,T1,45,161.64,49.19,37,13,Forklift,45.36,67.76,20,83.77,0,Clear,4710.38,962.51,108.37,0,55.09,77.93,Baseline,Low Efficiency
3052,2024-12-08 22:21:00,FL1289,60.55,General,Medium,Departure,T2,9,32.72,74.98,37,13,Forklift,88.99,80.87,94,56.45,0,Fog,3722.38,1223.92,71.46,0,96.94,62.3,Adaptive,Moderate Efficiency
3053,2024-12-22 03:35:00,FL8354,35.88,Express,Medium,Arrival,T4,37,88.17,23.37,21,5,Forklift,93.58,93.15,35,40.55,0,Fog,1826.43,1014.56,38.6,1,53.64,54.72,Baseline,Low Efficiency
3054,2024-07-11 23:17:00,FL7264,38.06,Express,Medium,Departure,T4,23,105.46,35.07,10,10,Conveyor,61.12,97.38,33,12.98,1,Rain,3568.47,1128.8,52.97,0,41.99,106.83,Adaptive,Low Efficiency
3055,2024-03-07 08:43:00,FL9372,80.53,Hazardous,High,Arrival,T2,1,39.85,69.99,17,11,Conveyor,61.18,80.25,81,89.92,0,Fog,4395.2,715.59,102.19,0,18.22,68.34,Baseline,Moderate Efficiency
3056,2024-10-09 04:31:00,FL4808,116.38,Hazardous,Medium,Departure,T2,2,149.38,29.97,25,4,Loader,63.42,68.21,99,80.56,1,Fog,2462.17,925.94,72.71,0,128.53,100.98,Baseline,Low Efficiency
3057,2024-05-14 15:02:00,FL9248,74.42,Perishable,Low,Arrival,T3,43,43.79,53.62,35,2,Crane,89.66,45.75,76,38.05,1,Clear,3027.97,445.94,13.48,1,100.62,68.17,Adaptive,Low Efficiency
3058,2024-09-27 04:03:00,FL1217,13.85,Express,Critical,Departure,T4,28,81.33,70.85,25,12,Loader,82.42,58.21,2,15.43,0,Clear,1478.7,608.54,105.84,0,137.2,62.01,Baseline,Moderate Efficiency
3059,2024-10-04 18:14:00,FL4811,13.69,General,Medium,Arrival,T3,36,31.03,116.97,37,9,Loader,47.32,64.22,34,2.67,0,Rain,2309.94,984.21,69.23,0,13.07,56.44,Baseline,Low Efficiency
3060,2024-09-25 23:45:00,FL1347,114.41,General,Critical,Departure,T2,31,103.93,14.19,32,1,Forklift,78.08,38.99,76,13.67,1,Storm,3105.72,157.41,31.58,0,139.07,138.65,Adaptive,Low Efficiency
3061,2024-05-15 20:46:00,FL3032,39.19,Perishable,Low,Arrival,T3,41,115.53,57.95,10,8,Crane,40.59,47.95,90,48.1,1,Rain,3269.65,910.09,88.67,0,83.27,117.29,Baseline,Low Efficiency
3062,2024-11-20 14:29:00,FL6060,15.59,General,Critical,Arrival,T4,5,137.63,50.57,12,4,Forklift,82.62,98.91,32,73.42,0,Clear,3740.15,871.01,68.73,0,28.94,101.72,Baseline,Low Efficiency
3063,2024-02-02 11:44:00,FL4873,73.89,Perishable,Low,Arrival,T1,37,74.31,99.79,17,9,Forklift,85.88,82.97,21,32.72,1,Fog,4808.09,361.38,30.83,1,45.27,103.16,Adaptive,Low Efficiency
3064,2024-07-10 17:25:00,FL8020,76.72,Hazardous,Low,Arrival,T1,25,114.49,108.53,38,3,Crane,88.9,63.74,5,39.06,1,Storm,4273.42,1406.87,81.51,0,30.3,35.51,Adaptive,Low Efficiency
3065,2024-11-16 05:01:00,FL4990,79.58,Express,Low,Departure,T4,8,137.46,109.31,44,7,Loader,77.54,45.82,28,42.59,0,Clear,4332.14,217.17,80.55,1,41.69,140.98,Optimized,Low Efficiency
3066,2024-12-04 15:28:00,FL2300,35.75,Perishable,High,Departure,T3,34,141.93,48.14,26,3,Loader,50.84,70.14,87,1.58,0,Clear,3008.8,172.13,115.02,0,46.78,24.79,Adaptive,Low Efficiency
3067,2024-07-10 19:15:00,FL1981,6.74,General,Critical,Departure,T2,39,68.26,40.04,5,10,Forklift,87.62,46.23,48,15.93,1,Storm,1148.78,1305.72,39.07,0,91.65,41.37,Baseline,Low Efficiency
3068,2024-06-13 17:52:00,FL3253,115.98,Perishable,Medium,Arrival,T2,49,30.83,56.65,17,12,Crane,93.99,43.52,96,45.08,0,Storm,3359.71,1276.43,70.32,0,46.59,13.39,Adaptive,Moderate Efficiency
3069,2024-07-14 13:27:00,FL7136,33.85,Hazardous,Critical,Departure,T1,32,26.02,44.56,5,7,Loader,78.03,36.56,69,25.15,0,Rain,2328.16,654.74,45.31,0,78.8,61.66,Adaptive,Low Efficiency
3070,2024-02-14 21:13:00,FL9171,82.74,General,Medium,Arrival,T3,11,142.89,87.67,14,2,Conveyor,56.51,54.21,99,47.1,0,Storm,643.28,1465.55,42.8,0,99.89,53.04,Baseline,Low Efficiency
3071,2024-04-20 01:11:00,FL5859,86.26,Hazardous,High,Departure,T2,47,81.67,29.56,9,3,Loader,50.76,67.92,70,9.73,1,Storm,1376.84,1465.65,65.62,0,118.99,127.9,Adaptive,Low Efficiency
3072,2024-03-11 10:00:00,FL4309,75.15,Hazardous,High,Arrival,T2,25,41.43,80.75,24,8,Crane,53.89,41.15,83,72.25,1,Fog,3915.83,274.97,88.63,0,133.61,103.36,Baseline,Low Efficiency
3073,2024-03-03 09:50:00,FL3484,40.98,Perishable,Low,Departure,T4,3,49.52,111.6,17,7,Crane,41.01,44.03,40,70.54,0,Rain,3339.52,771.26,76.53,0,32.24,121.02,Optimized,Low Efficiency
3074,2024-09-07 08:11:00,FL7156,36.18,Hazardous,Medium,Arrival,T3,45,142.58,37.19,41,11,Crane,40.61,57.38,6,60.29,1,Storm,4902.94,174.71,22.91,0,100.19,30.82,Optimized,Low Efficiency
3075,2024-10-28 10:56:00,FL4348,73.73,General,Critical,Arrival,T3,32,115.82,82.84,14,3,Forklift,57.82,64.27,14,47.83,1,Rain,4655.51,600.86,111.46,0,25.83,89.93,Baseline,Low Efficiency
3076,2024-06-14 16:04:00,FL1621,104.6,Hazardous,Critical,Departure,T2,35,100.22,21.51,7,8,Loader,95.38,83.36,67,35.09,1,Storm,3174.17,200.34,87.96,0,42.85,78.57,Optimized,Moderate Efficiency
3077,2024-02-14 09:46:00,FL4900,113.87,Hazardous,Critical,Departure,T3,32,119.68,18.96,38,13,Conveyor,77.28,69.66,11,61.44,1,Clear,1197.24,325.1,73.73,1,89.81,69.7,Adaptive,Low Efficiency
3078,2024-10-08 21:10:00,FL8270,17.18,Perishable,Critical,Departure,T3,34,42.0,18.3,38,9,Forklift,63.17,73.24,39,70.36,0,Clear,2013.56,1349.75,25.87,1,142.63,149.06,Baseline,Low Efficiency
3079,2024-10-31 20:07:00,FL6385,22.81,Hazardous,Low,Arrival,T3,37,71.05,20.93,34,2,Loader,40.65,78.73,41,72.77,1,Rain,1548.55,1282.07,24.84,1,95.21,72.52,Optimized,Low Efficiency
3080,2024-12-11 18:09:00,FL3199,113.64,Express,High,Arrival,T4,5,79.85,29.86,41,2,Crane,99.38,61.57,24,31.28,1,Clear,2617.32,1301.11,42.28,0,132.63,24.96,Adaptive,Low Efficiency
3081,2024-06-20 14:08:00,FL5556,89.7,Perishable,Medium,Arrival,T2,45,70.32,69.73,8,7,Loader,67.35,54.02,43,17.46,1,Clear,4102.58,145.72,111.54,0,104.05,14.64,Adaptive,Moderate Efficiency
3082,2024-12-12 19:17:00,FL6202,106.54,Perishable,Critical,Departure,T1,28,158.31,93.2,38,11,Crane,99.49,86.03,82,30.76,0,Storm,4198.32,896.86,26.17,1,114.9,121.72,Optimized,Low Efficiency
3083,2024-08-05 14:49:00,FL1648,28.3,General,Medium,Arrival,T3,28,113.03,19.59,36,8,Crane,83.21,87.98,95,0.7,0,Fog,1301.3,1183.71,82.01,1,41.01,11.35,Adaptive,Low Efficiency
3084,2024-02-27 11:50:00,FL9533,72.57,General,Medium,Departure,T2,8,136.69,105.05,25,5,Loader,43.07,40.78,74,38.09,0,Storm,2970.89,1068.32,80.94,0,78.07,138.51,Optimized,Low Efficiency
3085,2024-10-14 11:42:00,FL7797,85.63,General,Medium,Arrival,T1,27,57.87,101.91,45,2,Loader,91.54,96.74,26,24.61,1,Fog,3545.3,800.85,20.11,0,122.62,39.19,Adaptive,Low Efficiency
3086,2024-01-26 06:55:00,FL5726,83.21,General,Medium,Departure,T4,16,62.25,88.65,28,14,Conveyor,71.82,95.09,29,71.1,1,Rain,2284.84,270.44,87.81,0,102.47,133.41,Adaptive,Low Efficiency
3087,2024-04-17 08:50:00,FL1388,51.94,Express,Low,Arrival,T2,18,56.05,53.99,13,10,Loader,67.16,90.96,2,60.73,0,Fog,4574.46,1183.55,62.38,0,14.36,121.19,Adaptive,Low Efficiency
3088,2024-03-28 14:04:00,FL4752,6.77,Perishable,Critical,Arrival,T4,25,130.08,5.18,45,5,Loader,85.47,59.59,30,2.34,0,Rain,2115.59,1345.85,65.08,1,103.53,39.44,Baseline,Low Efficiency
3089,2024-11-22 23:32:00,FL6427,72.04,Hazardous,High,Departure,T2,48,75.85,89.5,28,3,Forklift,86.49,88.95,74,12.99,1,Fog,2705.61,475.74,10.6,0,36.89,127.08,Adaptive,Low Efficiency
3090,2024-05-05 21:16:00,FL6615,34.11,General,Low,Arrival,T4,1,84.81,106.08,29,13,Crane,87.79,73.96,76,48.8,1,Clear,3140.76,855.43,108.65,0,140.33,54.96,Baseline,Low Efficiency
3091,2024-05-01 17:24:00,FL4969,56.78,General,High,Arrival,T2,8,133.46,43.56,40,9,Crane,85.63,44.38,84,55.63,0,Clear,2423.09,786.58,77.14,1,140.08,39.19,Optimized,Low Efficiency
3092,2024-06-03 07:02:00,FL4372,115.12,General,High,Departure,T4,21,175.49,87.57,12,2,Conveyor,78.48,84.24,57,69.2,1,Rain,4836.36,1126.42,76.5,0,128.28,40.02,Optimized,Low Efficiency
3093,2024-05-20 08:07:00,FL9836,50.89,Hazardous,Medium,Arrival,T1,34,45.9,12.14,45,9,Forklift,80.54,58.43,59,87.15,0,Fog,3922.09,1396.47,52.8,1,37.34,132.32,Baseline,Low Efficiency
3094,2024-04-01 21:15:00,FL1885,101.58,General,Low,Departure,T2,24,30.03,86.59,33,2,Conveyor,91.51,50.45,19,63.17,1,Clear,4230.88,734.35,87.19,0,25.98,12.04,Optimized,Moderate Efficiency
3095,2024-02-01 01:48:00,FL5068,26.68,Hazardous,Critical,Departure,T1,37,51.18,12.86,29,1,Loader,81.43,91.48,54,49.04,0,Rain,3886.84,747.49,101.63,0,134.71,113.57,Baseline,Moderate Efficiency
3096,2024-11-04 07:00:00,FL4644,82.33,Perishable,High,Arrival,T3,26,137.59,72.53,39,10,Conveyor,46.08,90.36,70,37.3,0,Fog,3146.48,416.52,64.45,1,77.57,122.35,Baseline,Low Efficiency
3097,2024-02-27 01:35:00,FL7250,117.36,Perishable,Medium,Arrival,T1,47,51.14,73.72,42,6,Crane,78.73,90.51,23,66.44,1,Clear,626.74,350.94,69.96,1,132.81,61.88,Adaptive,Low Efficiency
3098,2024-11-13 01:02:00,FL9543,16.72,Perishable,High,Arrival,T2,14,113.5,39.75,32,11,Forklift,50.2,90.17,83,84.13,0,Storm,3941.35,154.03,32.92,1,129.8,108.84,Baseline,Low Efficiency
3099,2024-05-27 00:47:00,FL6269,5.96,Express,Low,Departure,T1,29,114.45,14.1,23,6,Loader,40.86,68.8,95,38.06,0,Fog,3257.12,1244.61,48.85,0,130.32,136.71,Baseline,Low Efficiency
3100,2024-04-17 16:21:00,FL4007,54.86,Hazardous,Medium,Arrival,T2,30,67.11,114.17,36,4,Forklift,52.85,73.18,33,52.62,0,Rain,863.3,663.33,61.5,1,42.39,86.08,Optimized,Low Efficiency
3101,2024-07-06 18:53:00,FL8247,15.65,General,Low,Departure,T4,3,31.0,66.59,41,13,Forklift,49.26,96.42,66,18.63,0,Storm,1033.62,202.52,82.74,0,102.24,101.45,Optimized,Low Efficiency
3102,2024-08-20 20:01:00,FL1099,91.06,General,Low,Arrival,T3,7,83.87,71.67,32,2,Conveyor,46.13,39.05,79,77.17,1,Storm,2665.37,871.6,112.49,0,141.44,108.05,Adaptive,Low Efficiency
3103,2024-02-18 19:07:00,FL2058,110.17,General,High,Arrival,T1,36,49.89,75.73,39,13,Loader,52.9,86.44,11,64.22,1,Rain,4337.77,569.49,25.08,0,56.93,144.63,Adaptive,Low Efficiency
3104,2024-03-04 08:54:00,FL9055,54.91,General,Critical,Departure,T3,11,49.52,107.47,12,10,Forklift,73.81,66.84,90,31.92,0,Storm,2991.87,1460.06,68.19,0,102.31,68.79,Optimized,Low Efficiency
3105,2024-10-09 14:31:00,FL2146,34.75,Express,Medium,Arrival,T1,32,103.61,11.93,45,12,Forklift,49.09,98.49,18,78.66,0,Rain,4638.27,726.92,77.21,1,61.27,88.29,Adaptive,Low Efficiency
3106,2024-10-16 08:16:00,FL4153,54.96,General,Low,Arrival,T2,12,127.7,107.73,27,11,Conveyor,56.77,74.75,65,87.38,0,Clear,4170.44,243.9,100.8,0,47.0,75.4,Adaptive,Low Efficiency
3107,2024-08-25 11:28:00,FL1853,88.2,Express,High,Arrival,T1,15,32.07,32.56,44,3,Forklift,90.98,41.38,32,25.97,1,Rain,3338.53,993.54,102.79,0,124.02,54.2,Adaptive,Moderate Efficiency
3108,2024-07-20 02:57:00,FL3318,6.04,Hazardous,Critical,Arrival,T3,38,112.53,13.96,27,13,Crane,93.28,87.08,4,16.8,0,Storm,1910.13,1210.81,82.68,0,36.48,142.03,Optimized,Low Efficiency
3109,2024-11-29 14:52:00,FL4345,72.79,Perishable,High,Arrival,T1,24,59.39,80.59,36,6,Crane,59.99,77.09,86,74.87,1,Storm,4337.3,913.83,31.41,0,25.19,78.52,Adaptive,Low Efficiency
3110,2024-01-10 00:04:00,FL3057,75.53,General,Critical,Departure,T3,1,127.73,117.35,14,4,Loader,93.94,40.42,36,52.42,0,Fog,3466.37,1184.75,95.78,0,48.45,140.3,Baseline,Low Efficiency
3111,2024-11-01 12:56:00,FL2503,78.33,Perishable,Medium,Arrival,T3,18,149.63,11.58,21,5,Loader,75.14,30.63,93,79.59,0,Storm,2987.44,519.6,73.64,0,72.61,148.74,Optimized,Low Efficiency
3112,2024-03-22 22:24:00,FL3845,32.83,Hazardous,High,Departure,T2,46,149.12,54.0,39,11,Conveyor,53.58,68.06,57,31.28,0,Clear,2752.81,843.78,115.75,0,121.97,130.01,Baseline,Low Efficiency
3113,2024-10-28 18:54:00,FL9992,87.12,Hazardous,Low,Arrival,T4,7,79.18,65.93,39,9,Forklift,85.26,46.9,33,52.31,0,Rain,1457.65,1257.83,114.85,1,42.65,33.13,Optimized,Moderate Efficiency
3114,2024-04-18 23:11:00,FL4348,15.51,General,Medium,Arrival,T4,42,110.76,33.99,7,5,Conveyor,95.33,90.71,14,51.95,0,Rain,570.82,205.24,70.68,1,137.0,15.38,Adaptive,Low Efficiency
3115,2024-04-17 21:58:00,FL4871,27.92,Hazardous,Medium,Departure,T1,41,146.99,118.03,40,10,Conveyor,79.55,47.57,48,16.94,0,Storm,3724.28,463.21,113.77,0,86.98,85.8,Baseline,Low Efficiency
3116,2024-03-13 23:11:00,FL9313,105.91,Perishable,Medium,Arrival,T3,2,29.73,78.71,33,11,Crane,52.08,76.4,37,89.27,0,Clear,4638.25,977.65,12.83,1,109.86,85.34,Optimized,Low Efficiency
3117,2024-03-17 22:06:00,FL2280,89.95,General,Critical,Arrival,T2,40,116.9,102.1,31,8,Forklift,45.15,54.16,5,59.77,0,Rain,1326.48,808.46,110.71,0,45.16,94.68,Optimized,Low Efficiency
3118,2024-03-14 12:56:00,FL7983,6.58,Express,Critical,Departure,T4,31,153.84,52.81,35,2,Crane,53.76,54.52,50,59.77,0,Fog,4706.26,1177.48,116.1,0,128.02,17.98,Baseline,Low Efficiency
3119,2024-07-27 07:50:00,FL8652,33.56,General,Low,Departure,T2,33,79.58,45.7,38,12,Crane,60.31,42.73,61,26.72,1,Clear,823.6,349.42,117.7,0,14.38,50.54,Optimized,Moderate Efficiency
3120,2024-09-07 09:32:00,FL6103,29.66,Perishable,Low,Arrival,T2,30,92.87,68.61,16,14,Loader,60.02,65.19,86,58.53,0,Fog,2986.09,1286.26,95.58,0,39.58,79.6,Baseline,Low Efficiency
3121,2024-10-26 04:49:00,FL3689,36.14,General,Medium,Departure,T3,31,131.8,55.06,41,6,Conveyor,69.91,70.55,69,74.97,1,Fog,1020.02,965.97,29.87,0,119.19,82.01,Optimized,Low Efficiency
3122,2024-07-11 08:07:00,FL4236,33.47,General,Low,Departure,T1,34,30.86,87.22,29,11,Crane,70.31,70.67,38,73.22,0,Rain,4500.97,384.64,117.21,1,19.08,142.52,Baseline,Moderate Efficiency
3123,2024-10-05 22:10:00,FL5012,12.19,Perishable,High,Departure,T3,7,81.7,35.57,6,11,Loader,68.29,89.96,46,82.78,1,Clear,964.58,179.1,57.08,1,93.03,145.17,Adaptive,Low Efficiency
3124,2024-12-19 14:12:00,FL7947,57.78,General,Critical,Departure,T4,25,67.31,56.7,34,6,Loader,60.63,75.66,98,13.38,1,Storm,1629.75,1474.75,61.84,0,111.22,134.54,Baseline,Low Efficiency
3125,2024-12-10 11:05:00,FL3890,89.26,General,Critical,Arrival,T4,16,22.72,107.94,48,5,Forklift,46.41,81.82,15,16.45,0,Rain,4126.7,721.55,11.66,0,90.21,45.05,Adaptive,Low Efficiency
3126,2024-01-28 06:45:00,FL5079,74.77,Perishable,High,Arrival,T2,22,51.36,91.95,13,6,Forklift,65.1,52.64,37,63.92,0,Fog,3598.19,474.62,47.77,1,24.19,99.73,Adaptive,Low Efficiency
3127,2024-05-05 09:24:00,FL5966,82.38,Hazardous,High,Departure,T3,36,83.34,24.33,27,14,Crane,99.15,59.45,27,72.7,0,Rain,2246.58,352.4,38.29,0,93.77,48.37,Adaptive,Low Efficiency
3128,2024-07-19 13:12:00,FL5675,14.33,Perishable,Medium,Arrival,T3,27,51.59,106.99,13,5,Loader,79.23,31.28,1,60.69,0,Rain,4265.46,441.89,59.48,1,95.58,143.09,Baseline,Low Efficiency
3129,2024-10-20 10:28:00,FL8344,114.42,General,Low,Departure,T2,17,116.38,72.74,24,2,Loader,66.39,35.54,29,12.86,1,Fog,3360.65,785.63,39.61,1,77.93,80.85,Adaptive,Low Efficiency
3130,2024-04-14 18:00:00,FL4299,101.43,Express,Medium,Arrival,T1,4,91.78,83.12,5,5,Loader,45.01,56.96,72,53.55,1,Rain,1669.0,1294.07,59.2,0,61.03,125.97,Optimized,Low Efficiency
3131,2024-10-19 12:33:00,FL5454,97.59,Express,Medium,Arrival,T2,35,26.32,38.84,43,1,Conveyor,52.79,44.68,97,67.35,1,Storm,3831.21,391.88,26.23,0,44.1,65.02,Baseline,Low Efficiency
3132,2024-01-29 05:46:00,FL8883,99.64,Perishable,High,Departure,T2,41,64.01,55.78,27,3,Loader,74.48,86.91,7,12.33,0,Fog,1998.77,615.47,114.72,0,20.74,63.41,Baseline,Moderate Efficiency
3133,2024-10-15 04:58:00,FL2310,112.26,Express,Low,Departure,T4,22,23.12,97.78,22,14,Conveyor,69.87,77.35,29,5.03,0,Clear,4170.82,1216.19,83.05,0,14.93,14.72,Baseline,Low Efficiency
3134,2024-08-29 09:16:00,FL6891,67.59,General,Medium,Arrival,T3,47,77.3,43.03,46,7,Forklift,41.15,97.92,31,22.93,1,Fog,4017.16,1030.16,118.73,1,120.81,74.33,Optimized,Low Efficiency
3135,2024-06-21 23:59:00,FL7524,28.03,General,Medium,Arrival,T4,35,61.46,23.98,36,4,Crane,45.17,92.09,38,8.17,1,Storm,1888.33,140.19,10.53,0,83.57,100.11,Baseline,Low Efficiency
3136,2024-02-05 21:25:00,FL7188,75.93,Perishable,Critical,Arrival,T2,44,130.11,48.51,13,8,Forklift,61.36,98.44,8,13.37,0,Clear,966.43,450.43,101.94,1,30.68,28.18,Adaptive,Low Efficiency
3137,2024-12-12 01:02:00,FL3748,90.43,General,Medium,Departure,T3,15,69.19,12.96,15,3,Crane,48.45,55.57,95,18.3,0,Fog,4193.55,278.36,19.27,0,23.21,35.88,Optimized,Low Efficiency
3138,2024-07-14 13:51:00,FL8712,89.86,Hazardous,High,Arrival,T2,40,80.03,87.55,5,7,Loader,97.47,63.91,37,47.76,1,Fog,2140.02,157.81,95.12,0,22.75,146.03,Adaptive,Moderate Efficiency
3139,2024-09-28 04:52:00,FL8231,64.97,General,High,Departure,T2,44,136.05,21.99,15,14,Crane,42.05,56.08,59,14.03,0,Rain,1963.95,1426.06,111.47,0,30.2,112.42,Baseline,Low Efficiency
3140,2024-01-15 17:35:00,FL7925,12.87,Perishable,Low,Departure,T1,21,96.95,37.79,37,2,Crane,98.44,97.5,79,54.42,1,Clear,581.87,969.39,25.47,1,13.99,137.2,Adaptive,Low Efficiency
3141,2024-09-03 00:38:00,FL9278,47.68,Hazardous,Medium,Departure,T4,13,109.03,106.32,34,14,Forklift,79.39,58.19,54,26.16,0,Storm,3766.43,858.49,115.18,0,117.11,76.66,Adaptive,Low Efficiency
3142,2024-08-08 16:16:00,FL8101,110.89,Hazardous,Critical,Arrival,T4,47,154.62,67.16,9,8,Crane,64.43,38.17,58,27.95,1,Storm,1733.31,1304.11,57.99,0,61.35,35.08,Optimized,Low Efficiency
3143,2024-08-14 10:13:00,FL3553,72.21,Express,Medium,Departure,T2,11,53.1,41.95,5,13,Loader,72.37,47.54,96,87.07,0,Fog,2461.43,928.06,47.86,0,50.28,33.29,Optimized,Low Efficiency
3144,2024-07-23 03:24:00,FL8897,66.91,General,Critical,Arrival,T1,49,178.27,67.98,14,3,Conveyor,64.61,59.74,26,72.46,1,Rain,4549.08,908.76,97.53,0,74.54,85.83,Optimized,Low Efficiency
3145,2024-12-23 23:40:00,FL1324,35.92,Perishable,Low,Departure,T2,27,164.02,30.1,17,13,Loader,74.39,72.21,48,38.17,0,Storm,1063.88,382.66,103.84,0,53.51,110.15,Baseline,Low Efficiency
3146,2024-03-12 12:28:00,FL7249,47.37,Express,Low,Arrival,T2,31,65.85,7.89,31,6,Crane,49.12,73.27,11,40.27,1,Rain,671.18,968.54,102.02,1,107.61,138.22,Optimized,Moderate Efficiency
3147,2024-06-14 23:50:00,FL8002,107.96,Express,Critical,Arrival,T2,44,162.87,74.43,12,2,Forklift,47.2,83.11,23,10.33,1,Clear,3022.29,1035.2,78.64,0,51.66,67.0,Optimized,Low Efficiency
3148,2024-04-07 20:33:00,FL2363,81.64,General,High,Departure,T1,32,140.63,87.12,32,7,Loader,71.72,75.35,34,76.01,0,Rain,3649.34,1333.92,42.58,0,96.91,55.57,Optimized,Low Efficiency
3149,2024-08-06 19:16:00,FL5918,95.55,General,Critical,Departure,T3,30,168.92,106.17,49,13,Crane,44.28,64.41,33,0.36,1,Rain,2876.77,695.48,40.42,1,62.4,140.89,Adaptive,Low Efficiency
3150,2024-11-18 15:55:00,FL9801,57.25,Perishable,High,Arrival,T1,18,130.58,93.77,6,4,Forklift,57.55,32.11,81,13.0,0,Fog,2028.1,385.5,35.15,0,67.28,73.51,Baseline,Low Efficiency
3151,2024-08-21 15:34:00,FL3503,77.48,Express,Critical,Arrival,T2,16,127.92,111.57,16,6,Conveyor,95.61,78.65,97,48.07,1,Storm,2126.44,896.98,26.11,1,119.63,82.87,Optimized,Low Efficiency
3152,2024-07-15 04:27:00,FL3878,33.56,Perishable,High,Departure,T3,35,20.55,118.38,31,2,Forklift,92.57,35.98,2,16.96,1,Clear,1173.42,1461.58,53.18,0,82.61,72.89,Optimized,Low Efficiency
3153,2024-10-30 11:37:00,FL5215,86.13,Express,High,Departure,T2,9,95.94,90.67,17,3,Crane,89.88,62.82,61,56.95,1,Storm,1902.72,205.43,104.17,0,66.77,117.55,Baseline,Low Efficiency
3154,2024-03-06 00:24:00,FL7233,54.17,Express,Medium,Arrival,T1,39,52.04,104.81,26,3,Forklift,70.43,92.75,4,0.33,0,Clear,3914.99,104.86,119.58,1,55.92,19.96,Adaptive,Moderate Efficiency
3155,2024-05-16 20:24:00,FL8596,55.89,Express,Medium,Arrival,T1,37,71.85,82.48,44,4,Crane,41.67,71.78,12,8.86,1,Clear,2746.13,150.28,86.3,1,101.78,127.1,Optimized,Low Efficiency
3156,2024-11-17 15:33:00,FL6011,79.67,General,Critical,Departure,T3,10,176.61,24.66,19,1,Forklift,47.28,43.93,29,68.82,0,Storm,4508.41,1263.89,27.18,0,97.74,64.87,Optimized,Low Efficiency
3157,2024-06-02 22:19:00,FL8431,112.67,Express,Medium,Arrival,T1,12,33.68,25.9,35,13,Forklift,95.17,86.56,42,51.89,0,Clear,1256.01,101.57,84.09,0,21.66,145.23,Adaptive,Moderate Efficiency
3158,2024-10-23 11:49:00,FL5640,12.36,Express,Medium,Departure,T2,8,135.6,17.68,11,6,Forklift,90.18,51.03,83,1.75,1,Storm,2490.9,410.17,40.29,0,104.45,52.07,Adaptive,Low Efficiency
3159,2024-12-18 18:33:00,FL7146,99.85,Express,Medium,Departure,T3,3,47.67,113.44,43,11,Crane,62.59,70.41,57,18.52,1,Rain,3657.24,1474.14,88.94,0,73.29,75.84,Adaptive,Low Efficiency
3160,2024-09-29 06:33:00,FL8878,38.62,Hazardous,Medium,Departure,T4,19,21.18,82.37,39,6,Forklift,83.74,74.51,50,21.51,1,Clear,1725.29,1144.16,35.99,0,146.36,69.14,Adaptive,Low Efficiency
3161,2024-02-10 22:16:00,FL2178,56.05,General,Medium,Departure,T2,11,100.23,95.84,11,4,Crane,91.27,81.18,66,76.42,0,Storm,1700.81,406.32,28.05,1,75.58,122.2,Optimized,Low Efficiency
3162,2024-04-25 18:14:00,FL6459,7.52,Hazardous,Low,Arrival,T4,8,45.79,43.08,16,8,Loader,77.22,34.55,7,52.43,0,Rain,975.21,410.66,79.79,0,142.07,104.02,Optimized,Moderate Efficiency
3163,2024-02-17 18:44:00,FL3238,39.62,General,Critical,Departure,T3,26,174.47,57.95,18,5,Conveyor,91.21,89.8,57,48.73,1,Rain,4518.19,741.68,85.37,0,122.55,100.56,Adaptive,Low Efficiency
3164,2024-08-14 13:16:00,FL8688,62.8,Perishable,Medium,Departure,T3,45,52.59,9.57,38,10,Loader,54.68,37.97,46,7.8,1,Rain,1276.38,206.38,30.32,1,145.49,110.01,Adaptive,Low Efficiency
3165,2024-10-20 17:39:00,FL4206,11.46,Hazardous,Medium,Arrival,T2,23,50.73,107.24,43,14,Conveyor,67.73,36.62,22,59.13,0,Rain,4865.57,1014.29,66.32,1,38.83,144.27,Adaptive,Low Efficiency
3166,2024-04-08 18:39:00,FL3535,61.48,Perishable,Low,Arrival,T1,10,25.15,103.1,13,4,Crane,74.74,61.98,11,14.03,1,Clear,2519.77,795.24,106.87,0,56.52,76.91,Optimized,Moderate Efficiency
3167,2024-01-22 01:54:00,FL4106,111.62,Express,Low,Departure,T2,18,72.77,95.25,37,7,Loader,77.87,56.05,33,46.96,0,Storm,4918.03,686.97,85.33,0,92.37,101.24,Baseline,Low Efficiency
3168,2024-05-06 12:16:00,FL1068,17.12,Perishable,Low,Departure,T1,12,23.86,11.7,16,10,Conveyor,99.22,33.82,54,53.34,0,Storm,681.59,786.39,84.35,0,23.63,105.75,Optimized,Moderate Efficiency
3169,2024-05-20 08:47:00,FL1210,92.91,Perishable,High,Departure,T1,39,99.82,25.04,38,10,Conveyor,90.76,41.62,20,75.77,1,Rain,3051.92,480.61,89.59,0,109.6,129.99,Adaptive,Moderate Efficiency
3170,2024-05-26 03:57:00,FL9203,52.11,Perishable,Low,Departure,T2,26,100.9,43.43,31,8,Loader,43.32,60.74,5,72.58,0,Fog,3608.78,398.97,48.5,1,47.68,50.35,Baseline,Low Efficiency
3171,2024-02-11 23:06:00,FL7131,80.34,Perishable,Critical,Departure,T3,11,28.52,35.25,26,2,Loader,50.15,88.04,68,17.11,1,Fog,2823.57,195.96,32.65,1,30.92,122.89,Baseline,Low Efficiency
3172,2024-06-30 16:09:00,FL9051,34.93,General,Low,Departure,T2,10,58.41,101.42,22,13,Crane,79.43,38.49,14,82.46,0,Fog,3065.46,975.68,90.69,0,18.25,79.9,Adaptive,Low Efficiency
3173,2024-01-25 01:57:00,FL7628,23.34,Hazardous,Low,Arrival,T4,3,153.14,27.41,48,1,Conveyor,54.43,37.32,3,0.25,0,Fog,2922.8,791.7,99.31,0,68.1,12.26,Baseline,Low Efficiency
3174,2024-11-28 09:01:00,FL7812,23.45,General,Low,Arrival,T3,7,94.01,66.19,22,6,Crane,49.54,86.34,82,29.71,0,Rain,1172.56,1095.48,108.54,1,27.82,31.43,Baseline,Low Efficiency
3175,2024-02-06 19:35:00,FL7465,13.11,General,Low,Departure,T1,4,89.54,70.71,41,2,Crane,80.0,64.46,58,5.97,1,Fog,2893.58,1352.14,97.48,0,79.86,127.51,Adaptive,Low Efficiency
3176,2024-09-19 10:00:00,FL7113,26.35,General,High,Arrival,T3,40,131.8,53.88,11,11,Forklift,72.19,55.22,27,64.89,0,Fog,2937.78,1490.25,48.07,0,67.27,47.56,Optimized,Low Efficiency
3177,2024-05-24 23:41:00,FL7292,81.39,Perishable,Critical,Arrival,T2,8,134.38,32.68,8,8,Crane,88.31,62.29,4,45.02,1,Rain,2100.12,418.43,61.37,0,131.92,51.58,Baseline,Low Efficiency
3178,2024-07-18 12:06:00,FL9020,106.39,General,High,Departure,T3,38,141.91,115.43,49,13,Conveyor,59.16,58.76,67,15.74,0,Storm,3233.68,335.13,95.79,0,20.21,112.92,Adaptive,Low Efficiency
3179,2024-09-25 05:24:00,FL6043,98.62,Hazardous,Low,Arrival,T1,13,152.88,52.54,20,5,Forklift,59.78,84.73,64,7.66,0,Storm,2353.57,1376.95,69.14,0,130.36,106.03,Optimized,Low Efficiency
3180,2024-12-04 00:48:00,FL2167,83.79,General,Low,Arrival,T1,12,57.16,88.64,26,2,Crane,49.03,30.65,91,20.35,0,Clear,3898.2,662.22,71.29,0,110.1,73.05,Optimized,Low Efficiency
3181,2024-10-16 01:04:00,FL7697,17.7,Express,Medium,Departure,T3,35,30.62,26.17,40,11,Crane,79.14,60.32,92,82.87,0,Storm,671.95,1224.81,113.68,0,100.44,112.21,Baseline,Moderate Efficiency
3182,2024-03-31 04:50:00,FL1636,38.26,Perishable,Critical,Departure,T4,38,80.84,99.62,24,12,Conveyor,82.53,41.12,86,60.99,0,Clear,544.78,289.46,115.34,0,146.54,95.46,Adaptive,Moderate Efficiency
3183,2024-01-23 06:07:00,FL3039,40.63,Express,Low,Departure,T1,43,156.82,29.83,35,5,Forklift,48.31,51.58,42,21.8,0,Clear,2857.64,512.77,93.73,0,16.89,35.62,Optimized,Low Efficiency
3184,2024-06-25 04:10:00,FL7304,33.75,Hazardous,High,Arrival,T4,36,32.48,82.66,37,2,Loader,55.25,37.85,29,80.44,0,Clear,4951.5,115.5,99.05,0,78.67,48.75,Optimized,Low Efficiency
3185,2024-09-28 05:19:00,FL3660,64.23,Hazardous,Medium,Departure,T1,47,112.15,63.25,17,6,Loader,49.26,59.89,80,12.28,0,Storm,2504.58,1485.84,39.09,0,112.1,18.99,Optimized,Low Efficiency
3186,2024-12-21 22:10:00,FL4182,66.59,Hazardous,Low,Arrival,T3,2,132.17,21.85,24,8,Forklift,84.86,75.03,35,61.96,0,Rain,553.46,107.9,75.32,1,84.82,102.61,Optimized,Low Efficiency
3187,2024-11-20 20:13:00,FL8148,46.04,Hazardous,Medium,Departure,T1,15,97.03,7.87,45,2,Forklift,52.55,76.31,19,38.24,0,Rain,1926.98,340.31,62.57,1,54.86,17.76,Adaptive,Low Efficiency
3188,2024-05-09 07:29:00,FL5182,45.69,General,Low,Departure,T4,49,60.83,112.04,46,6,Forklift,49.13,85.77,94,24.15,1,Storm,2602.63,880.51,14.52,1,13.67,113.98,Adaptive,Low Efficiency
3189,2024-12-11 13:55:00,FL6711,100.28,Perishable,High,Departure,T4,34,72.21,19.45,42,6,Forklift,44.19,87.05,79,23.61,1,Clear,4555.08,1290.53,107.19,0,101.29,84.59,Optimized,Low Efficiency
3190,2024-09-11 16:29:00,FL9349,95.77,Hazardous,Low,Departure,T3,39,31.46,86.07,26,1,Loader,89.88,71.84,69,45.07,0,Fog,1045.77,1211.69,42.53,1,131.17,71.43,Optimized,Low Efficiency
3191,2024-09-07 16:11:00,FL9005,40.4,Express,High,Arrival,T4,26,66.81,80.06,43,9,Crane,47.44,54.72,31,83.83,0,Rain,4659.76,454.42,112.49,1,110.57,93.56,Baseline,Low Efficiency
3192,2024-04-29 01:36:00,FL7032,110.09,Hazardous,Low,Arrival,T4,48,27.1,44.3,27,12,Conveyor,41.78,33.59,43,66.81,1,Fog,4730.69,1332.34,80.01,1,17.15,96.74,Adaptive,Low Efficiency
3193,2024-07-07 08:24:00,FL1945,114.57,Perishable,Critical,Departure,T3,5,136.21,26.32,37,8,Loader,43.86,32.51,95,59.59,1,Fog,3384.31,197.48,99.44,0,108.14,91.82,Adaptive,Low Efficiency
3194,2024-03-06 19:42:00,FL7313,42.58,Express,Low,Arrival,T1,48,163.68,25.51,45,12,Conveyor,62.01,37.93,73,78.8,1,Fog,1513.32,564.57,60.46,0,113.25,109.85,Optimized,Low Efficiency
3195,2024-07-26 13:56:00,FL7947,45.76,Express,Critical,Departure,T3,25,121.36,72.31,34,14,Loader,75.8,98.87,77,51.33,1,Storm,2915.19,468.24,30.62,0,102.87,99.05,Baseline,Low Efficiency
3196,2024-01-20 23:43:00,FL5043,63.15,Express,High,Departure,T1,34,125.07,67.9,18,4,Forklift,63.89,85.02,21,17.27,0,Clear,4174.93,1018.2,106.22,0,92.46,77.63,Adaptive,Low Efficiency
3197,2024-10-08 11:43:00,FL4970,113.23,General,Critical,Arrival,T1,47,95.54,105.73,40,7,Loader,67.32,58.34,95,87.95,0,Storm,2111.21,153.57,96.09,0,108.2,126.14,Baseline,Low Efficiency
3198,2024-02-06 03:42:00,FL8827,105.78,Hazardous,Medium,Arrival,T1,4,44.97,78.6,12,4,Loader,95.16,62.63,65,48.13,0,Clear,4573.9,1296.09,93.0,1,90.66,146.31,Optimized,Moderate Efficiency
3199,2024-04-28 15:00:00,FL1565,16.8,General,High,Departure,T2,34,21.24,99.22,26,8,Forklift,85.54,81.62,77,28.38,0,Clear,891.15,1445.9,33.41,1,77.07,95.76,Adaptive,Low Efficiency
3200,2024-06-05 01:29:00,FL6921,50.16,Express,Medium,Departure,T1,27,75.04,8.73,8,10,Crane,60.46,66.01,34,70.04,0,Fog,1882.33,430.76,67.38,0,85.09,109.69,Baseline,Low Efficiency
3201,2024-06-10 04:23:00,FL1462,68.64,General,Low,Departure,T3,42,140.24,82.16,39,2,Forklift,49.26,55.23,61,41.76,1,Fog,4969.39,1362.76,45.49,0,20.09,81.18,Adaptive,Low Efficiency
3202,2024-06-12 22:07:00,FL3422,62.86,General,Medium,Arrival,T3,29,173.67,31.88,12,2,Crane,84.95,54.47,36,1.12,1,Rain,3127.43,1368.74,77.41,0,83.58,66.12,Optimized,Low Efficiency
3203,2024-05-30 12:53:00,FL5281,27.29,General,Low,Departure,T3,5,88.97,34.08,38,3,Loader,74.41,44.67,80,28.8,1,Storm,3156.54,976.92,68.57,0,108.51,130.51,Adaptive,Low Efficiency
3204,2024-07-14 22:34:00,FL8462,103.76,Hazardous,Critical,Departure,T2,18,78.46,87.87,26,14,Loader,97.73,91.99,74,41.15,0,Rain,1579.42,809.78,29.51,0,79.12,37.25,Optimized,Low Efficiency
3205,2024-10-25 04:39:00,FL3414,82.85,Express,Low,Departure,T4,4,91.35,96.24,29,4,Conveyor,94.51,58.99,41,33.54,1,Clear,4359.01,1184.57,78.61,0,87.98,106.64,Baseline,Low Efficiency
3206,2024-01-15 14:26:00,FL5166,101.36,Express,Medium,Departure,T2,1,88.44,47.75,29,11,Conveyor,73.82,82.67,34,49.66,1,Storm,2430.87,825.25,14.2,0,116.96,29.21,Baseline,Low Efficiency
3207,2024-01-07 11:30:00,FL5053,103.76,Hazardous,High,Departure,T3,20,120.14,95.86,44,13,Loader,44.19,70.16,25,16.5,1,Storm,4070.92,1141.98,17.78,0,29.79,117.33,Baseline,Low Efficiency
3208,2024-12-11 05:26:00,FL3644,91.06,General,Medium,Departure,T3,6,137.46,56.03,44,6,Conveyor,41.86,82.79,57,51.52,1,Rain,4148.08,229.91,30.11,0,114.98,42.85,Optimized,Low Efficiency
3209,2024-04-06 08:21:00,FL1202,55.51,General,High,Arrival,T4,20,145.59,103.63,21,5,Crane,90.25,52.46,65,88.79,0,Storm,1286.86,499.27,73.67,0,62.3,94.98,Baseline,Low Efficiency
3210,2024-05-06 02:54:00,FL2912,75.21,Perishable,Low,Departure,T2,20,123.94,7.86,20,10,Forklift,81.88,82.64,76,67.84,0,Fog,2758.05,652.07,93.54,1,119.98,29.51,Optimized,Low Efficiency
3211,2024-01-07 03:54:00,FL2512,23.44,Perishable,Medium,Departure,T3,46,90.04,14.6,43,13,Loader,73.61,85.3,22,61.61,0,Fog,2227.96,387.07,96.07,1,40.75,10.08,Baseline,Moderate Efficiency
3212,2024-06-11 22:39:00,FL7297,82.47,Perishable,Low,Arrival,T1,27,172.02,94.28,19,10,Loader,81.34,37.3,60,18.05,0,Fog,1196.81,422.54,40.43,1,121.18,113.8,Optimized,Low Efficiency
3213,2024-07-02 18:50:00,FL7515,25.61,Hazardous,Critical,Arrival,T1,26,133.76,76.77,21,7,Conveyor,72.39,36.4,54,52.36,1,Clear,1055.28,1166.35,52.26,0,120.81,132.53,Adaptive,Low Efficiency
3214,2024-08-10 10:17:00,FL2316,84.8,Express,High,Departure,T3,32,88.27,69.29,39,6,Loader,74.7,98.98,22,73.77,0,Rain,706.1,343.0,35.71,1,54.98,121.93,Baseline,Low Efficiency
3215,2024-07-19 12:35:00,FL9495,31.4,Perishable,Critical,Arrival,T1,10,91.45,75.61,37,14,Loader,53.55,38.26,61,21.66,0,Fog,3658.84,257.0,14.0,0,121.44,28.6,Adaptive,Low Efficiency
3216,2024-11-04 14:33:00,FL4093,18.52,Express,Low,Departure,T4,18,150.88,111.97,44,4,Crane,67.33,77.94,66,7.81,1,Clear,4019.68,492.52,64.46,0,27.34,42.86,Optimized,Low Efficiency
3217,2024-10-01 03:23:00,FL7929,24.01,Express,Low,Arrival,T3,41,90.49,80.39,43,11,Crane,40.66,82.35,45,59.56,1,Clear,2621.25,324.07,69.96,0,123.32,125.42,Optimized,Low Efficiency
3218,2024-09-10 22:08:00,FL3716,5.23,Express,Low,Arrival,T2,12,102.6,79.46,22,10,Forklift,80.12,34.45,72,60.62,1,Rain,3037.64,384.34,112.86,1,30.51,12.35,Baseline,Low Efficiency
3219,2024-11-30 05:34:00,FL7993,87.66,Hazardous,Low,Departure,T3,10,66.65,92.34,34,9,Loader,59.94,82.26,97,72.4,1,Fog,1678.98,1196.16,88.31,0,147.98,83.98,Adaptive,Low Efficiency
3220,2024-07-02 11:59:00,FL5143,89.23,Hazardous,Low,Arrival,T4,24,154.23,104.66,27,7,Conveyor,79.38,59.37,69,56.66,1,Storm,3716.6,717.49,112.77,0,92.23,127.01,Optimized,Low Efficiency
3221,2024-06-07 21:28:00,FL5951,64.22,Hazardous,High,Departure,T2,24,103.57,35.12,41,1,Forklift,95.59,49.23,64,76.33,1,Clear,3127.8,707.73,40.75,0,119.44,37.33,Baseline,Low Efficiency
3222,2024-12-05 20:08:00,FL9202,23.56,Hazardous,Low,Arrival,T4,38,108.41,75.93,11,8,Conveyor,75.5,76.57,10,23.95,1,Storm,4470.42,834.8,89.71,0,88.88,30.17,Adaptive,Low Efficiency
3223,2024-08-08 00:22:00,FL9735,14.61,Perishable,Medium,Departure,T1,46,160.91,72.16,14,4,Loader,59.69,88.32,67,3.18,1,Clear,3857.66,224.76,75.81,0,91.03,35.44,Baseline,Low Efficiency
3224,2024-10-16 04:44:00,FL7271,7.2,General,Critical,Arrival,T1,25,167.28,20.51,20,7,Conveyor,52.43,70.1,11,65.95,1,Fog,585.21,1482.05,42.65,0,77.6,115.79,Adaptive,Low Efficiency
3225,2024-03-15 12:02:00,FL6045,24.06,General,High,Departure,T1,8,151.87,64.84,32,11,Conveyor,55.1,90.94,94,34.73,0,Clear,4144.32,1285.97,33.23,0,29.36,145.13,Optimized,Low Efficiency
3226,2024-01-06 08:24:00,FL7743,107.45,General,Medium,Departure,T4,14,30.46,13.0,27,2,Forklift,99.24,31.56,28,18.87,1,Clear,622.08,509.87,42.01,0,48.07,39.55,Optimized,Moderate Efficiency
3227,2024-09-29 12:08:00,FL2456,32.78,Perishable,Medium,Departure,T4,43,90.96,26.27,38,12,Loader,76.92,81.7,5,4.65,1,Rain,4162.31,179.45,117.77,0,141.02,25.21,Optimized,Moderate Efficiency
3228,2024-07-24 20:08:00,FL2790,45.74,General,Medium,Departure,T3,31,74.93,109.99,22,3,Forklift,66.43,41.86,12,67.98,0,Rain,4942.7,964.25,12.55,0,62.17,47.92,Adaptive,Low Efficiency
3229,2024-08-05 08:14:00,FL6642,17.11,Perishable,Low,Arrival,T2,24,54.16,18.71,27,1,Loader,53.86,50.03,44,74.37,1,Storm,2663.95,928.95,109.53,1,17.87,25.52,Adaptive,Moderate Efficiency
3230,2024-03-19 17:15:00,FL3338,30.57,Perishable,High,Departure,T2,16,165.43,71.58,24,2,Crane,86.38,70.06,93,35.01,0,Rain,1521.04,533.92,94.89,0,121.63,10.71,Baseline,Low Efficiency
3231,2024-12-16 18:59:00,FL5407,64.71,Perishable,Medium,Arrival,T4,20,162.41,42.2,35,11,Forklift,63.25,49.21,90,79.66,0,Rain,543.07,576.83,69.79,0,109.86,72.97,Optimized,Low Efficiency
3232,2024-02-16 11:38:00,FL4432,74.89,General,Critical,Arrival,T4,38,94.45,68.86,18,5,Loader,58.07,41.77,93,37.4,1,Storm,1176.32,836.08,104.41,1,53.05,115.19,Adaptive,Low Efficiency
3233,2024-09-01 20:58:00,FL7520,33.22,Express,High,Departure,T1,47,41.53,32.02,27,2,Crane,53.34,91.98,29,85.64,0,Storm,2767.02,1330.85,15.72,0,61.96,53.56,Optimized,Low Efficiency
3234,2024-07-20 07:53:00,FL6047,11.64,General,High,Departure,T4,15,22.14,56.1,6,13,Crane,51.14,93.47,78,88.49,0,Rain,4129.64,252.9,69.86,0,78.77,56.34,Adaptive,Low Efficiency
3235,2024-08-24 18:10:00,FL1105,49.97,General,Medium,Arrival,T1,14,90.15,104.74,33,6,Crane,56.4,32.55,36,73.59,1,Fog,4421.65,813.75,41.4,0,29.97,41.9,Adaptive,Low Efficiency
3236,2024-07-20 14:54:00,FL3759,31.93,Hazardous,Low,Arrival,T4,12,26.39,48.26,13,6,Forklift,77.63,65.01,35,23.06,0,Clear,3576.02,711.8,11.08,0,148.92,28.43,Adaptive,Low Efficiency
3237,2024-07-09 03:52:00,FL9056,30.25,Perishable,High,Arrival,T2,34,117.53,45.6,37,6,Crane,54.39,44.26,8,32.97,0,Fog,890.69,752.95,78.1,1,62.92,19.35,Baseline,Low Efficiency
3238,2024-08-05 13:45:00,FL1025,115.38,Express,Medium,Departure,T3,8,117.35,56.3,48,12,Loader,43.64,90.44,16,47.94,0,Fog,4961.05,1373.66,82.35,1,130.09,89.83,Optimized,Low Efficiency
3239,2024-05-17 03:49:00,FL2587,75.87,Hazardous,Low,Departure,T4,19,163.83,16.56,16,11,Forklift,61.54,62.38,43,29.58,1,Rain,3861.97,862.08,74.99,0,125.97,116.97,Adaptive,Low Efficiency
3240,2024-04-19 04:12:00,FL2144,69.04,Express,Low,Arrival,T1,46,50.41,49.54,23,14,Conveyor,75.09,63.49,69,73.7,0,Fog,2419.06,1072.9,52.95,0,47.12,80.51,Adaptive,Low Efficiency
3241,2024-06-23 23:34:00,FL7845,52.81,Express,Low,Arrival,T3,5,79.42,5.79,46,3,Crane,43.61,73.92,16,83.48,0,Clear,4161.54,1377.74,98.47,0,21.09,128.19,Baseline,Low Efficiency
3242,2024-02-11 08:12:00,FL9600,54.33,Perishable,High,Arrival,T1,27,157.53,62.89,24,11,Forklift,67.16,33.89,56,88.72,0,Fog,3148.58,523.37,47.75,1,72.69,74.65,Optimized,Low Efficiency
3243,2024-10-21 06:07:00,FL7829,67.2,General,Low,Departure,T1,41,95.89,102.51,41,3,Conveyor,43.14,38.91,41,30.27,0,Storm,3212.52,602.18,76.44,0,40.64,19.97,Adaptive,Low Efficiency
3244,2024-08-20 17:09:00,FL5724,85.09,Perishable,Medium,Arrival,T3,13,29.56,68.49,35,10,Forklift,86.09,64.89,77,24.32,1,Fog,4870.86,417.21,119.57,0,63.09,94.57,Optimized,Moderate Efficiency
3245,2024-04-11 21:26:00,FL8060,85.75,Perishable,Medium,Arrival,T3,32,37.73,74.89,39,7,Crane,92.31,97.67,8,14.5,1,Rain,4105.08,1012.6,103.04,0,138.63,110.11,Baseline,Moderate Efficiency
3246,2024-01-19 12:51:00,FL3795,24.74,Hazardous,Medium,Arrival,T3,31,150.15,8.51,45,13,Crane,97.83,89.05,54,4.27,1,Fog,1679.68,455.3,80.87,0,91.9,27.28,Baseline,Low Efficiency
3247,2024-12-28 04:13:00,FL3890,62.51,Perishable,Critical,Arrival,T4,41,138.99,103.84,25,13,Conveyor,81.48,92.26,90,15.93,1,Fog,1288.21,428.55,84.16,0,69.13,83.3,Optimized,Low Efficiency
3248,2024-08-03 06:03:00,FL7138,52.38,General,Critical,Departure,T3,46,160.14,49.28,47,4,Loader,77.92,39.6,5,25.61,1,Storm,1275.39,1481.44,102.51,0,93.1,51.61,Optimized,Low Efficiency
3249,2024-07-07 21:48:00,FL4053,105.11,Express,Medium,Arrival,T4,37,39.02,117.11,17,6,Crane,81.64,97.1,9,35.2,0,Rain,2545.27,1076.28,29.34,1,24.63,144.76,Optimized,Low Efficiency
3250,2024-10-31 18:57:00,FL3200,77.61,Perishable,Low,Departure,T2,2,141.67,18.85,43,12,Conveyor,91.28,81.1,66,9.87,0,Clear,2248.54,1240.13,22.12,1,116.45,39.66,Optimized,Low Efficiency
3251,2024-10-21 14:52:00,FL4244,66.24,Express,Medium,Departure,T2,7,124.82,113.64,31,8,Crane,88.43,52.8,71,73.82,0,Rain,2537.43,1456.33,34.3,0,89.28,105.57,Adaptive,Low Efficiency
3252,2024-10-09 17:35:00,FL8970,18.27,Perishable,High,Arrival,T1,48,57.17,77.94,29,3,Loader,66.31,90.51,30,55.71,0,Rain,782.14,1459.48,91.9,1,145.8,53.21,Baseline,Low Efficiency
3253,2024-01-26 17:14:00,FL3981,74.65,Express,Medium,Departure,T1,11,175.82,11.02,6,9,Conveyor,79.06,82.31,81,50.64,1,Fog,1409.35,566.35,94.67,0,65.2,68.29,Adaptive,Low Efficiency
3254,2024-05-18 07:00:00,FL9234,18.48,Perishable,High,Arrival,T4,11,111.26,116.75,39,9,Loader,49.72,81.56,95,49.07,0,Rain,4088.75,826.26,13.1,1,36.18,125.79,Adaptive,Low Efficiency
3255,2024-09-06 21:16:00,FL2806,43.78,Hazardous,Low,Arrival,T1,23,165.1,6.6,12,3,Crane,81.7,81.42,65,26.1,1,Rain,3909.21,1392.76,16.6,1,35.12,149.61,Adaptive,Low Efficiency
3256,2024-06-10 22:04:00,FL8383,21.43,Express,High,Arrival,T2,31,157.45,89.03,37,6,Conveyor,83.85,86.06,92,84.38,1,Clear,2269.9,135.89,117.97,1,130.03,26.94,Adaptive,Low Efficiency
3257,2024-12-12 10:04:00,FL4482,84.59,Perishable,Low,Arrival,T4,44,73.3,107.3,29,5,Forklift,88.08,96.4,30,20.86,1,Fog,2257.09,1382.66,64.13,0,74.51,74.33,Baseline,Low Efficiency
3258,2024-09-18 01:11:00,FL4041,28.72,Perishable,High,Arrival,T4,45,105.75,25.22,25,4,Loader,89.06,39.58,47,60.18,0,Clear,4477.2,1301.2,68.95,0,50.85,96.84,Baseline,Low Efficiency
3259,2024-08-06 14:17:00,FL4292,50.06,Hazardous,Medium,Departure,T3,8,89.02,44.49,40,8,Crane,66.39,99.97,95,22.78,1,Clear,1318.44,755.18,77.34,0,120.39,65.0,Adaptive,Low Efficiency
3260,2024-05-03 18:43:00,FL1966,108.0,Hazardous,High,Departure,T4,32,133.45,69.54,17,10,Crane,94.21,91.06,88,89.07,0,Rain,2107.47,823.69,116.09,0,113.2,28.46,Adaptive,Low Efficiency
3261,2024-05-11 21:34:00,FL3993,28.5,Hazardous,Low,Arrival,T1,48,114.09,83.18,13,9,Loader,98.86,60.91,31,82.05,0,Clear,3935.64,166.73,27.55,0,137.44,13.34,Baseline,Low Efficiency
3262,2024-08-01 22:14:00,FL4143,63.4,Express,Medium,Departure,T2,21,145.58,105.27,39,12,Conveyor,98.68,41.02,60,23.81,0,Storm,3085.64,878.09,79.64,0,131.26,14.38,Baseline,Low Efficiency
3263,2024-03-12 01:44:00,FL5249,53.22,Express,High,Arrival,T1,31,21.88,92.52,40,9,Forklift,75.15,61.77,75,88.87,0,Clear,771.19,272.35,18.34,0,23.69,79.65,Baseline,Low Efficiency
3264,2024-12-08 19:29:00,FL7697,7.08,Hazardous,Low,Departure,T2,1,130.05,46.78,48,5,Crane,73.57,84.5,80,56.34,0,Rain,553.21,469.5,66.48,0,34.04,67.56,Baseline,Low Efficiency
3265,2024-04-03 03:59:00,FL8220,96.17,General,High,Departure,T3,13,71.05,99.5,14,5,Loader,67.44,72.17,9,65.57,1,Rain,586.1,1225.66,58.43,1,74.5,147.1,Adaptive,Low Efficiency
3266,2024-07-07 08:16:00,FL2789,12.94,General,High,Arrival,T2,11,55.88,116.1,9,11,Loader,57.99,49.57,94,25.46,1,Fog,3451.92,806.54,39.5,0,135.26,137.69,Baseline,Low Efficiency
3267,2024-05-13 07:21:00,FL3721,59.54,Perishable,Medium,Departure,T3,29,148.2,31.1,35,3,Forklift,60.03,58.48,76,19.44,0,Rain,3301.2,1152.64,58.46,0,114.47,95.57,Adaptive,Low Efficiency
3268,2024-09-01 09:36:00,FL2307,69.48,General,Medium,Departure,T1,4,34.28,13.52,28,9,Forklift,52.95,96.8,54,77.23,0,Rain,700.3,1404.52,86.81,0,28.23,76.45,Optimized,Moderate Efficiency
3269,2024-03-06 00:37:00,FL5802,77.27,Perishable,Medium,Departure,T3,36,56.55,54.06,36,1,Crane,97.34,86.27,61,24.77,0,Storm,1093.83,339.62,102.51,0,36.56,90.26,Adaptive,Moderate Efficiency
3270,2024-06-10 20:09:00,FL2404,84.19,Express,Medium,Arrival,T4,15,52.6,106.36,7,12,Forklift,77.19,38.68,64,82.58,0,Rain,3751.51,463.31,96.34,0,74.98,75.02,Baseline,Low Efficiency
3271,2024-09-15 17:01:00,FL7188,34.13,Express,Medium,Departure,T4,3,87.17,22.28,20,3,Loader,96.07,68.18,80,33.0,1,Fog,1893.15,921.78,74.33,0,106.37,58.54,Adaptive,Moderate Efficiency
3272,2024-06-11 14:56:00,FL3042,6.15,General,High,Departure,T2,29,71.57,106.87,45,7,Conveyor,63.23,95.17,97,0.82,0,Clear,4962.58,1429.43,108.67,0,37.36,95.45,Baseline,Low Efficiency
3273,2024-08-11 14:42:00,FL5534,88.2,Express,Medium,Departure,T1,21,135.27,119.1,24,7,Conveyor,57.89,32.4,6,53.29,1,Rain,1906.18,1191.02,86.32,1,21.67,140.25,Optimized,Low Efficiency
3274,2024-11-02 04:17:00,FL2052,66.6,Hazardous,Low,Departure,T1,2,131.9,11.21,48,5,Loader,47.96,32.98,45,31.83,1,Fog,2010.59,995.04,102.21,0,12.59,100.44,Baseline,Low Efficiency
3275,2024-08-29 06:11:00,FL6605,101.15,Hazardous,Low,Departure,T2,6,72.08,61.95,28,6,Loader,58.01,80.17,65,87.84,0,Rain,2387.62,1050.84,53.81,0,28.28,34.84,Baseline,Low Efficiency
3276,2024-09-27 15:37:00,FL1486,99.46,General,Low,Departure,T4,31,89.92,42.82,38,4,Loader,93.41,70.29,77,34.8,0,Clear,4224.45,705.68,86.82,0,67.39,76.62,Baseline,Low Efficiency
3277,2024-07-08 17:36:00,FL4846,101.98,General,Medium,Departure,T3,24,53.27,50.27,27,8,Crane,74.94,33.22,37,28.3,0,Clear,3007.81,665.22,18.2,0,131.04,34.16,Baseline,Low Efficiency
3278,2024-08-02 02:54:00,FL8829,60.79,Perishable,High,Departure,T2,40,127.33,56.94,42,4,Loader,67.15,99.72,99,50.98,0,Rain,4357.61,1481.57,115.29,0,15.69,26.72,Adaptive,Low Efficiency
3279,2024-12-03 16:48:00,FL8949,43.37,Express,High,Departure,T3,17,83.4,90.07,6,10,Forklift,74.09,70.61,90,65.69,0,Rain,2422.43,1298.94,79.22,1,105.17,56.15,Baseline,Low Efficiency
3280,2024-03-26 18:22:00,FL2651,96.03,Perishable,Low,Arrival,T3,5,41.25,73.0,45,6,Loader,93.56,64.44,73,86.99,1,Fog,3237.26,1165.26,104.24,0,28.76,37.88,Optimized,Moderate Efficiency
3281,2024-12-08 15:13:00,FL1155,56.9,Perishable,Critical,Departure,T1,2,40.36,115.54,9,5,Loader,51.57,61.34,17,6.27,0,Clear,520.79,1107.6,63.39,0,78.83,140.95,Adaptive,Low Efficiency
3282,2024-02-09 02:04:00,FL2000,26.1,Hazardous,Medium,Departure,T4,12,71.57,43.27,22,12,Crane,97.94,79.05,99,37.76,0,Rain,3089.97,893.96,13.39,0,50.24,17.82,Baseline,Low Efficiency
3283,2024-02-21 20:35:00,FL5359,103.32,Hazardous,Critical,Departure,T3,5,139.57,67.27,33,14,Loader,79.97,62.08,25,59.73,0,Rain,862.35,560.74,64.12,0,127.39,144.98,Optimized,Low Efficiency
3284,2024-12-09 20:38:00,FL1118,106.49,Hazardous,High,Departure,T4,42,24.08,98.53,14,10,Forklift,91.32,76.14,50,0.45,0,Rain,1368.56,705.99,89.84,0,102.99,127.71,Adaptive,Moderate Efficiency
3285,2024-05-21 15:53:00,FL1685,58.63,Hazardous,High,Departure,T1,41,61.24,47.9,46,6,Forklift,71.52,64.18,71,44.01,1,Rain,4988.92,182.4,17.19,0,51.56,46.58,Adaptive,Low Efficiency
3286,2024-12-30 10:28:00,FL2586,13.71,Perishable,Low,Arrival,T2,20,46.0,58.51,46,3,Forklift,54.2,72.75,31,72.59,1,Fog,3367.31,225.03,21.03,0,80.45,22.96,Baseline,Low Efficiency
3287,2024-03-28 05:56:00,FL4458,49.6,Hazardous,Low,Arrival,T2,8,173.04,83.77,20,13,Loader,74.05,86.36,32,4.58,0,Storm,4411.65,638.25,15.97,0,115.94,89.38,Optimized,Low Efficiency
3288,2024-10-04 22:09:00,FL9557,97.41,Express,Low,Arrival,T1,1,132.85,103.99,27,3,Crane,44.08,87.2,48,30.65,1,Fog,757.96,261.99,23.19,1,131.37,44.48,Adaptive,Low Efficiency
3289,2024-08-05 06:08:00,FL1118,108.7,Hazardous,High,Arrival,T1,6,57.32,52.8,34,10,Crane,91.13,89.43,83,36.08,0,Clear,2230.53,657.31,77.58,1,96.74,45.08,Baseline,Moderate Efficiency
3290,2024-10-27 19:34:00,FL7154,28.4,Hazardous,Medium,Departure,T3,11,53.19,66.17,10,7,Crane,78.97,44.21,17,64.47,0,Clear,4380.98,398.78,106.18,0,96.04,90.35,Baseline,Moderate Efficiency
3291,2024-02-09 08:48:00,FL9520,12.7,Hazardous,High,Departure,T1,3,157.28,117.14,48,13,Forklift,56.97,34.28,61,26.61,0,Storm,2348.53,590.04,61.8,0,24.42,74.07,Optimized,Low Efficiency
3292,2024-04-19 19:02:00,FL5355,105.9,General,Medium,Departure,T2,31,50.44,9.88,40,1,Crane,56.47,88.53,57,22.16,0,Fog,1641.34,630.94,98.97,0,82.98,80.97,Baseline,Moderate Efficiency
3293,2024-04-10 00:37:00,FL8961,49.78,Express,High,Arrival,T4,28,179.53,56.55,24,1,Loader,94.17,32.96,57,10.4,1,Storm,2664.44,1212.05,53.84,0,124.14,54.67,Optimized,Low Efficiency
3294,2024-05-25 20:26:00,FL8753,67.3,Express,Low,Arrival,T4,47,65.17,78.14,20,1,Loader,90.45,44.94,70,89.63,0,Storm,2619.23,1059.88,104.08,1,105.54,55.39,Adaptive,Moderate Efficiency
3295,2024-09-06 12:35:00,FL6521,116.33,Perishable,Low,Arrival,T4,43,33.49,5.97,32,6,Conveyor,85.79,66.83,89,42.45,0,Clear,4958.09,1240.86,27.33,0,16.66,149.92,Adaptive,Low Efficiency
3296,2024-10-24 23:08:00,FL8036,12.65,Perishable,Medium,Arrival,T4,5,130.55,73.63,30,4,Forklift,64.89,89.88,33,4.34,0,Fog,2095.27,610.84,73.13,0,107.94,65.05,Baseline,Low Efficiency
3297,2024-11-29 04:38:00,FL6514,79.56,Hazardous,Medium,Departure,T1,26,117.54,11.46,26,14,Conveyor,92.35,92.77,19,6.89,1,Rain,4808.06,1256.17,67.22,0,66.37,41.22,Optimized,Low Efficiency
3298,2024-04-14 07:01:00,FL7074,13.52,General,Medium,Departure,T1,16,179.97,103.62,15,6,Conveyor,54.81,73.96,15,11.52,0,Rain,4604.15,1429.51,21.31,1,105.76,108.63,Adaptive,Low Efficiency
3299,2024-08-18 09:12:00,FL6620,48.18,Perishable,High,Arrival,T4,31,148.33,97.81,5,14,Forklift,41.46,97.67,35,19.06,1,Storm,2522.8,488.41,36.21,0,123.57,119.73,Optimized,Low Efficiency
3300,2024-05-11 07:57:00,FL6164,97.44,Perishable,Low,Departure,T1,28,88.61,8.71,9,14,Forklift,65.97,81.1,49,66.64,0,Fog,4752.42,1106.18,63.31,0,34.42,42.93,Adaptive,Low Efficiency
3301,2024-02-28 20:16:00,FL4925,54.85,Hazardous,Medium,Arrival,T3,7,128.26,10.61,47,1,Conveyor,95.17,66.94,96,50.28,0,Rain,3779.95,180.59,94.9,0,131.89,25.31,Optimized,Low Efficiency
3302,2024-12-21 01:05:00,FL6918,119.68,Hazardous,High,Arrival,T1,38,150.86,91.67,45,4,Loader,74.27,39.41,36,69.9,1,Rain,4482.55,829.46,109.52,0,37.24,51.17,Adaptive,Low Efficiency
3303,2024-08-30 05:07:00,FL7528,69.29,Perishable,Low,Arrival,T3,9,102.2,47.5,46,4,Conveyor,53.77,60.01,96,1.78,0,Fog,4512.97,318.88,90.92,0,50.21,83.54,Optimized,Low Efficiency
3304,2024-05-08 18:13:00,FL7200,41.93,Perishable,Critical,Arrival,T3,39,63.66,71.13,40,2,Forklift,79.05,87.56,96,23.86,1,Rain,884.57,1266.14,42.23,1,105.27,63.31,Adaptive,Low Efficiency
3305,2024-08-16 05:18:00,FL1937,30.31,Express,Critical,Departure,T1,35,53.62,36.09,6,1,Loader,84.7,49.86,54,36.5,0,Clear,4535.71,680.0,21.31,0,111.82,31.64,Baseline,Low Efficiency
3306,2024-02-12 05:51:00,FL6833,45.31,General,Low,Departure,T4,43,67.25,24.89,10,13,Conveyor,73.02,70.48,36,38.61,0,Rain,2703.11,946.03,67.77,0,69.61,13.44,Optimized,Low Efficiency
3307,2024-01-04 10:22:00,FL6410,47.84,Express,Low,Arrival,T3,27,155.69,39.05,31,8,Conveyor,90.56,98.84,53,4.82,0,Clear,3366.66,915.06,47.88,0,25.77,80.8,Baseline,Low Efficiency
3308,2024-11-25 04:12:00,FL2641,12.9,Perishable,Medium,Arrival,T1,12,80.87,33.37,30,6,Conveyor,75.54,42.21,60,46.04,1,Storm,1852.33,245.99,71.97,0,138.45,131.88,Adaptive,Low Efficiency
3309,2024-07-18 04:14:00,FL1050,47.5,Express,High,Departure,T2,25,65.87,56.56,39,4,Forklift,45.76,37.1,98,25.8,1,Fog,3404.84,240.2,53.77,0,58.54,93.36,Optimized,Low Efficiency
3310,2024-06-01 11:13:00,FL8486,58.39,Express,Medium,Departure,T4,43,148.94,90.87,17,2,Conveyor,88.57,85.69,74,17.23,1,Clear,621.85,900.14,51.71,1,145.41,131.6,Adaptive,Low Efficiency
3311,2024-05-02 18:35:00,FL7583,88.11,Perishable,High,Arrival,T2,29,25.11,68.72,16,12,Forklift,48.78,31.74,44,60.4,1,Rain,2170.31,540.97,110.32,1,128.89,117.26,Adaptive,Moderate Efficiency
3312,2024-04-25 08:51:00,FL3275,80.52,Hazardous,High,Arrival,T3,31,115.03,75.06,22,13,Loader,92.97,75.03,33,7.55,0,Clear,3328.65,255.98,83.43,0,51.36,58.04,Baseline,Low Efficiency
3313,2024-12-22 11:58:00,FL1420,86.51,Perishable,Low,Arrival,T2,34,159.78,59.06,42,5,Crane,71.31,53.5,44,78.03,0,Rain,1385.93,534.0,83.67,0,114.72,67.85,Baseline,Low Efficiency
3314,2024-03-05 02:38:00,FL3013,5.96,Hazardous,High,Arrival,T1,33,85.61,42.34,46,9,Loader,83.91,80.67,55,80.98,0,Rain,3526.8,366.91,24.71,0,48.26,130.73,Baseline,Low Efficiency
3315,2024-04-04 05:31:00,FL9693,30.03,Perishable,High,Arrival,T4,27,63.09,21.5,10,7,Conveyor,98.33,38.42,74,29.3,0,Clear,4229.97,155.53,52.86,0,13.53,108.76,Adaptive,Low Efficiency
3316,2024-11-11 19:39:00,FL5578,81.09,Perishable,Medium,Departure,T3,2,98.67,45.78,32,4,Forklift,65.92,53.1,44,88.82,0,Rain,668.02,631.77,93.9,0,46.81,88.32,Baseline,Low Efficiency
3317,2024-11-08 16:28:00,FL5072,60.66,Perishable,Critical,Departure,T1,14,134.8,81.5,32,5,Conveyor,67.58,31.19,51,36.11,0,Clear,3217.77,1053.04,72.36,1,32.42,142.63,Baseline,Low Efficiency
3318,2024-10-20 17:48:00,FL7036,5.61,General,High,Arrival,T4,13,102.66,89.38,29,8,Loader,89.55,46.46,99,86.61,1,Storm,3112.82,258.54,60.64,0,53.1,16.53,Optimized,Low Efficiency
3319,2024-11-08 09:45:00,FL8404,97.52,Hazardous,Low,Arrival,T3,24,21.22,58.96,9,11,Crane,46.61,63.83,86,88.82,0,Storm,4019.38,919.19,117.0,1,76.9,129.96,Optimized,Moderate Efficiency
3320,2024-12-13 15:10:00,FL8785,93.87,General,Medium,Arrival,T3,5,32.53,79.17,19,13,Crane,41.66,42.43,51,74.42,1,Storm,3638.79,312.31,25.0,0,31.07,54.61,Baseline,Low Efficiency
3321,2024-10-06 02:56:00,FL9436,68.07,Perishable,Medium,Arrival,T3,34,135.41,29.21,48,5,Forklift,76.26,71.98,87,11.23,1,Storm,2545.79,195.73,27.68,0,23.55,100.88,Baseline,Low Efficiency
3322,2024-01-04 09:35:00,FL7768,12.64,Express,Low,Departure,T3,23,83.99,103.91,13,12,Loader,50.05,38.27,7,52.6,0,Rain,2095.35,229.11,71.96,0,81.21,138.1,Baseline,Low Efficiency
3323,2024-01-28 11:17:00,FL4079,93.15,General,Critical,Departure,T2,19,145.56,104.58,49,6,Loader,55.34,82.17,85,65.87,0,Fog,4935.42,393.73,54.57,0,58.67,59.57,Baseline,Low Efficiency
3324,2024-05-25 05:00:00,FL1051,72.13,Hazardous,Low,Arrival,T2,30,123.92,41.84,6,13,Forklift,98.58,94.52,1,6.97,0,Fog,2758.0,751.85,62.88,0,72.56,79.31,Adaptive,Low Efficiency
3325,2024-09-28 16:25:00,FL6278,94.93,Perishable,High,Departure,T2,49,113.04,67.99,13,10,Forklift,79.19,57.01,13,80.43,1,Clear,2335.68,722.3,70.27,0,148.64,55.17,Adaptive,Low Efficiency
3326,2024-01-11 06:00:00,FL1272,91.45,General,Medium,Arrival,T3,43,164.22,74.77,30,6,Forklift,91.35,66.97,73,76.66,0,Storm,4968.51,767.03,24.02,1,59.24,108.59,Optimized,Low Efficiency
3327,2024-08-22 15:04:00,FL6901,97.35,Express,Low,Arrival,T2,16,23.41,59.33,27,8,Conveyor,93.87,64.2,48,84.05,1,Storm,1312.26,626.23,39.71,0,94.48,28.26,Baseline,Low Efficiency
3328,2024-05-18 18:34:00,FL1749,64.57,General,Critical,Departure,T4,40,44.81,109.78,32,13,Conveyor,47.28,84.98,84,46.29,1,Clear,1337.6,1332.25,69.09,1,77.74,115.42,Optimized,Low Efficiency
3329,2024-01-14 01:06:00,FL6333,21.14,Hazardous,Critical,Arrival,T3,34,119.9,90.07,10,11,Forklift,95.67,99.59,47,29.19,1,Fog,4894.13,1338.42,31.29,1,113.21,119.3,Adaptive,Low Efficiency
3330,2024-01-04 00:04:00,FL8279,82.18,General,Medium,Departure,T4,49,30.53,82.34,8,5,Forklift,91.99,81.5,47,45.57,1,Fog,3459.61,1021.07,102.35,0,147.88,19.24,Baseline,Moderate Efficiency
3331,2024-06-30 04:29:00,FL4826,76.35,Express,Low,Arrival,T4,11,123.2,64.81,34,1,Crane,42.72,45.02,10,65.64,0,Storm,2838.83,553.66,96.18,0,83.28,65.96,Baseline,Low Efficiency
3332,2024-06-13 18:16:00,FL8938,90.36,Express,Low,Arrival,T2,14,177.46,14.76,22,4,Crane,98.63,78.73,26,37.46,1,Storm,804.99,359.03,72.5,0,59.06,107.55,Adaptive,Low Efficiency
3333,2024-09-07 17:56:00,FL7556,24.54,Hazardous,Medium,Arrival,T3,48,160.61,17.4,34,3,Conveyor,67.5,73.1,50,31.66,1,Fog,2101.37,1076.82,64.44,1,32.75,23.21,Optimized,Low Efficiency
3334,2024-08-15 06:12:00,FL2333,27.42,Express,Low,Arrival,T2,47,114.55,39.39,31,2,Crane,98.47,44.71,47,6.94,1,Storm,2450.01,1495.16,112.25,0,123.73,121.08,Adaptive,Moderate Efficiency
3335,2024-04-03 21:13:00,FL6707,107.4,Perishable,Medium,Departure,T2,15,163.04,29.33,48,7,Forklift,89.43,46.87,44,40.25,1,Storm,2801.32,1247.06,92.76,1,20.29,99.95,Optimized,Low Efficiency
3336,2024-03-15 18:57:00,FL8010,91.25,Express,Critical,Arrival,T2,35,38.6,114.54,35,13,Loader,66.41,75.7,1,35.36,1,Storm,2464.55,558.91,14.19,0,91.4,74.84,Baseline,Low Efficiency
3337,2024-10-06 07:01:00,FL8800,109.45,Perishable,Medium,Departure,T3,7,92.75,52.13,48,13,Forklift,70.69,86.55,63,59.7,1,Fog,2471.49,368.56,34.57,0,116.95,23.29,Adaptive,Low Efficiency
3338,2024-08-10 21:44:00,FL2645,92.25,General,Critical,Departure,T3,29,88.59,105.81,43,7,Crane,56.51,83.37,17,39.49,1,Storm,4976.76,1244.7,18.03,0,36.87,19.99,Adaptive,Low Efficiency
3339,2024-05-01 14:53:00,FL7305,73.67,Perishable,High,Arrival,T2,44,73.83,99.08,34,8,Conveyor,69.22,72.45,17,0.36,1,Storm,4882.96,663.13,119.42,0,77.3,44.33,Adaptive,Low Efficiency
3340,2024-02-17 12:58:00,FL5814,80.23,Perishable,Medium,Departure,T4,22,20.03,98.45,41,10,Forklift,46.45,95.63,39,43.59,0,Storm,887.89,918.96,56.44,0,65.57,120.63,Baseline,Low Efficiency
3341,2024-02-03 06:59:00,FL4196,107.25,General,Critical,Arrival,T4,23,162.56,29.81,16,5,Forklift,94.52,81.17,43,69.63,1,Rain,1258.8,159.51,24.76,1,39.46,134.6,Baseline,Low Efficiency
3342,2024-08-05 03:27:00,FL3345,71.56,Express,Medium,Departure,T3,24,144.43,56.44,21,1,Crane,82.79,67.93,76,85.08,0,Clear,4737.24,1228.94,49.4,0,133.48,44.68,Optimized,Low Efficiency
3343,2024-07-30 18:35:00,FL9520,77.73,Perishable,Critical,Departure,T1,35,124.46,41.56,38,6,Loader,88.31,87.13,41,17.37,0,Clear,1935.49,383.16,117.79,0,84.52,52.62,Baseline,Moderate Efficiency
3344,2024-11-27 23:53:00,FL9267,22.99,Express,Low,Arrival,T2,10,40.63,116.6,32,6,Forklift,71.87,50.33,15,38.03,1,Storm,3251.93,1168.92,25.73,0,129.88,33.82,Baseline,Low Efficiency
3345,2024-09-03 00:05:00,FL1520,59.5,General,Low,Arrival,T2,8,80.51,105.83,8,11,Conveyor,47.54,48.44,1,76.27,1,Fog,4090.39,1024.43,49.26,0,129.19,106.02,Optimized,Low Efficiency
3346,2024-11-11 18:50:00,FL3094,87.39,Hazardous,Critical,Departure,T1,48,167.89,33.74,38,8,Conveyor,72.23,98.0,58,3.86,0,Clear,2618.93,677.49,40.34,0,147.22,13.88,Adaptive,Low Efficiency
3347,2024-04-07 10:08:00,FL9158,36.16,Express,Medium,Arrival,T3,48,118.71,41.05,18,13,Loader,59.75,96.49,54,31.49,0,Storm,574.78,846.92,96.92,1,138.74,140.32,Adaptive,Low Efficiency
3348,2024-09-06 13:41:00,FL2426,28.26,Express,Critical,Arrival,T4,12,116.55,65.82,17,10,Crane,40.61,91.64,96,53.2,1,Storm,4226.34,852.68,12.81,0,112.55,48.5,Baseline,Low Efficiency
3349,2024-12-22 22:29:00,FL5937,41.09,Hazardous,Critical,Departure,T3,29,166.1,37.04,7,2,Loader,76.9,45.01,75,30.83,0,Clear,3903.08,415.35,114.14,0,104.56,117.86,Adaptive,Low Efficiency
3350,2024-09-18 14:21:00,FL9990,32.77,Hazardous,Low,Departure,T4,29,109.57,99.82,25,11,Conveyor,91.22,71.14,5,44.04,0,Rain,686.44,280.94,105.56,1,32.97,145.04,Optimized,Low Efficiency
3351,2024-05-17 04:59:00,FL8648,29.71,General,Medium,Arrival,T4,23,115.62,99.21,20,9,Forklift,82.63,67.45,62,84.52,0,Rain,4538.17,1234.12,50.08,1,70.12,30.56,Adaptive,Low Efficiency
3352,2024-04-30 01:32:00,FL3753,53.86,Express,Medium,Departure,T3,26,75.31,88.3,42,11,Conveyor,53.41,44.22,82,2.15,1,Clear,4356.56,1066.13,109.14,0,88.9,27.41,Baseline,Low Efficiency
3353,2024-10-20 17:46:00,FL8311,109.4,Express,High,Arrival,T2,37,79.43,84.27,30,13,Loader,89.15,61.35,82,7.01,0,Storm,1737.71,969.91,56.83,0,18.66,48.62,Optimized,Low Efficiency
3354,2024-01-14 22:13:00,FL2895,63.31,General,High,Arrival,T2,32,129.7,67.94,10,6,Conveyor,58.57,62.56,87,17.73,0,Rain,860.63,489.7,42.11,0,31.65,92.54,Adaptive,Low Efficiency
3355,2024-06-15 07:53:00,FL8899,26.61,Express,Low,Departure,T2,38,71.27,44.92,22,1,Crane,53.11,46.84,71,34.64,1,Fog,2314.28,662.95,54.77,0,99.71,10.19,Adaptive,Low Efficiency
3356,2024-06-12 08:17:00,FL9858,13.85,Perishable,Medium,Arrival,T4,6,109.46,101.25,45,9,Loader,97.67,96.84,46,42.37,0,Clear,4437.06,306.17,100.75,0,30.59,94.83,Adaptive,Low Efficiency
3357,2024-04-05 12:59:00,FL4946,85.06,Perishable,High,Departure,T2,8,64.67,103.77,10,8,Conveyor,41.0,64.49,90,3.3,0,Rain,2670.86,1156.18,71.72,0,57.38,90.77,Optimized,Low Efficiency
3358,2024-06-02 18:49:00,FL4987,49.02,Perishable,Low,Arrival,T4,17,46.58,10.69,45,10,Forklift,50.05,66.74,65,79.43,0,Rain,1767.09,121.09,33.89,1,15.22,16.42,Optimized,Low Efficiency
3359,2024-01-16 22:57:00,FL4467,99.51,Express,High,Arrival,T2,12,92.7,50.84,29,1,Forklift,68.02,71.9,28,68.27,1,Clear,1542.95,104.03,17.67,0,33.76,83.23,Optimized,Low Efficiency
3360,2024-05-03 01:13:00,FL3792,80.84,Perishable,High,Arrival,T3,22,54.79,8.06,28,8,Loader,50.02,92.09,84,24.12,0,Storm,2097.66,829.34,76.72,1,87.63,126.82,Optimized,Low Efficiency
3361,2024-03-30 16:24:00,FL2465,96.57,Perishable,Critical,Departure,T1,14,163.76,101.54,34,13,Forklift,50.01,67.33,41,23.11,0,Clear,4972.77,581.93,100.03,1,99.88,51.92,Adaptive,Low Efficiency
3362,2024-09-23 22:38:00,FL2728,36.27,General,Medium,Departure,T4,34,68.58,25.37,27,7,Loader,78.06,67.87,23,2.3,1,Fog,4452.91,301.38,104.11,0,24.41,124.54,Baseline,Moderate Efficiency
3363,2024-01-28 04:58:00,FL8125,84.62,General,Low,Arrival,T3,19,115.58,82.49,49,5,Forklift,89.14,46.81,32,35.92,1,Storm,2961.69,1112.26,100.52,1,43.8,71.93,Baseline,Low Efficiency
3364,2024-09-30 04:57:00,FL1478,35.37,Hazardous,Medium,Departure,T4,6,62.15,46.1,47,13,Conveyor,79.7,72.2,58,22.9,0,Rain,4137.86,1404.9,66.48,0,65.39,127.88,Adaptive,Low Efficiency
3365,2024-07-05 06:14:00,FL3625,112.99,Hazardous,Low,Departure,T4,18,61.28,98.85,12,6,Forklift,46.09,56.68,39,55.66,0,Storm,1923.22,492.94,51.55,1,105.54,75.94,Adaptive,Low Efficiency
3366,2024-02-05 09:07:00,FL6349,78.18,Hazardous,Critical,Arrival,T3,36,76.1,63.61,13,4,Conveyor,93.72,75.27,82,49.31,0,Clear,3268.45,943.73,117.29,0,20.5,136.12,Optimized,Moderate Efficiency
3367,2024-02-04 22:10:00,FL7283,42.32,Hazardous,Low,Departure,T2,37,166.54,42.31,10,9,Loader,95.36,51.05,33,86.14,1,Storm,4427.38,1142.8,111.47,1,72.84,137.94,Baseline,Low Efficiency
3368,2024-03-19 17:25:00,FL5593,35.99,General,High,Departure,T4,38,82.64,42.25,37,9,Forklift,56.86,80.1,58,71.57,0,Rain,2154.59,962.13,92.72,1,113.15,10.91,Optimized,Low Efficiency
3369,2024-01-15 09:00:00,FL4610,26.96,General,Medium,Departure,T1,15,151.4,42.6,37,13,Crane,73.19,73.32,89,7.28,0,Rain,4101.78,636.16,57.31,0,29.67,64.01,Optimized,Low Efficiency
3370,2024-02-05 02:58:00,FL5220,84.88,General,Medium,Arrival,T1,38,51.57,95.69,49,10,Crane,69.11,63.21,32,63.39,1,Rain,3264.45,877.87,117.08,0,86.39,134.23,Adaptive,Moderate Efficiency
3371,2024-03-25 07:34:00,FL8803,30.15,Perishable,Low,Arrival,T3,40,27.71,86.78,11,14,Crane,80.09,36.77,50,9.64,1,Rain,3269.11,1114.44,51.13,1,71.71,11.95,Optimized,Low Efficiency
3372,2024-10-30 11:40:00,FL3016,73.46,Perishable,High,Departure,T1,9,145.07,41.71,46,1,Forklift,98.68,73.89,51,29.08,0,Clear,684.93,1420.47,85.29,0,64.72,24.29,Adaptive,Low Efficiency
3373,2024-11-19 12:57:00,FL3224,35.43,Hazardous,Medium,Arrival,T3,6,106.7,61.37,22,12,Conveyor,99.18,90.15,92,49.95,1,Clear,4546.67,1181.29,42.37,0,140.74,70.33,Baseline,Low Efficiency
3374,2024-10-03 21:24:00,FL9757,81.13,Perishable,Low,Departure,T3,2,100.6,13.76,10,9,Loader,70.55,41.98,77,44.61,0,Fog,3992.65,541.1,101.92,0,65.38,147.25,Baseline,Low Efficiency
3375,2024-03-30 23:58:00,FL9060,98.72,Express,Critical,Arrival,T4,16,63.55,100.16,49,3,Forklift,45.52,35.93,19,62.4,0,Clear,664.12,1040.56,104.61,1,72.55,139.83,Optimized,Low Efficiency
3376,2024-07-03 00:55:00,FL2481,94.47,General,Medium,Departure,T3,1,31.57,35.58,41,12,Loader,60.07,32.77,3,72.9,0,Rain,3248.36,1382.71,66.0,0,18.72,91.91,Optimized,Low Efficiency
3377,2024-12-11 10:40:00,FL6452,92.5,Hazardous,Medium,Arrival,T3,30,97.26,107.26,25,2,Loader,64.81,32.23,91,74.64,1,Fog,3856.56,826.57,71.84,0,61.11,45.36,Baseline,Low Efficiency
3378,2024-04-21 12:05:00,FL4666,26.59,Hazardous,Medium,Departure,T2,48,158.76,73.63,30,4,Forklift,72.08,88.94,17,5.25,0,Storm,4078.05,233.83,114.34,0,83.32,99.84,Baseline,Low Efficiency
3379,2024-05-29 15:17:00,FL2059,15.16,Express,Low,Arrival,T4,33,39.2,70.3,19,4,Conveyor,97.62,80.93,43,57.75,0,Clear,898.47,997.64,25.63,0,11.32,55.2,Baseline,Low Efficiency
3380,2024-01-07 18:36:00,FL6623,85.38,Perishable,Critical,Departure,T1,1,168.67,23.71,48,9,Crane,55.75,44.16,29,86.52,0,Clear,3379.73,946.96,61.85,0,16.95,101.48,Adaptive,Low Efficiency
3381,2024-08-07 06:23:00,FL7176,47.36,Hazardous,Medium,Arrival,T2,39,63.96,13.0,34,4,Loader,72.2,94.2,44,67.95,1,Fog,1548.39,288.21,68.13,0,43.46,33.72,Adaptive,Low Efficiency
3382,2024-11-02 11:15:00,FL7252,54.72,Perishable,Low,Arrival,T2,16,105.15,68.55,15,5,Loader,57.46,39.47,52,46.79,1,Clear,2531.47,435.39,99.81,0,113.92,94.25,Optimized,Low Efficiency
3383,2024-03-14 12:45:00,FL8159,8.58,Perishable,Medium,Arrival,T4,17,30.64,58.82,12,6,Forklift,95.17,56.19,97,89.87,1,Clear,2869.05,1040.69,95.56,0,119.67,106.83,Optimized,Moderate Efficiency
3384,2024-07-15 14:11:00,FL4823,34.85,Express,High,Departure,T4,48,88.01,18.76,9,4,Loader,99.4,61.65,28,3.96,1,Clear,623.05,1463.12,76.23,1,122.22,110.03,Optimized,Moderate Efficiency
3385,2024-04-09 21:06:00,FL4662,8.87,Hazardous,Medium,Departure,T2,48,40.14,101.09,12,1,Forklift,92.24,35.31,84,7.93,0,Rain,1847.93,343.29,27.12,0,90.25,146.79,Optimized,Low Efficiency
3386,2024-10-31 23:30:00,FL5244,106.11,Perishable,High,Departure,T4,38,27.68,52.98,9,13,Loader,60.32,54.32,34,69.13,0,Fog,4088.49,959.72,54.68,0,126.98,13.68,Baseline,Low Efficiency
3387,2024-03-17 09:30:00,FL2895,32.99,Perishable,Low,Arrival,T4,18,174.65,34.95,14,2,Conveyor,56.67,37.13,80,49.48,1,Fog,4290.57,763.39,20.03,0,29.19,20.83,Optimized,Low Efficiency
3388,2024-03-26 17:33:00,FL5767,69.09,Express,Low,Departure,T3,22,136.82,95.65,19,3,Conveyor,65.87,85.28,54,11.2,0,Rain,1985.05,575.55,26.54,0,139.32,94.72,Optimized,Low Efficiency
3389,2024-07-24 20:39:00,FL2436,9.48,Express,High,Arrival,T4,22,135.05,110.0,42,4,Crane,84.85,33.28,2,33.78,0,Fog,2488.09,1379.89,34.92,0,122.88,77.55,Optimized,Low Efficiency
3390,2024-03-24 00:30:00,FL2824,81.69,Perishable,Low,Arrival,T3,35,34.49,40.19,7,5,Crane,40.56,31.2,92,5.79,0,Storm,4240.38,1412.14,46.7,1,93.94,98.05,Baseline,Low Efficiency
3391,2024-03-18 09:05:00,FL2460,42.15,Express,Critical,Arrival,T2,31,168.7,94.23,45,13,Conveyor,99.71,81.27,17,47.38,0,Clear,1403.55,328.65,58.42,0,91.33,107.12,Optimized,Low Efficiency
3392,2024-12-28 10:37:00,FL6574,108.26,Perishable,Low,Departure,T2,40,95.11,80.04,14,10,Crane,93.0,84.66,84,9.37,1,Rain,3789.39,1088.84,89.27,0,25.62,14.81,Optimized,Low Efficiency
3393,2024-05-24 15:36:00,FL4082,107.13,Hazardous,High,Arrival,T1,27,156.37,118.82,11,10,Crane,41.43,64.69,18,0.62,0,Storm,2332.95,1183.67,12.55,0,122.14,77.55,Baseline,Low Efficiency
3394,2024-05-25 10:52:00,FL2902,42.41,General,Medium,Departure,T4,36,22.02,28.46,28,3,Crane,62.93,52.25,28,29.02,1,Rain,4941.97,1392.57,105.92,0,79.75,79.59,Adaptive,Moderate Efficiency
3395,2024-07-10 12:09:00,FL7025,108.61,Express,High,Departure,T2,4,67.71,115.48,30,11,Conveyor,81.27,46.55,28,21.05,1,Rain,3208.02,202.39,119.13,0,125.01,96.97,Optimized,Moderate Efficiency
3396,2024-05-26 20:29:00,FL3087,119.56,General,Low,Arrival,T3,49,179.37,41.26,38,1,Crane,54.48,38.19,52,32.59,0,Fog,1166.33,1404.68,116.05,0,54.18,60.18,Optimized,Low Efficiency
3397,2024-09-17 15:08:00,FL6134,99.92,Perishable,Low,Departure,T2,5,88.45,52.37,12,11,Forklift,48.57,63.9,16,31.54,0,Storm,1273.39,444.9,56.75,0,17.13,19.53,Adaptive,Low Efficiency
3398,2024-10-25 09:00:00,FL7229,102.16,Perishable,Low,Arrival,T4,25,162.16,46.26,43,11,Crane,77.76,64.38,33,56.7,1,Storm,622.88,1301.5,53.93,0,80.78,55.2,Adaptive,Low Efficiency
3399,2024-08-03 01:38:00,FL1027,33.64,Perishable,Low,Arrival,T1,31,72.48,35.87,9,8,Forklift,94.21,61.92,85,61.2,0,Rain,3716.72,1259.48,67.46,0,133.39,40.49,Optimized,Low Efficiency
3400,2024-04-26 18:43:00,FL6092,71.32,General,Medium,Departure,T1,14,104.05,84.72,40,8,Crane,97.34,84.48,5,11.46,1,Rain,2495.0,1211.05,83.11,0,22.43,120.09,Optimized,Low Efficiency
3401,2024-01-29 16:39:00,FL2013,12.73,Perishable,Medium,Arrival,T2,30,156.68,72.75,47,13,Forklift,40.62,36.98,45,43.98,0,Storm,549.36,511.26,40.54,1,67.63,133.16,Adaptive,Low Efficiency
3402,2024-12-27 10:25:00,FL9775,15.92,Express,Medium,Arrival,T1,47,116.93,40.15,30,4,Crane,92.47,76.9,37,80.02,0,Rain,956.39,1163.62,82.04,1,126.77,34.33,Optimized,Low Efficiency
3403,2024-05-31 05:42:00,FL4110,119.87,Hazardous,High,Arrival,T4,12,136.03,20.2,14,7,Forklift,73.65,58.11,82,13.36,0,Fog,1802.39,466.55,44.02,1,42.0,95.3,Optimized,Low Efficiency
3404,2024-12-16 00:12:00,FL7359,42.56,Hazardous,High,Departure,T4,27,56.61,41.5,37,4,Crane,54.26,46.87,52,87.02,1,Fog,2408.53,533.67,82.67,0,46.72,38.13,Adaptive,Low Efficiency
3405,2024-08-28 17:43:00,FL7941,91.04,Express,High,Departure,T1,45,44.94,48.84,40,14,Forklift,77.02,77.71,64,1.74,1,Fog,4723.01,1244.02,81.8,0,96.99,126.48,Baseline,Moderate Efficiency
3406,2024-06-19 18:16:00,FL6237,97.77,Hazardous,Medium,Departure,T3,24,56.85,48.78,35,3,Conveyor,99.75,43.84,62,8.97,1,Rain,2935.82,918.05,10.09,1,131.05,118.04,Adaptive,Low Efficiency
3407,2024-01-02 23:51:00,FL6980,103.67,General,Medium,Arrival,T1,30,98.89,46.08,42,7,Loader,56.57,46.16,5,15.98,1,Clear,4524.06,521.92,105.84,1,90.78,91.46,Adaptive,Low Efficiency
3408,2024-01-10 06:48:00,FL3069,119.73,Perishable,Medium,Arrival,T1,18,148.15,10.6,29,14,Loader,56.61,99.9,11,42.28,1,Storm,1627.39,1079.39,31.18,0,24.26,54.43,Baseline,Low Efficiency
3409,2024-03-05 19:26:00,FL9515,32.77,Perishable,High,Departure,T2,14,76.64,58.36,49,6,Conveyor,81.94,92.21,86,26.92,0,Fog,1995.05,1300.66,119.2,0,140.11,147.63,Optimized,Moderate Efficiency
3410,2024-03-21 09:55:00,FL4639,9.64,Perishable,Low,Departure,T3,19,110.37,101.16,17,1,Conveyor,42.59,78.8,87,37.64,0,Clear,4463.6,880.63,70.5,0,84.95,100.5,Optimized,Low Efficiency
3411,2024-12-25 19:05:00,FL2746,52.29,General,Low,Departure,T1,22,148.77,25.74,5,9,Forklift,89.23,52.1,90,84.67,1,Clear,2711.13,406.17,52.52,0,57.98,113.42,Optimized,Low Efficiency
3412,2024-04-18 14:29:00,FL7476,19.96,General,High,Departure,T2,26,58.2,21.75,40,12,Forklift,79.15,67.57,91,30.72,1,Fog,3155.73,911.65,20.09,1,115.49,133.26,Baseline,Low Efficiency
3413,2024-03-06 14:18:00,FL1150,7.58,General,Low,Departure,T2,7,161.28,59.26,40,2,Crane,90.47,38.86,3,76.33,0,Fog,3083.8,919.81,84.91,0,106.77,125.32,Adaptive,Low Efficiency
3414,2024-02-24 15:33:00,FL9819,46.45,Express,Critical,Arrival,T2,28,172.49,47.62,28,13,Crane,53.84,53.38,51,6.55,0,Clear,3404.19,983.27,49.58,0,52.89,124.92,Baseline,Low Efficiency
3415,2024-03-14 18:10:00,FL8546,95.13,General,Critical,Departure,T4,38,26.24,69.55,31,3,Loader,90.83,34.76,60,73.08,0,Fog,3150.29,1193.09,115.93,0,129.76,45.57,Baseline,Moderate Efficiency
3416,2024-07-05 08:02:00,FL6176,70.11,Hazardous,Low,Arrival,T2,5,29.46,113.91,22,5,Loader,66.92,72.72,66,81.14,1,Clear,3624.65,1473.15,104.3,1,21.78,54.23,Adaptive,Moderate Efficiency
3417,2024-06-17 07:49:00,FL3370,40.97,Express,Low,Arrival,T2,36,34.55,92.5,19,3,Forklift,47.96,90.02,57,25.65,1,Clear,1162.75,253.9,23.69,0,133.08,64.96,Adaptive,Low Efficiency
3418,2024-11-28 14:18:00,FL5863,80.25,Express,Medium,Arrival,T4,18,144.28,84.01,21,3,Forklift,94.09,86.67,17,49.24,0,Rain,3697.83,368.28,60.35,0,24.12,138.35,Adaptive,Low Efficiency
3419,2024-08-03 13:21:00,FL4586,31.68,Express,High,Arrival,T4,14,50.29,52.83,33,8,Conveyor,82.3,89.93,3,16.84,1,Clear,1177.69,1240.94,58.85,0,15.05,18.01,Baseline,Low Efficiency
3420,2024-07-11 07:55:00,FL9189,6.65,General,Low,Departure,T2,48,136.11,38.05,9,14,Forklift,50.1,42.22,3,8.18,1,Rain,2031.88,840.52,87.97,0,131.07,46.28,Adaptive,Low Efficiency
3421,2024-12-04 01:50:00,FL8467,92.9,Express,High,Arrival,T1,23,90.6,67.13,15,4,Crane,54.79,75.51,40,69.34,0,Rain,4241.06,1143.87,40.02,0,19.23,72.0,Optimized,Low Efficiency
3422,2024-02-06 11:12:00,FL3415,76.73,General,Medium,Departure,T3,14,153.8,106.83,20,13,Conveyor,56.13,96.97,80,56.68,1,Fog,3235.03,682.39,101.98,0,148.81,110.12,Adaptive,Low Efficiency
3423,2024-03-13 16:17:00,FL5643,92.66,General,Medium,Arrival,T4,32,149.37,105.83,38,13,Forklift,97.8,84.83,76,67.7,1,Storm,4852.24,1274.4,113.56,1,21.54,32.7,Baseline,Low Efficiency
3424,2024-05-07 05:08:00,FL3389,9.48,Express,Low,Departure,T3,5,173.55,56.23,21,10,Crane,93.17,30.24,63,39.57,0,Fog,1635.34,689.64,70.76,0,126.01,81.05,Adaptive,Low Efficiency
3425,2024-01-29 17:20:00,FL1562,101.27,Perishable,High,Departure,T4,22,60.17,33.32,37,2,Crane,60.78,91.76,51,22.46,0,Storm,4643.34,1425.36,112.0,0,144.97,56.91,Optimized,Moderate Efficiency
3426,2024-07-30 14:01:00,FL6245,76.25,Perishable,Low,Arrival,T2,28,56.68,30.91,35,5,Loader,68.0,79.4,1,38.42,1,Clear,3388.66,647.45,45.79,0,90.19,40.28,Baseline,Low Efficiency
3427,2024-09-19 07:12:00,FL6060,69.79,Express,High,Departure,T4,43,25.04,8.91,22,2,Conveyor,57.12,38.54,51,5.83,0,Fog,2161.58,493.96,44.91,0,33.69,18.62,Adaptive,Low Efficiency
3428,2024-08-15 16:57:00,FL9230,76.83,Perishable,Medium,Arrival,T2,12,85.67,101.91,29,10,Loader,84.56,51.97,4,25.52,1,Fog,4040.55,242.84,89.57,0,32.65,125.09,Adaptive,Low Efficiency
3429,2024-11-06 04:48:00,FL3022,104.41,Hazardous,Medium,Departure,T3,18,93.45,35.46,9,11,Conveyor,49.67,38.23,81,26.78,0,Fog,4796.91,1287.9,58.88,0,116.44,105.84,Adaptive,Low Efficiency
3430,2024-03-25 09:31:00,FL5480,72.5,Hazardous,Critical,Arrival,T1,36,174.32,46.28,34,12,Conveyor,60.32,81.09,83,64.31,0,Fog,4008.02,1429.11,40.38,0,19.42,49.33,Optimized,Low Efficiency
3431,2024-03-10 04:13:00,FL8836,71.81,General,Critical,Arrival,T2,31,152.93,98.06,49,8,Loader,76.37,30.25,4,4.78,0,Clear,529.13,1352.01,44.06,0,106.03,64.48,Adaptive,Low Efficiency
3432,2024-02-03 09:58:00,FL4534,118.93,Perishable,Medium,Departure,T3,13,46.69,18.8,27,3,Loader,92.64,62.52,47,22.07,0,Storm,546.21,1163.93,101.56,1,50.35,86.73,Adaptive,Moderate Efficiency
3433,2024-01-08 01:02:00,FL9110,92.02,Hazardous,Low,Departure,T3,20,147.76,58.04,42,14,Forklift,78.13,99.99,39,24.89,0,Storm,1067.76,705.2,81.17,0,139.73,54.97,Baseline,Low Efficiency
3434,2024-04-10 18:37:00,FL5775,55.86,Express,High,Arrival,T4,45,48.53,19.07,49,2,Conveyor,96.38,89.58,84,49.62,0,Rain,4328.26,531.19,97.06,0,87.55,36.23,Optimized,Moderate Efficiency
3435,2024-05-04 03:55:00,FL7171,86.35,Perishable,Medium,Arrival,T2,36,32.44,55.81,22,3,Forklift,95.85,71.11,49,22.02,0,Rain,3876.11,498.4,55.41,0,41.13,39.49,Adaptive,Moderate Efficiency
3436,2024-08-27 07:45:00,FL1963,49.76,Hazardous,Low,Departure,T3,7,153.93,10.42,36,3,Conveyor,83.1,78.58,57,11.92,1,Rain,3378.98,1163.39,113.27,0,128.53,129.09,Baseline,Low Efficiency
3437,2024-09-17 08:14:00,FL6458,31.32,Hazardous,Critical,Arrival,T1,23,176.15,64.53,34,1,Crane,56.72,72.25,39,23.22,1,Fog,3625.28,582.81,107.98,0,147.65,77.85,Optimized,Low Efficiency
3438,2024-11-14 17:36:00,FL3501,73.64,Express,Low,Arrival,T4,34,34.1,96.51,33,3,Forklift,80.98,86.76,68,37.97,1,Storm,3289.13,1199.17,13.94,1,114.21,76.01,Baseline,Low Efficiency
3439,2024-07-14 09:02:00,FL4450,111.74,General,Low,Arrival,T4,32,150.23,82.77,40,3,Loader,51.56,92.02,17,47.29,1,Fog,2065.48,1475.19,50.14,1,107.7,64.26,Optimized,Low Efficiency
3440,2024-03-08 16:26:00,FL4687,111.85,Express,Low,Departure,T3,21,157.47,63.55,13,4,Crane,59.99,83.66,15,3.29,0,Storm,3742.02,364.38,18.13,0,129.97,111.18,Baseline,Low Efficiency
3441,2024-09-28 08:02:00,FL1861,44.32,General,High,Arrival,T2,6,39.0,100.31,27,13,Loader,85.47,42.74,28,27.88,1,Clear,4707.94,259.76,36.16,1,12.83,126.15,Baseline,Low Efficiency
3442,2024-09-06 13:30:00,FL3933,65.68,Hazardous,High,Arrival,T4,16,65.32,31.2,7,8,Crane,91.04,56.08,16,68.78,1,Storm,3873.52,267.24,111.83,0,134.45,110.88,Adaptive,Moderate Efficiency
3443,2024-05-13 03:52:00,FL8987,29.34,General,Medium,Departure,T2,35,137.39,100.54,26,9,Crane,65.01,84.91,6,53.79,0,Rain,4402.84,182.6,108.55,0,44.97,77.85,Baseline,Low Efficiency
3444,2024-03-23 21:21:00,FL7419,119.5,Hazardous,Medium,Arrival,T3,47,149.24,36.78,44,1,Forklift,71.41,87.62,92,41.04,0,Clear,1567.21,1067.3,16.17,0,92.67,38.07,Optimized,Low Efficiency
3445,2024-10-18 20:05:00,FL5900,117.83,Hazardous,Medium,Arrival,T3,20,76.64,46.69,49,1,Loader,63.17,74.02,32,40.77,0,Storm,2071.78,930.18,13.94,1,72.61,85.86,Optimized,Low Efficiency
3446,2024-10-18 10:52:00,FL3608,79.69,Perishable,High,Arrival,T2,42,45.59,19.77,35,6,Forklift,68.76,79.99,81,33.2,0,Rain,2784.82,890.27,81.05,1,70.68,111.69,Optimized,Moderate Efficiency
3447,2024-11-28 10:35:00,FL1353,97.51,General,Low,Arrival,T1,41,123.74,16.7,26,1,Crane,70.75,42.21,25,30.78,0,Clear,2621.72,914.26,35.94,0,73.05,67.86,Adaptive,Low Efficiency
3448,2024-07-16 22:37:00,FL9977,87.24,General,Critical,Departure,T4,11,132.31,112.19,15,12,Conveyor,81.51,56.09,39,36.06,1,Clear,2596.94,197.36,10.24,1,105.73,148.72,Adaptive,Low Efficiency
3449,2024-10-07 20:52:00,FL7427,73.21,General,Low,Arrival,T3,32,100.58,26.85,46,5,Conveyor,85.03,67.42,17,78.23,0,Clear,3382.49,507.75,101.63,1,104.64,140.91,Optimized,Moderate Efficiency
3450,2024-12-14 05:56:00,FL6528,11.14,Express,Critical,Arrival,T1,14,43.19,43.33,47,14,Crane,98.5,98.86,46,42.19,0,Rain,4349.26,472.19,52.27,0,62.62,140.58,Baseline,Moderate Efficiency
3451,2024-11-03 02:26:00,FL7921,57.3,Perishable,Low,Arrival,T1,24,155.12,65.85,7,12,Loader,66.26,85.95,79,60.23,1,Fog,4492.23,770.64,55.89,0,149.0,93.1,Optimized,Low Efficiency
3452,2024-05-01 10:40:00,FL8756,82.6,Perishable,High,Arrival,T2,44,123.24,45.0,18,1,Loader,44.99,43.48,53,72.71,1,Rain,1177.26,1330.6,22.02,1,145.28,87.39,Baseline,Low Efficiency
3453,2024-03-23 07:48:00,FL6706,82.92,Perishable,Low,Arrival,T2,39,159.07,105.07,23,13,Loader,81.29,54.67,51,38.88,0,Storm,905.68,1461.03,62.28,1,32.01,84.74,Baseline,Low Efficiency
3454,2024-04-06 11:48:00,FL7412,47.91,Express,Low,Departure,T2,43,169.28,108.58,35,8,Conveyor,69.9,45.18,18,75.52,0,Fog,1900.47,956.87,95.38,0,106.3,75.7,Baseline,Low Efficiency
3455,2024-02-12 16:55:00,FL7407,113.29,General,Critical,Departure,T1,31,148.91,42.49,40,12,Forklift,90.46,40.66,20,89.34,0,Clear,3817.52,445.51,42.96,0,81.65,32.55,Baseline,Low Efficiency
3456,2024-04-26 01:38:00,FL2176,24.25,General,Critical,Arrival,T4,17,173.39,15.58,36,5,Loader,48.79,38.4,87,45.37,1,Rain,4070.54,632.96,101.07,0,47.92,132.75,Baseline,Low Efficiency
3457,2024-03-16 12:31:00,FL9648,62.54,General,Medium,Arrival,T2,25,172.68,29.17,30,6,Forklift,78.69,97.6,5,36.25,0,Fog,2224.75,555.58,81.52,0,123.16,124.48,Optimized,Low Efficiency
3458,2024-10-29 22:36:00,FL5637,84.45,Perishable,High,Departure,T4,9,119.1,59.56,5,4,Loader,67.56,93.46,62,72.52,0,Rain,1897.02,385.69,55.66,1,41.44,113.99,Optimized,Low Efficiency
3459,2024-12-17 11:21:00,FL5626,85.17,Perishable,Medium,Departure,T2,22,136.51,38.18,6,13,Loader,65.16,63.83,12,58.43,0,Rain,1087.23,1469.91,65.51,1,103.84,106.59,Adaptive,Low Efficiency
3460,2024-11-15 01:27:00,FL4196,79.59,Hazardous,Critical,Departure,T1,45,131.91,57.15,10,8,Loader,73.89,68.4,81,55.19,0,Storm,1572.05,284.18,22.29,1,113.03,75.31,Optimized,Low Efficiency
3461,2024-05-11 23:45:00,FL9978,36.66,Express,Medium,Arrival,T4,48,119.38,92.25,49,12,Forklift,81.05,88.7,30,79.75,0,Rain,953.49,892.99,108.33,0,66.38,149.38,Baseline,Low Efficiency
3462,2024-10-03 12:37:00,FL7451,22.96,Express,Medium,Arrival,T4,35,23.1,53.37,18,9,Forklift,91.06,75.42,83,58.45,1,Clear,1867.34,1218.14,108.32,0,15.3,71.71,Optimized,Moderate Efficiency
3463,2024-09-18 02:58:00,FL2594,78.13,Perishable,Medium,Arrival,T1,37,76.95,27.65,32,9,Forklift,54.11,81.29,96,57.74,0,Fog,3542.55,1415.41,52.07,0,54.8,46.77,Baseline,Low Efficiency
3464,2024-01-21 23:36:00,FL3144,73.92,Hazardous,Medium,Arrival,T4,17,36.01,46.17,37,1,Crane,57.59,85.38,16,18.62,1,Clear,1080.29,381.33,82.48,0,123.27,56.7,Adaptive,Low Efficiency
3465,2024-04-05 03:22:00,FL6298,25.63,General,Critical,Arrival,T1,28,68.04,90.44,29,14,Conveyor,72.91,63.81,2,61.94,0,Storm,1945.86,369.18,94.11,0,104.21,110.13,Optimized,Low Efficiency
3466,2024-12-17 18:25:00,FL1886,86.09,Perishable,Low,Arrival,T1,1,30.97,53.77,44,7,Crane,60.79,98.24,76,82.17,0,Storm,2878.88,796.08,100.83,0,77.91,52.16,Optimized,Moderate Efficiency
3467,2024-12-21 10:33:00,FL5981,57.34,Express,Low,Departure,T3,9,167.21,33.7,22,4,Conveyor,74.1,73.99,3,51.87,0,Storm,1971.98,638.09,89.71,0,109.65,103.61,Optimized,Low Efficiency
3468,2024-03-23 05:43:00,FL8496,81.79,Express,Medium,Departure,T2,49,92.21,54.15,38,13,Crane,52.01,74.34,8,81.3,0,Storm,2478.08,449.07,65.13,0,40.24,109.5,Baseline,Low Efficiency
3469,2024-10-26 11:42:00,FL3681,101.3,Express,High,Arrival,T3,13,50.3,57.3,16,13,Conveyor,58.46,39.87,37,30.56,0,Fog,2735.91,232.15,86.76,0,139.62,136.68,Adaptive,Low Efficiency
3470,2024-11-16 21:34:00,FL3253,24.52,General,Low,Arrival,T1,47,113.56,39.08,31,10,Forklift,59.49,99.14,53,3.83,1,Storm,3987.54,610.5,114.22,0,127.51,74.37,Baseline,Low Efficiency
3471,2024-02-03 11:25:00,FL8239,7.2,Express,Medium,Arrival,T1,32,51.43,119.5,28,11,Conveyor,99.54,34.95,55,40.06,1,Clear,4293.93,494.2,61.86,1,14.53,78.55,Optimized,Low Efficiency
3472,2024-02-16 02:52:00,FL8904,94.6,General,Critical,Departure,T4,28,148.71,93.28,37,8,Loader,91.26,98.99,88,0.36,0,Rain,1365.75,340.83,18.99,0,103.75,19.65,Adaptive,Low Efficiency
3473,2024-07-09 12:00:00,FL5769,75.12,General,Low,Departure,T1,31,68.95,84.63,19,7,Forklift,90.26,93.74,49,13.93,0,Clear,2162.0,615.43,98.94,0,48.84,34.57,Baseline,Moderate Efficiency
3474,2024-08-16 19:42:00,FL3372,85.46,General,High,Departure,T1,8,70.38,103.31,47,1,Crane,70.81,89.95,89,17.15,0,Rain,3088.22,214.29,89.34,0,79.4,45.35,Adaptive,Low Efficiency
3475,2024-01-10 00:00:00,FL4436,101.39,Perishable,High,Departure,T1,8,159.19,81.64,36,1,Loader,68.01,77.15,59,48.05,0,Fog,2747.21,1383.96,42.66,0,37.6,140.5,Baseline,Low Efficiency
3476,2024-06-12 02:25:00,FL4573,97.32,General,Medium,Arrival,T2,34,109.47,95.96,21,1,Loader,44.21,72.62,60,85.49,1,Fog,861.88,938.6,74.71,0,112.75,99.73,Adaptive,Low Efficiency
3477,2024-09-03 08:13:00,FL4205,115.51,Hazardous,Critical,Departure,T3,23,161.97,52.44,39,2,Forklift,51.84,99.76,89,1.78,1,Storm,2052.34,770.94,18.01,0,16.28,136.31,Baseline,Low Efficiency
3478,2024-03-10 08:28:00,FL1149,66.63,Express,High,Departure,T3,10,86.06,62.54,49,10,Loader,93.72,98.18,78,21.3,0,Rain,1523.85,281.53,62.69,0,87.5,53.71,Adaptive,Low Efficiency
3479,2024-11-11 04:33:00,FL6934,61.18,Perishable,Medium,Arrival,T2,37,75.03,10.4,39,2,Forklift,71.54,86.83,46,87.25,1,Rain,2377.7,1188.42,53.89,0,25.41,56.16,Optimized,Low Efficiency
3480,2024-06-30 00:11:00,FL2670,51.22,Express,Medium,Arrival,T2,48,100.99,37.27,17,9,Conveyor,99.25,36.08,63,79.35,0,Storm,2020.92,205.57,37.59,1,53.03,79.82,Optimized,Low Efficiency
3481,2024-12-16 22:19:00,FL3418,22.67,General,High,Arrival,T2,25,29.84,47.32,13,5,Forklift,75.51,56.05,79,75.14,1,Clear,3629.22,1479.13,26.91,0,37.07,102.35,Optimized,Low Efficiency
3482,2024-09-08 18:24:00,FL7169,70.85,Perishable,Medium,Departure,T3,33,44.67,76.93,14,1,Forklift,62.65,90.61,32,8.26,1,Clear,2306.5,1279.84,47.81,0,70.72,30.59,Baseline,Low Efficiency
3483,2024-10-07 06:12:00,FL7997,36.86,Hazardous,Critical,Arrival,T3,45,55.12,58.38,5,7,Crane,56.45,79.18,66,57.97,0,Clear,1586.87,759.36,112.97,0,77.39,34.24,Adaptive,Moderate Efficiency
3484,2024-04-18 05:55:00,FL3756,110.95,General,Medium,Departure,T1,4,150.67,74.9,38,10,Loader,95.1,38.54,85,18.28,0,Fog,3288.43,1040.53,66.51,0,102.27,122.38,Optimized,Low Efficiency
3485,2024-02-09 17:36:00,FL1922,72.07,Express,Low,Departure,T3,7,137.41,87.03,41,2,Crane,62.24,54.38,4,58.59,1,Rain,3771.01,224.49,32.12,1,72.96,130.76,Baseline,Low Efficiency
3486,2024-01-09 11:30:00,FL2573,73.18,Hazardous,Low,Departure,T4,33,50.93,9.91,29,3,Crane,48.77,31.36,29,38.48,0,Fog,987.21,783.95,101.9,0,111.46,10.97,Baseline,Moderate Efficiency
3487,2024-04-24 06:30:00,FL6825,45.82,General,Low,Departure,T3,2,64.28,34.7,26,4,Crane,56.7,92.5,49,57.21,0,Rain,1630.56,1247.39,39.64,1,122.95,109.35,Baseline,Low Efficiency
3488,2024-12-07 17:25:00,FL8763,10.98,Hazardous,Low,Arrival,T2,48,171.08,24.65,14,3,Crane,78.74,82.29,93,38.6,0,Rain,1439.63,209.47,98.3,0,149.12,60.18,Adaptive,Low Efficiency
3489,2024-12-27 01:20:00,FL3943,8.65,General,Critical,Arrival,T3,46,33.73,26.56,30,3,Crane,47.98,60.51,23,81.69,1,Storm,1404.89,403.85,11.84,0,27.31,58.06,Adaptive,Low Efficiency
3490,2024-04-30 10:38:00,FL1859,53.68,Perishable,High,Departure,T1,32,107.59,62.86,23,9,Loader,45.49,83.23,3,2.28,0,Fog,4558.93,1188.22,111.57,0,67.26,88.01,Adaptive,Low Efficiency
3491,2024-02-24 12:21:00,FL2922,14.73,General,High,Arrival,T3,5,103.52,90.1,44,12,Loader,67.46,95.34,54,17.24,0,Clear,1067.12,741.77,68.8,0,45.59,115.67,Adaptive,Low Efficiency
3492,2024-12-24 00:10:00,FL9444,74.79,Perishable,High,Departure,T2,46,136.11,36.37,49,4,Loader,45.02,49.59,21,74.97,1,Clear,4420.1,1030.94,93.96,0,111.46,139.92,Adaptive,Low Efficiency
3493,2024-08-21 11:28:00,FL6545,106.31,General,High,Departure,T4,17,61.83,99.81,45,8,Crane,63.58,50.01,80,66.31,1,Fog,2272.57,1245.4,44.56,1,82.2,11.47,Baseline,Low Efficiency
3494,2024-06-24 09:53:00,FL8107,106.54,General,Medium,Arrival,T2,12,169.56,107.63,8,1,Loader,59.36,63.79,44,16.77,0,Storm,3383.61,303.64,103.06,0,25.59,47.29,Baseline,Low Efficiency
3495,2024-08-28 22:48:00,FL3434,80.79,Express,Critical,Arrival,T4,12,85.69,45.31,44,13,Crane,63.49,79.48,20,10.93,0,Rain,2484.27,755.97,86.08,0,18.79,64.26,Baseline,Low Efficiency
3496,2024-07-21 13:08:00,FL7619,29.29,Hazardous,Medium,Departure,T1,35,65.72,83.36,9,6,Loader,69.27,99.51,99,28.01,1,Fog,3194.36,887.63,15.18,0,80.11,20.96,Optimized,Low Efficiency
3497,2024-02-06 15:56:00,FL5014,104.24,Hazardous,Critical,Arrival,T1,21,73.9,18.46,33,1,Loader,51.12,41.41,57,43.37,0,Clear,2982.45,960.98,14.47,0,59.1,14.97,Adaptive,Low Efficiency
3498,2024-06-11 04:04:00,FL1556,106.9,Hazardous,High,Departure,T3,21,75.8,90.56,42,5,Loader,66.55,53.95,69,4.22,1,Storm,2448.27,1286.88,49.71,0,83.75,149.09,Baseline,Low Efficiency
3499,2024-10-02 17:10:00,FL2946,27.62,General,Low,Arrival,T1,2,51.83,23.98,9,7,Loader,61.69,55.44,90,76.1,1,Rain,1737.61,766.91,15.71,0,44.82,100.42,Adaptive,Low Efficiency
3500,2024-10-20 15:46:00,FL4946,89.8,General,Medium,Departure,T1,21,168.49,84.05,5,13,Forklift,87.73,80.81,71,46.89,0,Storm,4688.92,544.12,14.76,0,64.27,47.58,Optimized,Low Efficiency
3501,2024-06-20 02:55:00,FL7498,37.95,General,Medium,Departure,T2,15,47.98,53.52,32,12,Loader,81.68,92.06,52,82.75,1,Fog,4621.85,1223.35,51.54,1,146.36,62.59,Optimized,Low Efficiency
3502,2024-02-27 09:39:00,FL9005,97.3,Perishable,Low,Arrival,T2,11,161.25,111.77,23,1,Loader,92.35,42.87,80,29.31,0,Clear,820.02,1355.62,35.39,1,43.76,109.0,Baseline,Low Efficiency
3503,2024-11-30 07:15:00,FL5959,119.68,Perishable,Medium,Arrival,T3,10,84.79,58.41,40,9,Forklift,80.14,79.96,17,4.39,0,Rain,1505.85,602.14,48.59,1,13.28,30.33,Optimized,Low Efficiency
3504,2024-11-19 10:45:00,FL3826,8.45,Express,Medium,Departure,T3,18,63.08,8.55,5,12,Conveyor,47.27,93.67,66,78.42,1,Storm,3083.3,1116.88,54.39,1,139.17,69.49,Adaptive,Low Efficiency
3505,2024-11-22 07:05:00,FL7150,108.2,General,Low,Arrival,T3,23,51.76,60.28,33,11,Conveyor,70.42,38.49,12,13.47,0,Fog,4912.02,396.68,19.42,1,122.49,130.87,Adaptive,Low Efficiency
3506,2024-03-05 02:15:00,FL2468,76.6,Hazardous,Critical,Arrival,T3,31,100.69,96.48,40,9,Forklift,84.55,74.45,58,30.21,0,Fog,3773.47,226.11,76.65,1,73.63,47.98,Baseline,Low Efficiency
3507,2024-12-28 23:09:00,FL8596,116.94,Hazardous,High,Departure,T2,26,127.08,79.41,36,6,Conveyor,90.5,44.17,77,41.79,0,Clear,4182.51,627.15,48.27,1,84.55,34.19,Optimized,Low Efficiency
3508,2024-11-21 13:04:00,FL7260,58.48,Express,Critical,Departure,T3,2,163.72,116.13,18,14,Loader,50.88,60.88,5,44.28,1,Fog,1914.0,669.74,93.68,0,56.95,133.9,Baseline,Low Efficiency
3509,2024-08-18 03:34:00,FL5509,102.45,Hazardous,High,Arrival,T3,39,124.39,101.98,36,2,Crane,53.41,38.88,80,2.11,1,Storm,1485.11,259.62,119.04,1,30.04,143.0,Baseline,Low Efficiency
3510,2024-03-27 10:33:00,FL8292,12.18,Express,Medium,Arrival,T1,7,97.39,65.55,13,2,Crane,91.73,77.85,92,47.41,0,Fog,1516.83,243.17,51.97,1,47.52,133.24,Adaptive,Low Efficiency
3511,2024-12-28 04:13:00,FL7018,43.56,General,Medium,Departure,T3,24,25.36,28.75,23,9,Loader,69.12,58.1,72,6.93,0,Fog,2674.77,1088.7,91.61,0,60.11,139.13,Baseline,Moderate Efficiency
3512,2024-01-13 22:32:00,FL1190,12.71,Hazardous,High,Departure,T4,39,166.47,5.43,15,13,Loader,67.15,69.71,56,29.42,0,Storm,4363.16,1106.34,42.48,0,87.77,67.07,Adaptive,Low Efficiency
3513,2024-03-15 17:49:00,FL2966,117.16,General,Critical,Departure,T1,32,164.38,117.76,8,14,Conveyor,69.65,66.65,92,87.79,1,Fog,1473.66,201.5,99.24,0,49.53,75.57,Baseline,Low Efficiency
3514,2024-10-20 18:37:00,FL2910,98.95,Perishable,Low,Departure,T2,26,80.59,112.91,45,14,Forklift,50.4,78.58,46,25.23,0,Clear,3066.43,809.45,85.13,0,55.22,96.89,Adaptive,Low Efficiency
3515,2024-10-27 06:08:00,FL2353,103.04,Hazardous,Critical,Departure,T4,23,24.65,36.53,29,4,Crane,77.66,92.69,72,73.16,1,Rain,4139.58,883.54,37.41,1,86.73,18.22,Adaptive,Low Efficiency
3516,2024-01-27 02:12:00,FL2999,112.87,Perishable,Critical,Departure,T3,14,137.34,78.39,21,6,Loader,88.48,49.58,93,45.93,0,Rain,2751.6,798.03,60.67,0,49.54,105.45,Baseline,Low Efficiency
3517,2024-01-01 02:57:00,FL9015,14.79,Hazardous,High,Departure,T1,29,146.67,88.86,12,13,Forklift,90.22,71.66,18,18.22,0,Fog,2376.06,1470.87,98.68,0,146.07,85.95,Baseline,Low Efficiency
3518,2024-03-07 04:30:00,FL9351,49.34,General,Critical,Departure,T3,25,106.79,71.47,49,10,Forklift,41.82,70.16,44,64.97,0,Clear,2059.39,740.81,88.04,1,72.49,141.24,Baseline,Low Efficiency
3519,2024-08-09 19:14:00,FL4685,13.17,Express,Medium,Arrival,T1,31,84.46,101.94,5,2,Loader,82.91,52.06,43,49.96,0,Fog,3202.02,863.38,13.48,0,123.11,86.18,Optimized,Low Efficiency
3520,2024-05-30 14:59:00,FL1377,29.24,General,Critical,Arrival,T3,2,156.18,13.95,6,4,Forklift,45.47,64.97,80,47.97,0,Fog,4179.61,534.24,10.17,1,105.27,148.74,Baseline,Low Efficiency
3521,2024-11-28 04:48:00,FL8856,31.38,General,High,Arrival,T4,2,50.8,108.1,14,2,Crane,98.01,32.83,90,2.69,0,Fog,4982.59,453.18,92.92,1,28.94,145.72,Adaptive,Moderate Efficiency
3522,2024-09-05 04:51:00,FL5484,58.95,General,Low,Departure,T2,23,90.33,50.08,31,3,Crane,68.93,59.89,86,30.05,0,Fog,4412.12,1246.53,59.9,1,119.46,66.21,Adaptive,Low Efficiency
3523,2024-09-21 13:52:00,FL2549,35.88,Hazardous,Critical,Arrival,T4,47,23.92,60.28,31,2,Forklift,86.52,48.94,79,66.12,0,Rain,2537.38,1399.09,66.26,0,44.71,14.82,Adaptive,Moderate Efficiency
3524,2024-02-09 12:31:00,FL3967,16.61,Express,Medium,Departure,T4,11,46.24,56.14,17,14,Loader,77.31,90.48,77,71.65,1,Fog,856.59,550.45,116.11,0,134.75,123.06,Baseline,Moderate Efficiency
3525,2024-06-11 07:46:00,FL7290,24.26,Perishable,Medium,Arrival,T2,29,170.53,66.1,15,8,Forklift,97.12,55.05,22,73.33,0,Fog,1042.42,1286.8,24.54,1,111.06,129.36,Optimized,Low Efficiency
3526,2024-11-26 22:15:00,FL8932,21.94,General,Medium,Departure,T1,42,112.49,73.79,18,5,Conveyor,98.42,43.45,60,3.37,1,Fog,631.96,690.43,13.54,0,110.41,87.41,Optimized,Low Efficiency
3527,2024-08-29 17:38:00,FL8105,116.9,Hazardous,Low,Departure,T1,35,148.89,86.69,36,5,Loader,56.73,67.08,85,14.64,0,Rain,2131.98,834.32,30.79,0,52.82,112.57,Adaptive,Low Efficiency
3528,2024-12-10 12:36:00,FL5888,92.32,Perishable,Medium,Arrival,T2,49,97.84,65.37,20,8,Loader,68.97,86.77,63,88.7,0,Clear,2666.98,349.38,88.38,0,65.0,76.79,Optimized,Low Efficiency
3529,2024-09-21 13:01:00,FL3051,116.29,General,High,Departure,T3,9,153.57,83.75,33,11,Loader,70.25,54.78,24,13.99,1,Clear,4192.74,918.19,30.04,0,112.41,98.6,Optimized,Low Efficiency
3530,2024-11-25 12:34:00,FL2629,55.57,Perishable,Low,Arrival,T1,32,106.23,43.9,42,8,Crane,50.66,89.28,65,19.17,1,Clear,885.8,1433.71,68.15,0,60.89,81.7,Baseline,Low Efficiency
3531,2024-03-24 00:42:00,FL6328,37.01,General,Low,Arrival,T4,30,20.73,112.72,38,13,Loader,94.24,52.83,29,72.24,0,Clear,1526.54,170.78,104.12,0,73.41,77.18,Adaptive,Moderate Efficiency
3532,2024-03-11 22:50:00,FL2040,96.8,Perishable,Low,Arrival,T2,15,163.95,12.42,30,7,Loader,60.98,81.49,1,35.41,1,Clear,2797.93,465.8,102.44,0,88.25,124.83,Adaptive,Low Efficiency
3533,2024-06-10 11:18:00,FL9806,42.52,Perishable,Medium,Arrival,T4,14,43.77,67.74,9,5,Crane,45.25,38.07,1,10.47,1,Storm,4323.99,1072.13,33.13,0,51.77,35.13,Optimized,Low Efficiency
3534,2024-01-02 14:23:00,FL4029,39.43,Express,High,Arrival,T1,17,92.09,15.05,23,7,Crane,49.27,34.35,73,11.26,0,Fog,894.38,476.17,108.69,0,116.86,69.44,Adaptive,Low Efficiency
3535,2024-09-05 13:38:00,FL7640,31.74,Express,High,Arrival,T2,22,96.27,55.92,43,13,Crane,70.8,81.63,21,7.54,0,Fog,1595.46,615.16,119.32,0,48.44,104.39,Baseline,Moderate Efficiency
3536,2024-09-15 14:30:00,FL1323,19.91,General,Critical,Arrival,T2,30,27.56,34.62,32,1,Loader,92.9,55.79,78,16.26,0,Clear,2947.57,506.13,117.14,1,17.41,147.98,Optimized,High Efficiency
3537,2024-07-31 14:46:00,FL7451,34.49,Hazardous,High,Arrival,T1,17,28.49,112.74,32,3,Loader,77.69,57.51,28,44.73,0,Storm,1959.64,1454.46,108.03,1,120.15,90.04,Optimized,Moderate Efficiency
3538,2024-09-29 06:12:00,FL9788,45.86,Express,Low,Arrival,T1,16,142.01,6.5,21,3,Crane,52.89,70.19,18,1.36,0,Rain,4965.79,781.97,16.94,0,61.98,87.03,Baseline,Low Efficiency
3539,2024-03-18 10:06:00,FL9684,82.51,Perishable,Critical,Departure,T2,8,68.07,49.99,41,2,Crane,57.81,99.08,97,10.54,0,Storm,2534.6,287.39,78.99,1,128.42,81.12,Baseline,Low Efficiency
3540,2024-02-03 08:01:00,FL9004,12.19,Express,High,Departure,T3,39,85.54,94.93,48,6,Conveyor,98.56,42.01,52,81.64,1,Fog,4601.11,271.2,58.4,0,97.32,17.26,Baseline,Low Efficiency
3541,2024-04-29 12:49:00,FL2047,29.21,Express,Medium,Arrival,T2,31,110.26,26.67,23,3,Crane,43.17,50.99,66,78.89,0,Clear,4734.0,534.49,40.72,0,126.34,101.12,Baseline,Low Efficiency
3542,2024-12-24 13:42:00,FL9501,98.04,General,High,Departure,T3,12,79.74,98.79,31,4,Forklift,99.66,75.41,98,74.98,1,Storm,1667.45,661.38,44.71,0,63.41,144.94,Optimized,Low Efficiency
3543,2024-04-12 06:31:00,FL9830,21.9,Express,Critical,Departure,T4,33,144.01,103.87,16,3,Conveyor,94.35,79.07,88,63.57,0,Rain,1969.25,504.41,113.74,0,88.33,111.15,Adaptive,Low Efficiency
3544,2024-10-24 23:28:00,FL3033,44.4,Express,High,Arrival,T3,12,161.51,86.42,7,7,Crane,80.71,79.43,62,59.54,0,Clear,1958.62,870.76,114.72,0,11.77,54.74,Baseline,Low Efficiency
3545,2024-03-18 21:17:00,FL4399,104.44,Perishable,Medium,Arrival,T3,25,29.55,29.04,8,4,Crane,96.59,71.68,19,24.8,0,Rain,2463.4,1320.52,21.14,0,45.99,101.97,Adaptive,Low Efficiency
3546,2024-07-04 04:01:00,FL2922,22.82,Express,High,Departure,T1,38,121.66,36.28,15,5,Crane,49.15,71.18,2,30.15,1,Clear,784.18,1203.44,32.4,0,132.43,80.55,Adaptive,Low Efficiency
3547,2024-05-22 15:58:00,FL3960,14.51,Perishable,Low,Arrival,T2,48,70.83,24.2,38,14,Crane,96.56,40.37,70,21.22,0,Fog,4133.09,910.58,110.98,1,71.71,103.32,Baseline,Moderate Efficiency
3548,2024-05-16 13:33:00,FL3948,60.72,Express,Medium,Arrival,T4,18,113.32,26.17,22,7,Forklift,52.75,88.42,55,88.23,0,Clear,1088.84,1113.95,77.53,0,99.02,149.65,Adaptive,Low Efficiency
3549,2024-03-28 22:11:00,FL1087,39.78,Express,Medium,Arrival,T2,19,97.43,9.2,39,4,Crane,72.77,30.62,79,57.09,0,Clear,4521.49,1027.39,87.69,1,49.19,95.36,Adaptive,Low Efficiency
3550,2024-10-13 02:21:00,FL8327,69.79,Hazardous,Low,Departure,T3,3,73.39,103.59,22,14,Loader,69.33,59.23,57,86.92,1,Clear,3094.62,192.35,48.23,1,129.36,12.7,Adaptive,Low Efficiency
3551,2024-06-05 23:41:00,FL6149,97.44,Express,Low,Arrival,T3,35,35.17,65.78,10,6,Conveyor,70.75,45.08,11,24.46,0,Clear,2666.69,988.58,36.54,0,93.09,45.5,Adaptive,Low Efficiency
3552,2024-11-28 19:27:00,FL3015,20.77,Perishable,Low,Departure,T3,5,109.51,42.69,38,9,Crane,56.04,37.3,16,55.91,0,Storm,3473.55,1320.9,59.0,0,137.11,69.28,Optimized,Low Efficiency
3553,2024-05-18 18:36:00,FL1641,71.78,Perishable,High,Arrival,T2,35,38.05,38.3,37,6,Loader,86.84,52.36,85,68.31,0,Storm,4698.95,1262.05,47.48,0,44.1,19.77,Optimized,Low Efficiency
3554,2024-09-03 01:49:00,FL3110,63.13,General,High,Arrival,T3,27,44.98,67.64,12,5,Forklift,84.55,76.0,62,8.53,0,Storm,1835.0,758.07,113.9,0,111.83,74.78,Baseline,Moderate Efficiency
3555,2024-03-19 11:20:00,FL4378,21.57,General,Critical,Departure,T2,37,177.15,42.57,46,12,Conveyor,97.24,64.8,27,60.03,1,Clear,1715.84,556.26,28.14,0,12.87,73.27,Adaptive,Low Efficiency
3556,2024-10-28 19:23:00,FL3641,76.76,Hazardous,Medium,Arrival,T4,46,70.67,104.33,24,14,Crane,70.42,91.15,22,15.22,0,Rain,2164.45,628.95,119.09,0,93.69,132.8,Optimized,Moderate Efficiency
3557,2024-02-03 20:39:00,FL2438,36.47,Perishable,Medium,Departure,T4,21,113.51,29.26,24,13,Conveyor,72.89,71.98,3,29.53,1,Storm,2690.64,892.12,109.71,0,52.2,50.41,Baseline,Low Efficiency
3558,2024-03-30 17:24:00,FL5206,61.1,Perishable,Critical,Departure,T2,16,63.56,106.46,47,1,Crane,94.2,47.72,3,64.45,1,Fog,840.67,673.46,72.83,0,27.25,67.1,Adaptive,Low Efficiency
3559,2024-11-24 01:08:00,FL1573,14.46,Perishable,Low,Arrival,T4,28,158.48,81.37,22,8,Forklift,95.17,66.07,21,39.61,0,Storm,3559.94,587.87,47.67,1,97.74,43.05,Adaptive,Low Efficiency
3560,2024-11-29 01:25:00,FL2386,57.85,Hazardous,High,Arrival,T1,25,65.33,115.01,31,5,Forklift,78.97,45.92,43,82.9,0,Storm,2844.03,266.06,89.6,0,14.08,121.96,Optimized,Low Efficiency
3561,2024-04-08 00:56:00,FL3043,40.24,Perishable,High,Departure,T3,33,78.7,6.74,9,5,Conveyor,89.22,42.51,70,21.71,0,Fog,2929.63,248.63,62.87,0,31.88,120.77,Baseline,Low Efficiency
3562,2024-12-29 05:39:00,FL9292,99.57,General,Low,Departure,T3,17,117.34,11.8,11,3,Conveyor,70.31,96.85,89,13.84,0,Fog,1623.41,141.12,51.24,0,61.9,142.27,Adaptive,Low Efficiency
3563,2024-01-04 03:48:00,FL5891,11.55,Hazardous,Critical,Arrival,T3,43,159.2,62.6,26,10,Conveyor,63.29,62.76,37,30.35,1,Rain,4282.7,1491.45,46.58,0,72.55,126.45,Optimized,Low Efficiency
3564,2024-02-05 08:51:00,FL6956,53.14,General,High,Arrival,T1,30,150.59,109.92,38,12,Forklift,91.84,75.58,94,76.67,0,Clear,2291.27,607.72,18.82,0,137.16,122.92,Optimized,Low Efficiency
3565,2024-11-11 03:54:00,FL9919,57.72,General,Low,Arrival,T3,41,62.22,89.04,47,2,Loader,86.64,91.14,56,76.27,0,Fog,3435.18,201.73,57.81,0,56.91,43.05,Baseline,Low Efficiency
3566,2024-12-17 15:50:00,FL3811,88.38,Hazardous,Low,Arrival,T2,4,152.73,76.55,17,1,Conveyor,54.54,52.55,39,33.24,0,Rain,1580.27,894.71,37.26,0,17.16,105.69,Optimized,Low Efficiency
3567,2024-05-09 00:50:00,FL7931,71.04,Express,Low,Arrival,T3,2,132.19,8.63,36,9,Crane,42.86,85.23,20,72.89,0,Clear,4173.32,1045.07,12.14,1,144.72,15.86,Baseline,Low Efficiency
3568,2024-05-06 10:45:00,FL1001,81.73,Express,Medium,Departure,T2,9,178.37,45.73,28,5,Forklift,73.94,85.22,65,7.0,0,Fog,1848.72,1053.09,35.66,0,126.31,13.1,Baseline,Low Efficiency
3569,2024-04-03 11:38:00,FL5068,94.36,General,Medium,Departure,T4,31,169.67,44.77,20,10,Conveyor,90.5,87.68,35,0.68,0,Rain,4647.59,1457.18,35.82,0,41.84,52.55,Baseline,Low Efficiency
3570,2024-03-16 09:44:00,FL5925,104.15,Express,Medium,Departure,T2,25,105.3,67.34,18,12,Forklift,54.83,43.26,43,77.83,1,Rain,2546.57,398.53,43.24,0,82.16,131.69,Baseline,Low Efficiency
3571,2024-10-09 02:24:00,FL1756,41.1,Perishable,Low,Departure,T2,37,139.99,34.65,43,4,Conveyor,86.04,97.4,90,78.67,0,Storm,1153.18,1352.62,113.99,0,31.75,48.56,Adaptive,Low Efficiency
3572,2024-08-22 08:37:00,FL9510,66.87,Hazardous,Critical,Arrival,T2,36,111.23,35.72,11,7,Forklift,64.84,49.23,21,12.91,0,Fog,3250.37,1368.66,108.96,0,143.79,140.06,Adaptive,Low Efficiency
3573,2024-10-07 02:28:00,FL5807,101.61,General,Medium,Departure,T3,5,115.2,76.4,48,13,Forklift,60.14,84.38,10,26.79,0,Clear,3004.85,740.87,13.52,0,82.27,40.87,Optimized,Low Efficiency
3574,2024-10-31 20:41:00,FL9750,118.79,Perishable,Low,Arrival,T1,24,36.24,113.63,16,4,Conveyor,50.37,41.36,45,76.55,0,Rain,2396.45,1433.92,36.2,0,76.04,16.64,Optimized,Low Efficiency
3575,2024-06-29 18:17:00,FL8289,107.29,Express,Medium,Arrival,T1,24,20.36,80.92,24,11,Crane,96.06,94.7,93,7.54,1,Storm,4188.7,382.46,58.65,0,126.04,93.15,Baseline,Moderate Efficiency
3576,2024-07-18 05:26:00,FL3291,47.72,Perishable,Medium,Arrival,T2,29,27.71,81.83,37,2,Forklift,53.54,59.95,3,77.68,0,Rain,2395.8,575.31,40.56,0,28.06,124.43,Adaptive,Low Efficiency
3577,2024-10-16 17:16:00,FL9035,27.44,Express,Medium,Arrival,T3,45,174.66,118.41,10,9,Crane,56.75,76.81,43,51.72,1,Clear,1113.0,1163.16,53.48,1,47.01,89.81,Optimized,Low Efficiency
3578,2024-09-06 15:53:00,FL6127,61.28,General,Low,Arrival,T1,31,40.2,22.65,44,8,Crane,59.89,89.51,52,59.15,0,Rain,628.62,1423.15,101.37,0,112.57,80.74,Baseline,Moderate Efficiency
3579,2024-08-02 05:03:00,FL9563,90.29,Perishable,Low,Departure,T4,37,27.1,8.89,31,12,Forklift,57.08,49.77,41,53.53,0,Storm,4514.73,209.07,72.62,0,95.95,71.45,Optimized,Moderate Efficiency
3580,2024-11-25 18:03:00,FL6769,61.65,Hazardous,High,Arrival,T4,19,69.54,90.73,17,4,Forklift,49.77,57.23,41,52.43,1,Clear,2600.16,1041.82,56.12,0,32.26,110.24,Adaptive,Low Efficiency
3581,2024-04-07 02:50:00,FL9818,60.57,General,Critical,Arrival,T3,23,114.11,55.46,9,8,Forklift,61.27,51.94,77,16.66,1,Fog,3033.33,1420.44,63.44,0,39.49,145.19,Baseline,Low Efficiency
3582,2024-04-10 14:52:00,FL9365,101.4,Perishable,Medium,Arrival,T4,35,171.75,54.31,28,12,Crane,68.31,49.8,9,21.25,0,Storm,1016.33,244.13,40.22,0,133.18,53.98,Optimized,Low Efficiency
3583,2024-10-27 13:14:00,FL4438,46.56,Perishable,Medium,Departure,T4,6,131.98,30.91,14,13,Forklift,73.11,65.72,46,52.2,0,Clear,2702.36,356.3,33.1,0,125.32,57.99,Adaptive,Low Efficiency
3584,2024-08-05 15:53:00,FL2622,103.88,Express,High,Arrival,T4,6,64.22,63.29,36,9,Forklift,49.39,68.27,16,36.13,1,Rain,2900.14,1048.19,33.36,0,12.08,19.37,Adaptive,Low Efficiency
3585,2024-08-16 13:59:00,FL1732,51.78,General,High,Arrival,T1,37,170.25,55.85,13,2,Forklift,86.76,35.38,47,48.72,0,Storm,2593.64,985.0,97.85,0,143.21,33.13,Adaptive,Low Efficiency
3586,2024-06-07 06:20:00,FL4884,42.75,General,Medium,Arrival,T4,30,25.77,44.73,39,4,Forklift,58.69,77.13,28,22.8,0,Clear,4793.54,517.81,31.28,0,91.43,83.65,Adaptive,Low Efficiency
3587,2024-05-26 06:47:00,FL1601,57.21,General,Critical,Departure,T2,1,176.65,55.92,48,11,Conveyor,95.08,59.4,28,41.74,0,Clear,3071.23,1411.18,110.23,1,75.97,54.16,Baseline,Low Efficiency
3588,2024-06-01 16:59:00,FL4081,92.68,General,Medium,Arrival,T2,8,29.38,49.14,16,6,Forklift,59.77,92.27,75,12.91,0,Storm,4884.74,641.26,59.43,0,59.78,124.76,Adaptive,Low Efficiency
3589,2024-07-30 14:14:00,FL3321,19.49,Express,Medium,Departure,T4,28,140.62,113.09,15,7,Crane,91.77,91.99,94,3.46,1,Clear,1190.0,577.91,68.68,1,62.61,97.1,Baseline,Low Efficiency
3590,2024-09-08 10:26:00,FL5910,27.59,Hazardous,High,Departure,T2,25,27.25,117.73,40,5,Crane,61.15,80.41,11,85.6,0,Clear,4613.85,1277.75,77.21,0,79.24,112.38,Adaptive,Low Efficiency
3591,2024-04-06 14:36:00,FL4526,114.42,General,Critical,Arrival,T1,33,169.05,101.59,12,10,Loader,70.35,89.76,29,65.07,0,Rain,2988.15,886.33,43.69,0,39.48,71.84,Adaptive,Low Efficiency
3592,2024-05-09 11:30:00,FL3198,25.18,Express,High,Departure,T3,38,37.39,118.9,14,12,Conveyor,62.34,94.58,56,44.83,1,Fog,1832.61,718.86,108.51,1,28.41,23.94,Adaptive,Moderate Efficiency
3593,2024-08-22 18:01:00,FL4539,70.29,Hazardous,Low,Departure,T2,14,28.08,35.56,18,10,Conveyor,63.23,70.41,76,49.59,0,Fog,3855.84,862.65,76.92,0,88.54,88.73,Adaptive,Moderate Efficiency
3594,2024-03-25 00:51:00,FL6882,71.62,Hazardous,Medium,Arrival,T4,11,162.28,101.94,34,13,Loader,77.11,98.03,72,46.01,0,Storm,3003.18,1103.7,108.95,0,73.44,46.29,Optimized,Low Efficiency
3595,2024-09-13 11:48:00,FL5544,61.31,Express,Medium,Arrival,T3,2,35.33,51.76,5,7,Crane,81.58,96.88,57,80.89,0,Storm,3090.54,216.75,65.83,0,104.78,83.13,Adaptive,Moderate Efficiency
3596,2024-12-15 19:04:00,FL3105,79.15,General,Medium,Arrival,T3,30,147.67,90.81,16,14,Crane,92.23,37.69,53,69.63,1,Clear,1273.73,567.11,14.29,1,78.97,25.62,Baseline,Low Efficiency
3597,2024-10-30 23:57:00,FL7914,31.43,Hazardous,High,Arrival,T4,30,139.53,28.16,9,11,Forklift,74.14,66.59,74,29.26,1,Fog,3559.73,1304.72,13.43,1,64.94,119.09,Adaptive,Low Efficiency
3598,2024-07-27 04:57:00,FL2218,68.56,General,High,Departure,T2,4,115.82,98.37,18,4,Loader,53.01,38.01,59,19.64,0,Rain,1823.63,1125.52,43.85,0,58.1,65.91,Optimized,Low Efficiency
3599,2024-11-03 13:44:00,FL5177,47.8,General,High,Departure,T1,13,80.47,14.6,40,8,Crane,99.37,77.89,35,5.99,0,Rain,2100.94,203.22,103.21,0,90.83,103.12,Baseline,Moderate Efficiency
3600,2024-01-10 07:10:00,FL5270,81.09,Perishable,Critical,Arrival,T2,7,166.49,36.11,21,3,Loader,81.03,83.57,52,13.3,1,Fog,4579.59,744.39,39.31,0,49.02,78.94,Baseline,Low Efficiency
3601,2024-03-18 12:42:00,FL7255,21.24,General,Low,Arrival,T2,38,159.37,99.52,26,13,Loader,62.49,91.93,36,44.11,1,Storm,1307.74,531.14,63.29,0,124.48,75.35,Optimized,Low Efficiency
3602,2024-01-19 09:39:00,FL3675,70.65,Perishable,Critical,Arrival,T1,3,88.2,90.92,35,3,Conveyor,98.09,75.5,77,18.23,0,Fog,4489.9,1210.09,32.17,0,121.1,63.46,Adaptive,Low Efficiency
3603,2024-10-04 08:11:00,FL7554,26.31,Hazardous,High,Departure,T3,9,57.08,62.64,30,5,Crane,97.51,61.78,58,28.12,1,Storm,2751.88,301.34,92.51,1,100.15,77.59,Adaptive,Moderate Efficiency
3604,2024-04-15 19:46:00,FL8472,37.04,Express,Medium,Arrival,T1,14,63.61,82.37,17,6,Crane,44.77,40.92,91,12.0,1,Rain,1303.3,302.86,83.67,0,64.0,95.78,Baseline,Low Efficiency
3605,2024-02-08 15:22:00,FL2364,30.15,Perishable,High,Departure,T1,11,55.25,26.34,7,3,Forklift,41.19,38.76,2,83.05,0,Clear,4152.19,1138.24,109.27,0,94.3,41.38,Baseline,Low Efficiency
3606,2024-02-11 05:14:00,FL5164,26.03,Express,Low,Departure,T4,37,106.6,81.79,47,10,Crane,42.67,64.0,28,3.04,0,Clear,3436.24,1482.0,49.06,0,97.06,110.02,Baseline,Low Efficiency
3607,2024-05-25 13:32:00,FL7968,99.96,Hazardous,High,Departure,T4,14,158.97,5.92,15,2,Conveyor,81.12,88.28,98,31.66,1,Rain,2060.69,646.01,118.34,0,104.84,77.99,Baseline,Low Efficiency
3608,2024-07-13 09:47:00,FL3346,37.86,General,Medium,Departure,T2,19,143.78,100.82,9,5,Crane,82.65,82.55,85,23.23,0,Fog,1853.27,1308.9,106.54,1,63.41,96.35,Optimized,Low Efficiency
3609,2024-04-27 04:32:00,FL9780,111.62,Hazardous,Low,Arrival,T4,8,147.28,64.37,42,10,Forklift,83.44,91.66,70,0.75,0,Fog,2394.24,657.35,59.33,0,68.48,76.16,Baseline,Low Efficiency
3610,2024-07-27 16:58:00,FL4338,116.54,Express,High,Arrival,T1,7,91.73,113.55,8,6,Crane,77.81,86.77,63,83.57,0,Fog,1112.96,1019.49,104.63,1,137.5,32.92,Baseline,Low Efficiency
3611,2024-07-01 10:52:00,FL2156,70.69,Hazardous,High,Arrival,T1,7,71.59,59.99,36,3,Loader,57.13,44.38,52,28.22,0,Fog,4141.62,781.42,56.73,0,25.49,55.89,Baseline,Low Efficiency
3612,2024-04-16 15:01:00,FL5413,21.45,General,Low,Departure,T4,3,141.18,54.81,14,7,Conveyor,50.03,44.02,60,45.2,0,Fog,1753.95,1140.54,96.63,0,28.43,57.68,Adaptive,Low Efficiency
3613,2024-02-15 04:06:00,FL4156,48.07,Hazardous,Low,Departure,T4,3,146.93,56.76,14,3,Forklift,95.67,62.06,90,52.43,0,Storm,4220.9,180.09,49.61,0,148.69,66.73,Optimized,Low Efficiency
3614,2024-08-02 21:57:00,FL7097,96.74,General,Medium,Arrival,T4,18,131.26,46.37,48,12,Forklift,94.79,43.38,36,54.94,0,Fog,3790.87,869.31,38.08,0,97.27,54.67,Adaptive,Low Efficiency
3615,2024-05-28 13:10:00,FL9379,47.25,Perishable,Medium,Departure,T1,45,25.14,24.17,22,13,Loader,54.55,43.12,82,41.42,0,Fog,4738.26,1497.71,91.14,1,74.21,104.46,Adaptive,Moderate Efficiency
3616,2024-01-24 12:35:00,FL3687,15.01,Express,Critical,Departure,T3,33,114.35,101.84,27,2,Conveyor,50.08,48.74,62,53.44,1,Fog,946.14,1152.22,116.11,1,26.8,149.19,Optimized,Low Efficiency
3617,2024-09-18 04:25:00,FL7876,69.03,General,Critical,Departure,T3,37,75.53,49.74,22,14,Crane,62.52,31.58,43,67.66,1,Clear,2071.32,422.33,89.91,0,100.15,108.87,Adaptive,Low Efficiency
3618,2024-11-25 13:39:00,FL3514,102.19,General,Medium,Arrival,T4,28,51.39,65.85,39,13,Conveyor,42.9,69.99,39,85.69,0,Clear,3307.48,527.96,117.41,0,118.58,144.25,Baseline,Low Efficiency
3619,2024-03-15 14:58:00,FL6183,96.53,Hazardous,High,Arrival,T2,36,131.1,7.29,7,10,Conveyor,49.73,57.76,5,59.13,1,Fog,4363.6,1064.84,111.26,0,84.37,113.36,Baseline,Low Efficiency
3620,2024-06-12 08:03:00,FL8104,25.14,Perishable,Medium,Arrival,T2,16,62.96,11.93,5,4,Conveyor,62.82,46.62,90,41.6,0,Fog,1200.33,308.47,56.89,0,16.9,92.13,Baseline,Low Efficiency
3621,2024-10-10 04:17:00,FL7208,82.37,General,High,Departure,T3,15,166.05,73.68,21,3,Conveyor,54.32,39.4,75,40.01,0,Storm,4376.29,109.93,65.55,0,81.49,108.79,Optimized,Low Efficiency
3622,2024-06-22 00:16:00,FL1424,30.36,Perishable,Low,Arrival,T4,29,67.69,106.11,46,7,Conveyor,84.21,61.91,50,63.89,0,Clear,801.39,1181.99,30.95,0,31.37,124.34,Baseline,Low Efficiency
3623,2024-07-28 10:50:00,FL5055,30.09,Perishable,Medium,Arrival,T1,18,108.83,61.74,10,8,Conveyor,94.3,72.14,16,56.43,0,Rain,2634.61,939.27,58.31,0,70.55,126.71,Baseline,Low Efficiency
3624,2024-02-04 05:01:00,FL2270,105.52,Hazardous,High,Arrival,T2,49,152.44,23.97,15,3,Loader,94.55,98.13,83,37.83,1,Clear,880.0,1042.06,94.39,0,50.97,27.95,Adaptive,Low Efficiency
3625,2024-10-04 20:38:00,FL5425,33.71,General,Low,Departure,T2,46,84.34,18.35,18,6,Forklift,76.26,47.77,52,30.23,0,Fog,1174.42,130.93,67.47,1,28.3,97.57,Baseline,Low Efficiency
3626,2024-10-09 05:00:00,FL3041,35.27,Hazardous,High,Departure,T1,46,152.59,108.48,32,1,Loader,82.21,31.84,69,89.38,0,Clear,3987.14,630.12,117.08,1,16.64,32.39,Optimized,Low Efficiency
3627,2024-10-30 08:01:00,FL9707,5.08,Express,High,Departure,T1,19,135.79,85.69,43,5,Crane,69.64,81.52,71,69.01,0,Fog,583.84,844.46,22.64,0,93.84,112.2,Adaptive,Low Efficiency
3628,2024-08-15 16:01:00,FL2802,105.13,Express,Medium,Departure,T4,29,167.34,116.11,40,2,Forklift,48.8,46.46,3,18.61,0,Clear,2999.14,1076.96,65.85,1,90.18,10.77,Optimized,Low Efficiency
3629,2024-02-09 04:15:00,FL9984,96.15,General,Medium,Departure,T1,6,72.13,14.47,15,1,Forklift,78.1,63.9,89,26.3,1,Clear,942.36,1282.41,68.53,0,32.35,99.78,Optimized,Low Efficiency
3630,2024-01-10 10:35:00,FL7664,77.14,Perishable,Critical,Arrival,T1,45,36.8,108.8,45,13,Crane,61.0,86.58,10,80.43,1,Clear,4150.68,501.16,26.37,0,138.49,16.85,Adaptive,Low Efficiency
3631,2024-07-02 00:30:00,FL2080,91.28,General,High,Arrival,T1,47,88.86,102.25,44,7,Forklift,40.35,32.59,51,59.47,0,Fog,4136.75,1369.77,97.68,1,132.43,136.15,Optimized,Low Efficiency
3632,2024-05-27 21:12:00,FL6396,22.49,General,Low,Departure,T3,27,145.73,107.72,8,10,Crane,74.5,39.91,69,27.97,1,Rain,3662.56,1041.0,100.0,0,47.67,114.18,Baseline,Low Efficiency
3633,2024-11-18 15:06:00,FL2457,57.71,Express,Medium,Departure,T1,7,92.07,5.66,10,4,Conveyor,51.9,36.87,32,32.78,1,Fog,3901.72,657.94,108.71,0,80.58,138.91,Optimized,Low Efficiency
3634,2024-06-13 05:44:00,FL6944,45.39,Express,High,Arrival,T2,27,61.92,90.32,42,5,Conveyor,93.19,46.36,96,34.1,0,Rain,3158.5,1026.59,113.07,0,80.92,77.91,Adaptive,Moderate Efficiency
3635,2024-09-24 18:44:00,FL6464,15.78,Perishable,Medium,Departure,T4,19,24.42,68.13,23,2,Forklift,96.04,42.11,5,16.77,1,Rain,2684.71,1025.54,92.22,0,35.23,10.39,Adaptive,Moderate Efficiency
3636,2024-05-23 01:32:00,FL5476,60.91,Perishable,Low,Departure,T4,17,70.08,70.92,35,8,Forklift,49.73,52.16,43,46.01,1,Rain,2345.65,399.07,102.59,0,65.4,140.81,Baseline,Low Efficiency
3637,2024-05-20 21:37:00,FL3397,110.89,General,Medium,Departure,T4,41,134.14,58.96,6,11,Conveyor,41.76,82.24,83,68.9,0,Rain,3475.93,108.63,18.03,0,99.28,47.59,Baseline,Low Efficiency
3638,2024-08-02 05:07:00,FL4698,9.61,Hazardous,Critical,Departure,T3,11,43.62,90.41,47,13,Conveyor,40.24,32.96,12,50.77,1,Rain,2222.6,271.66,52.22,0,80.07,56.84,Optimized,Low Efficiency
3639,2024-11-22 19:36:00,FL5483,38.52,General,High,Departure,T2,5,74.54,119.98,29,10,Crane,94.78,35.16,31,59.03,1,Storm,512.56,1436.93,41.35,1,63.39,87.47,Adaptive,Low Efficiency
3640,2024-05-09 04:44:00,FL1161,28.87,Perishable,Critical,Arrival,T1,2,23.24,86.71,45,14,Forklift,49.12,69.5,81,53.58,0,Rain,953.37,1301.65,97.32,0,71.43,40.39,Adaptive,Moderate Efficiency
3641,2024-02-24 05:26:00,FL2604,32.39,Hazardous,High,Arrival,T2,47,135.48,82.98,15,3,Forklift,66.12,66.42,22,5.3,0,Storm,3433.17,341.33,43.94,0,100.05,144.38,Baseline,Low Efficiency
3642,2024-05-16 03:39:00,FL7179,109.47,Express,Critical,Departure,T4,12,160.91,80.26,44,7,Loader,43.43,63.19,59,16.93,1,Fog,2142.15,1023.28,65.12,0,138.92,28.15,Optimized,Low Efficiency
3643,2024-05-06 13:17:00,FL4640,58.83,Perishable,Low,Departure,T1,42,110.96,84.95,49,11,Conveyor,62.4,66.11,52,31.53,0,Fog,4952.98,1382.64,56.62,0,138.49,56.76,Baseline,Low Efficiency
3644,2024-03-27 21:51:00,FL7203,58.62,Perishable,High,Arrival,T4,42,24.14,44.34,46,1,Conveyor,87.13,81.94,47,80.03,0,Storm,2092.64,1382.48,93.44,1,128.22,144.66,Baseline,Moderate Efficiency
3645,2024-10-01 16:01:00,FL2720,92.47,Hazardous,Low,Departure,T4,11,54.82,41.83,48,10,Forklift,64.4,70.33,86,31.38,0,Clear,987.91,890.19,73.44,0,72.85,148.79,Baseline,Low Efficiency
3646,2024-01-30 14:08:00,FL3023,22.77,Perishable,High,Arrival,T4,10,90.16,95.2,25,1,Loader,86.53,61.99,49,29.44,1,Rain,1977.72,1112.9,53.41,1,148.73,99.82,Adaptive,Low Efficiency
3647,2024-11-08 00:43:00,FL3879,61.04,Perishable,Medium,Departure,T2,28,114.01,11.11,7,14,Crane,81.33,35.72,56,7.25,0,Storm,3590.82,651.69,24.41,1,32.24,119.85,Adaptive,Low Efficiency
3648,2024-07-22 05:50:00,FL9625,54.45,Perishable,Medium,Arrival,T2,7,99.4,92.31,6,7,Crane,71.04,98.23,90,87.49,1,Fog,2877.24,200.98,27.96,0,74.67,90.77,Adaptive,Low Efficiency
3649,2024-07-11 09:55:00,FL6022,73.64,Perishable,Critical,Arrival,T4,14,166.54,98.59,15,1,Conveyor,84.26,46.75,31,70.07,0,Fog,3246.33,840.26,89.37,0,85.63,74.99,Adaptive,Low Efficiency
3650,2024-04-04 17:04:00,FL9021,119.95,Perishable,Critical,Departure,T4,13,170.18,64.98,28,12,Loader,92.75,90.84,59,68.93,0,Fog,1000.57,545.42,13.69,0,146.29,58.38,Optimized,Low Efficiency
3651,2024-04-27 04:26:00,FL2565,93.49,Perishable,Low,Departure,T1,5,37.14,109.67,28,9,Loader,87.58,56.53,70,34.53,1,Fog,4221.42,669.76,58.24,0,77.35,42.94,Adaptive,Low Efficiency
3652,2024-07-04 16:43:00,FL9666,50.75,Perishable,High,Arrival,T4,42,42.14,59.41,25,9,Crane,81.5,77.88,76,7.05,1,Storm,4560.74,343.4,90.29,0,101.38,47.25,Optimized,Moderate Efficiency
3653,2024-01-05 02:39:00,FL6716,100.17,Perishable,Medium,Departure,T4,8,77.29,25.48,29,8,Conveyor,82.11,61.79,43,23.72,0,Clear,1154.07,1129.15,50.13,0,42.82,78.21,Adaptive,Low Efficiency
3654,2024-08-28 17:00:00,FL5620,24.63,Express,Medium,Arrival,T4,1,87.4,46.56,8,8,Forklift,49.67,54.79,91,76.76,0,Fog,3317.62,1427.57,81.57,0,83.25,142.06,Adaptive,Low Efficiency
3655,2024-12-05 13:43:00,FL5440,8.5,Perishable,High,Departure,T4,5,113.77,109.17,44,4,Loader,97.04,73.0,81,16.23,0,Clear,1533.94,1081.04,94.59,0,102.04,131.8,Adaptive,Low Efficiency
3656,2024-04-22 17:25:00,FL2623,28.51,Express,Medium,Departure,T2,11,143.71,119.28,47,4,Forklift,52.34,67.53,74,80.48,0,Rain,1320.23,789.2,106.81,0,41.94,55.83,Adaptive,Low Efficiency
3657,2024-01-30 02:00:00,FL1785,44.15,Express,Critical,Departure,T4,43,41.72,53.51,27,5,Conveyor,60.94,46.27,5,48.22,0,Clear,1420.56,687.08,34.68,0,83.06,143.29,Optimized,Low Efficiency
3658,2024-04-21 22:09:00,FL3797,63.72,General,Low,Arrival,T3,48,148.42,24.19,28,9,Crane,71.08,53.54,4,64.31,0,Fog,2845.94,871.38,87.47,1,102.11,32.06,Baseline,Low Efficiency
3659,2024-08-22 22:22:00,FL6210,75.74,General,High,Arrival,T4,10,117.6,37.93,25,3,Loader,47.57,32.41,15,40.83,0,Storm,4486.55,1011.8,71.46,1,48.8,86.04,Baseline,Low Efficiency
3660,2024-02-07 00:45:00,FL7382,109.72,Express,High,Departure,T2,15,176.94,68.63,6,4,Forklift,75.61,43.55,2,83.91,1,Rain,4183.72,277.42,60.5,0,75.18,106.53,Baseline,Low Efficiency
3661,2024-08-07 07:03:00,FL3960,63.63,Express,Low,Arrival,T3,39,124.19,70.79,27,10,Loader,50.96,53.51,49,21.57,0,Storm,1145.23,1206.92,56.04,1,124.0,141.85,Adaptive,Low Efficiency
3662,2024-12-23 04:59:00,FL6655,62.65,Perishable,Medium,Departure,T3,47,134.57,77.46,19,5,Loader,95.4,98.05,56,51.52,0,Storm,2794.64,107.56,106.01,1,85.35,42.95,Baseline,Low Efficiency
3663,2024-09-17 17:59:00,FL9711,10.78,General,High,Arrival,T4,29,51.23,101.07,30,7,Loader,93.32,66.9,8,6.22,0,Clear,1178.98,1283.12,29.72,0,40.14,53.12,Optimized,Low Efficiency
3664,2024-02-23 01:41:00,FL7597,9.01,Hazardous,High,Departure,T4,25,143.02,86.79,30,5,Conveyor,72.67,79.06,16,43.24,1,Clear,2471.22,803.22,95.63,0,39.99,26.38,Optimized,Low Efficiency
3665,2024-08-19 10:59:00,FL8812,68.38,General,Medium,Arrival,T2,48,32.68,35.0,32,9,Forklift,66.97,77.15,64,87.54,0,Clear,3031.37,708.44,18.42,0,108.93,57.07,Optimized,Low Efficiency
3666,2024-06-09 04:06:00,FL3090,55.39,Express,Medium,Arrival,T3,6,125.04,50.43,30,6,Loader,46.16,98.66,84,7.93,1,Fog,4152.11,269.26,70.26,0,49.53,127.27,Baseline,Low Efficiency
3667,2024-05-13 21:20:00,FL5244,101.51,Express,Low,Arrival,T3,11,28.89,101.58,49,3,Forklift,89.4,68.9,24,45.61,1,Rain,4375.87,917.89,27.6,0,13.39,68.23,Optimized,Low Efficiency
3668,2024-02-19 15:28:00,FL1155,23.48,Perishable,Low,Arrival,T2,17,38.44,77.84,6,6,Conveyor,62.76,70.98,99,54.21,1,Clear,624.65,224.62,60.55,0,129.34,148.43,Adaptive,Low Efficiency
3669,2024-04-26 01:12:00,FL9414,7.87,Perishable,Medium,Arrival,T4,15,37.26,24.14,39,6,Loader,54.78,51.0,55,83.86,0,Fog,3601.47,1312.35,63.07,1,12.62,65.53,Optimized,Low Efficiency
3670,2024-10-29 20:55:00,FL3547,56.64,General,Low,Arrival,T1,16,28.4,42.44,36,12,Loader,99.72,73.83,54,26.77,1,Storm,2345.72,523.2,90.53,0,86.87,110.48,Baseline,Moderate Efficiency
3671,2024-10-20 18:13:00,FL3070,32.31,Perishable,High,Departure,T1,2,71.38,95.98,34,10,Loader,80.1,83.04,81,45.26,0,Rain,2727.29,341.56,32.99,0,41.19,65.96,Baseline,Low Efficiency
3672,2024-03-07 22:51:00,FL3337,10.71,Hazardous,High,Departure,T3,36,179.1,24.79,24,1,Forklift,44.43,37.23,69,88.85,1,Storm,1498.29,451.65,42.45,1,118.79,43.37,Baseline,Low Efficiency
3673,2024-09-11 10:15:00,FL7206,88.33,Hazardous,Critical,Arrival,T3,19,75.72,84.47,17,7,Forklift,88.08,63.61,78,69.21,0,Clear,654.21,846.42,65.11,0,29.44,34.95,Baseline,Low Efficiency
3674,2024-06-10 01:42:00,FL5380,17.83,Perishable,High,Departure,T4,38,141.72,69.81,31,3,Loader,85.02,59.53,78,72.94,0,Rain,4259.26,883.94,93.21,0,129.69,34.32,Optimized,Low Efficiency
3675,2024-06-04 08:37:00,FL1866,74.96,Hazardous,Critical,Arrival,T1,21,41.17,21.96,27,1,Forklift,64.07,37.95,60,70.25,0,Fog,1537.83,573.82,69.89,0,89.89,100.44,Optimized,Low Efficiency
3676,2024-08-29 16:05:00,FL7064,37.32,Hazardous,Medium,Departure,T3,11,92.72,84.22,20,1,Forklift,47.42,53.89,31,46.37,0,Rain,4461.34,1203.7,97.34,1,33.68,20.3,Adaptive,Low Efficiency
3677,2024-08-29 01:48:00,FL5081,24.95,General,High,Departure,T4,41,49.62,21.37,35,5,Loader,69.85,67.46,20,39.09,0,Rain,813.66,629.1,82.01,0,100.8,99.38,Optimized,Moderate Efficiency
3678,2024-09-19 17:23:00,FL7852,48.67,Hazardous,Critical,Departure,T1,3,50.74,50.82,16,14,Loader,85.8,75.49,77,22.93,1,Rain,2337.95,712.54,111.11,0,14.1,68.16,Adaptive,Moderate Efficiency
3679,2024-08-01 18:35:00,FL8500,97.17,Express,High,Departure,T2,34,35.95,40.48,37,10,Crane,44.56,50.22,54,41.94,0,Clear,3840.56,282.09,83.56,1,94.05,102.83,Baseline,Low Efficiency
3680,2024-06-08 01:36:00,FL3999,50.09,Express,Low,Arrival,T3,18,89.13,84.35,42,10,Crane,49.81,63.34,9,1.85,0,Storm,1655.36,289.86,48.11,0,114.27,13.1,Adaptive,Low Efficiency
3681,2024-12-11 18:43:00,FL8191,91.34,General,High,Departure,T2,15,32.09,94.97,49,2,Loader,77.14,81.39,34,8.74,1,Storm,4853.36,241.72,21.09,0,77.18,29.27,Optimized,Low Efficiency
3682,2024-01-07 09:51:00,FL6799,19.43,Perishable,Critical,Departure,T1,25,165.57,24.36,36,2,Conveyor,73.57,59.56,76,25.85,0,Clear,3368.73,305.16,87.47,1,30.86,132.15,Baseline,Low Efficiency
3683,2024-03-24 12:54:00,FL8678,93.87,General,High,Departure,T4,15,91.66,98.38,6,12,Loader,94.31,95.85,80,30.03,0,Clear,1478.27,1360.27,118.08,0,37.64,149.99,Optimized,Moderate Efficiency
3684,2024-09-08 22:54:00,FL9228,32.25,Perishable,Medium,Arrival,T4,30,154.17,5.83,27,4,Loader,88.89,32.15,65,63.68,0,Storm,4071.25,1058.93,63.64,1,30.48,127.9,Baseline,Low Efficiency
3685,2024-11-20 12:35:00,FL5699,82.9,Perishable,High,Departure,T1,17,176.71,65.96,36,10,Loader,95.13,48.22,16,15.44,0,Clear,4930.56,1040.75,24.86,0,66.58,27.6,Adaptive,Low Efficiency
3686,2024-06-24 00:23:00,FL5519,70.06,Perishable,Critical,Arrival,T2,18,128.44,64.43,19,11,Loader,67.96,39.34,70,71.62,1,Clear,1620.92,304.26,45.24,0,34.81,38.17,Optimized,Low Efficiency
3687,2024-06-26 13:11:00,FL8008,111.85,Perishable,Low,Arrival,T4,31,164.24,76.74,44,12,Loader,87.27,67.89,84,72.07,1,Clear,4201.27,827.24,55.13,0,51.95,34.68,Baseline,Low Efficiency
3688,2024-01-30 00:54:00,FL9529,49.54,Perishable,High,Departure,T3,43,41.66,32.57,45,12,Loader,42.92,42.42,6,52.83,0,Clear,4897.69,784.12,25.11,0,29.17,131.49,Optimized,Low Efficiency
3689,2024-08-21 16:46:00,FL4748,12.61,General,Low,Arrival,T2,18,152.8,6.13,44,7,Loader,57.67,81.93,35,44.23,1,Storm,1493.29,502.61,46.53,0,34.84,125.79,Baseline,Low Efficiency
3690,2024-10-04 16:58:00,FL6000,7.2,Perishable,High,Departure,T2,35,63.39,57.3,12,8,Loader,78.66,94.28,3,42.07,0,Fog,1555.38,478.1,97.87,0,140.82,67.61,Optimized,Moderate Efficiency
3691,2024-03-23 13:21:00,FL2424,100.09,Hazardous,High,Departure,T3,13,95.62,13.21,47,11,Crane,85.82,44.5,21,37.85,0,Fog,3727.01,1167.44,44.88,0,12.01,27.36,Adaptive,Low Efficiency
3692,2024-10-07 23:40:00,FL6007,65.34,Hazardous,Low,Departure,T1,14,123.45,107.6,26,10,Crane,74.23,93.47,7,7.97,0,Storm,4777.97,517.43,119.85,0,83.23,134.4,Optimized,Low Efficiency
3693,2024-07-05 20:14:00,FL7660,94.15,Perishable,Low,Departure,T4,36,164.57,24.97,42,7,Crane,68.84,74.22,78,58.99,1,Rain,3628.74,929.49,42.0,0,70.33,91.49,Optimized,Low Efficiency
3694,2024-07-24 22:47:00,FL6123,31.96,Hazardous,High,Departure,T2,18,165.76,53.9,38,9,Conveyor,54.0,43.73,30,51.96,0,Rain,2770.76,1387.24,20.91,1,49.37,146.79,Baseline,Low Efficiency
3695,2024-01-18 23:45:00,FL2476,44.68,Express,Low,Departure,T4,5,34.74,54.91,5,7,Forklift,50.45,81.56,22,1.42,1,Fog,973.53,819.45,96.7,0,121.72,49.51,Optimized,Moderate Efficiency
3696,2024-09-30 00:52:00,FL2302,8.46,General,Low,Departure,T4,14,78.33,68.58,14,4,Conveyor,92.53,36.36,14,18.24,0,Storm,4659.69,945.56,23.31,0,40.68,15.24,Adaptive,Low Efficiency
3697,2024-11-20 10:40:00,FL2256,115.57,General,High,Arrival,T2,25,146.91,94.99,44,9,Conveyor,48.53,78.45,55,39.27,1,Fog,810.95,1325.31,15.24,1,134.86,147.52,Optimized,Low Efficiency
3698,2024-12-20 11:31:00,FL4932,81.8,Perishable,Medium,Arrival,T1,44,132.51,59.3,20,9,Loader,66.12,90.29,89,81.12,0,Rain,1451.92,1109.42,53.57,1,105.57,59.42,Baseline,Low Efficiency
3699,2024-02-01 22:21:00,FL2534,112.32,Perishable,Medium,Departure,T2,39,24.22,7.96,28,3,Crane,93.31,96.53,67,89.13,1,Fog,2528.36,118.89,109.18,0,102.95,72.75,Optimized,High Efficiency
3700,2024-08-03 20:33:00,FL3705,35.53,Express,Critical,Departure,T1,12,91.98,93.68,28,10,Loader,48.86,33.82,5,67.62,0,Fog,2752.8,302.79,72.75,0,144.77,22.2,Adaptive,Low Efficiency
3701,2024-05-20 04:23:00,FL1940,75.32,Perishable,Low,Arrival,T3,40,152.68,14.45,18,14,Loader,47.65,34.34,69,67.44,0,Fog,748.3,476.66,110.96,0,131.17,93.02,Optimized,Low Efficiency
3702,2024-08-21 05:52:00,FL2385,83.03,Hazardous,Medium,Departure,T1,28,138.03,78.78,30,8,Crane,81.55,95.13,59,37.37,0,Rain,870.34,702.56,106.08,0,78.24,46.41,Baseline,Low Efficiency
3703,2024-02-29 23:05:00,FL5683,41.52,Express,High,Arrival,T1,35,85.9,97.39,43,1,Loader,59.89,85.27,9,51.39,1,Rain,1063.06,486.5,18.36,0,90.8,105.38,Optimized,Low Efficiency
3704,2024-03-10 20:57:00,FL9074,102.53,Hazardous,High,Arrival,T2,1,137.63,37.51,22,2,Forklift,66.14,84.2,48,20.95,0,Storm,678.63,745.91,16.13,0,118.62,116.41,Adaptive,Low Efficiency
3705,2024-05-01 21:26:00,FL1175,113.92,General,Critical,Departure,T4,3,108.19,56.65,24,8,Forklift,77.54,81.98,37,66.43,0,Clear,4898.51,1197.33,42.76,0,38.77,50.28,Optimized,Low Efficiency
3706,2024-01-06 08:06:00,FL7946,106.76,Hazardous,Critical,Departure,T4,43,166.02,6.65,45,13,Conveyor,62.74,80.21,68,5.38,0,Rain,1570.77,1462.14,107.14,0,100.4,71.81,Baseline,Low Efficiency
3707,2024-02-17 16:12:00,FL9334,89.99,General,High,Arrival,T1,7,113.94,97.45,40,8,Crane,87.99,72.93,20,37.55,0,Clear,4457.85,981.06,65.55,0,48.15,58.3,Adaptive,Low Efficiency
3708,2024-06-02 11:40:00,FL3235,36.91,Hazardous,Low,Arrival,T1,9,84.12,85.88,28,6,Forklift,98.14,86.89,85,74.82,1,Fog,4029.51,1318.2,115.37,0,19.75,147.07,Optimized,Moderate Efficiency
3709,2024-06-04 05:30:00,FL8858,37.39,General,Low,Departure,T2,36,158.07,31.61,30,8,Conveyor,95.98,32.39,50,88.19,1,Clear,3676.48,581.21,42.84,0,147.53,128.74,Adaptive,Low Efficiency
3710,2024-11-04 21:35:00,FL9156,115.79,Perishable,Medium,Departure,T1,23,27.98,49.88,33,14,Loader,72.73,81.82,24,62.69,1,Storm,3460.62,291.6,59.1,0,108.38,68.99,Baseline,Low Efficiency
3711,2024-03-16 16:15:00,FL9437,6.18,Hazardous,Low,Arrival,T2,24,164.08,84.96,26,14,Conveyor,61.29,70.8,71,17.75,1,Fog,2743.78,1266.17,12.85,0,108.69,81.92,Adaptive,Low Efficiency
3712,2024-05-29 16:45:00,FL9722,87.35,General,High,Arrival,T3,10,131.42,46.19,15,8,Conveyor,66.02,93.52,49,51.4,0,Storm,3037.23,1180.34,106.11,0,71.6,147.76,Adaptive,Low Efficiency
3713,2024-11-12 22:19:00,FL3042,86.22,Hazardous,High,Arrival,T1,48,170.5,23.68,45,2,Forklift,59.81,95.55,8,50.45,1,Clear,4507.96,430.68,27.6,0,37.63,48.09,Adaptive,Low Efficiency
3714,2024-02-22 12:23:00,FL7643,76.61,Express,Low,Departure,T3,12,60.08,64.63,15,3,Conveyor,66.5,46.89,75,86.92,1,Fog,3998.86,854.01,118.52,1,133.9,133.93,Baseline,Moderate Efficiency
3715,2024-04-21 23:03:00,FL1227,118.86,Perishable,High,Departure,T1,19,131.19,88.21,7,7,Crane,40.78,85.26,73,75.62,0,Rain,1538.72,1491.35,43.49,0,98.31,141.82,Adaptive,Low Efficiency
3716,2024-01-18 07:06:00,FL4115,40.87,General,Low,Departure,T1,32,149.51,41.89,25,3,Loader,43.31,96.99,6,4.41,0,Clear,969.04,1460.61,113.98,0,44.84,74.4,Optimized,Low Efficiency
3717,2024-11-30 09:32:00,FL1119,44.1,Express,Medium,Arrival,T3,24,132.34,19.0,15,13,Crane,86.28,48.67,40,19.81,0,Clear,1821.81,733.06,83.73,0,32.95,44.66,Adaptive,Low Efficiency
3718,2024-08-29 13:08:00,FL7962,14.08,Hazardous,High,Arrival,T3,22,53.65,100.4,12,11,Loader,60.09,89.58,81,75.77,1,Fog,1096.37,497.08,73.24,0,113.87,31.74,Optimized,Low Efficiency
3719,2024-01-28 14:06:00,FL9754,55.92,Express,Medium,Departure,T2,3,64.09,34.07,35,2,Crane,87.66,71.06,54,87.52,0,Fog,4795.08,511.03,23.23,0,34.8,20.19,Adaptive,Low Efficiency
3720,2024-03-04 17:32:00,FL6653,35.02,Hazardous,Medium,Arrival,T2,40,110.68,63.97,14,6,Loader,68.8,57.65,77,26.52,1,Storm,2222.3,1329.35,21.45,0,40.46,35.43,Optimized,Low Efficiency
3721,2024-02-23 08:06:00,FL5001,44.49,Perishable,Low,Arrival,T3,27,91.48,84.5,10,2,Crane,88.36,87.65,17,62.17,0,Rain,1279.53,1036.59,39.25,1,24.23,57.14,Baseline,Low Efficiency
3722,2024-02-09 12:24:00,FL9652,100.98,Express,Medium,Arrival,T1,19,137.62,41.46,21,14,Loader,79.82,90.92,51,27.7,0,Clear,3300.66,939.08,49.33,0,115.27,118.29,Baseline,Low Efficiency
3723,2024-05-09 14:38:00,FL1693,112.58,Perishable,High,Arrival,T2,9,80.59,79.59,42,2,Forklift,52.06,49.79,2,3.7,0,Rain,2292.04,475.07,77.87,1,98.39,64.37,Adaptive,Low Efficiency
3724,2024-07-02 10:24:00,FL8350,26.36,General,Critical,Arrival,T1,49,157.52,57.87,11,11,Conveyor,66.86,85.61,30,74.65,0,Rain,1480.83,668.95,28.46,0,69.38,60.86,Optimized,Low Efficiency
3725,2024-02-21 07:03:00,FL3761,47.84,Hazardous,Medium,Departure,T4,13,89.11,70.6,36,2,Conveyor,82.26,33.48,32,66.5,1,Rain,759.52,880.81,86.18,1,34.66,128.22,Adaptive,Low Efficiency
3726,2024-06-14 18:23:00,FL9577,111.79,Hazardous,Medium,Departure,T2,2,26.41,72.92,17,4,Conveyor,59.84,59.24,50,4.8,1,Fog,916.11,829.58,16.17,1,87.68,93.23,Adaptive,Low Efficiency
3727,2024-07-07 08:12:00,FL4687,12.11,Perishable,High,Departure,T2,36,22.78,99.78,10,14,Conveyor,51.6,34.88,71,13.09,0,Rain,3034.93,173.74,105.16,1,100.46,74.42,Adaptive,Moderate Efficiency
3728,2024-10-23 19:53:00,FL3864,15.62,Perishable,Critical,Departure,T2,29,123.48,80.48,7,7,Loader,72.39,50.57,16,89.96,1,Storm,3876.56,781.48,106.48,0,44.63,98.13,Optimized,Low Efficiency
3729,2024-10-09 13:21:00,FL2230,23.72,General,Low,Departure,T4,11,106.49,35.4,31,6,Crane,56.42,96.53,83,58.57,0,Rain,4666.03,954.73,108.58,0,54.65,88.44,Optimized,Low Efficiency
3730,2024-11-24 11:59:00,FL7013,73.45,Express,Medium,Arrival,T3,34,106.84,11.85,49,5,Crane,75.66,81.43,79,72.04,1,Fog,3134.45,1202.68,56.7,0,39.94,72.22,Adaptive,Low Efficiency
3731,2024-10-21 12:14:00,FL3184,22.3,Hazardous,High,Arrival,T1,4,146.4,5.23,46,4,Forklift,56.3,82.89,55,34.98,0,Fog,3437.21,280.06,24.32,1,59.93,65.95,Baseline,Low Efficiency
3732,2024-11-11 07:39:00,FL9416,116.33,Hazardous,High,Arrival,T4,4,80.12,109.01,30,2,Conveyor,94.39,39.41,57,46.64,0,Rain,1588.94,1254.42,66.06,1,44.29,133.9,Baseline,Low Efficiency
3733,2024-08-18 09:33:00,FL6788,56.37,General,Low,Departure,T3,1,179.27,113.34,8,11,Conveyor,60.63,70.51,78,55.79,1,Storm,1734.63,230.1,93.43,0,78.09,35.81,Baseline,Low Efficiency
3734,2024-01-13 07:11:00,FL1834,62.67,General,High,Arrival,T2,25,171.28,15.82,41,8,Forklift,94.45,57.22,45,72.54,1,Clear,2379.04,799.1,39.59,0,141.27,32.09,Optimized,Low Efficiency
3735,2024-10-10 15:02:00,FL7925,33.37,Perishable,Low,Arrival,T3,26,22.07,61.01,25,13,Conveyor,56.77,81.39,52,30.5,1,Clear,4409.31,218.8,83.37,0,49.47,122.1,Optimized,Low Efficiency
3736,2024-03-27 03:32:00,FL9118,59.16,Perishable,Medium,Arrival,T3,11,163.32,22.43,32,12,Forklift,76.27,41.0,71,60.5,1,Storm,2459.07,1244.33,12.07,0,67.97,26.88,Adaptive,Low Efficiency
3737,2024-01-05 07:05:00,FL7211,81.12,Express,Medium,Departure,T3,23,128.89,114.11,22,2,Conveyor,47.81,49.73,47,69.81,0,Fog,1578.36,749.26,99.39,0,62.13,145.77,Optimized,Low Efficiency
3738,2024-02-16 01:09:00,FL3793,91.39,General,Critical,Arrival,T1,2,100.33,33.39,36,11,Crane,86.7,92.9,33,72.46,1,Rain,4637.74,968.81,33.94,0,37.76,49.06,Adaptive,Low Efficiency
3739,2024-02-03 03:27:00,FL7115,91.69,Express,Medium,Arrival,T3,19,113.24,62.69,43,8,Forklift,52.01,41.88,98,44.93,0,Clear,2351.46,798.44,110.36,0,146.26,129.46,Baseline,Low Efficiency
3740,2024-02-22 20:35:00,FL2855,71.46,General,Low,Departure,T3,29,154.7,24.05,37,10,Crane,91.84,74.27,24,42.6,0,Clear,857.8,745.57,69.67,0,82.58,100.6,Adaptive,Low Efficiency
3741,2024-09-17 11:15:00,FL6537,109.0,Hazardous,Low,Departure,T3,40,172.17,43.27,30,14,Conveyor,67.15,52.06,35,9.41,0,Rain,2954.64,355.72,51.3,0,94.3,123.28,Optimized,Low Efficiency
3742,2024-03-18 06:51:00,FL5092,99.0,General,Critical,Arrival,T3,4,109.65,35.68,21,4,Crane,45.67,35.73,64,44.8,0,Clear,3318.96,1420.86,91.1,0,35.34,65.96,Baseline,Low Efficiency
3743,2024-07-30 01:15:00,FL9832,92.06,General,Low,Departure,T4,16,49.01,59.67,33,12,Crane,61.81,45.66,85,63.17,1,Clear,4799.23,1120.12,44.43,0,122.97,38.44,Optimized,Low Efficiency
3744,2024-08-07 10:29:00,FL2931,11.39,Hazardous,Medium,Arrival,T4,47,122.36,53.27,24,5,Loader,86.78,90.86,88,82.85,0,Fog,4129.69,893.52,88.66,0,132.43,142.74,Baseline,Low Efficiency
3745,2024-03-03 23:47:00,FL5752,5.79,General,Low,Departure,T3,37,32.2,43.04,34,11,Conveyor,44.58,93.74,80,11.27,0,Clear,955.01,388.21,44.38,0,81.3,120.16,Optimized,Low Efficiency
3746,2024-07-23 23:52:00,FL5901,29.43,Express,High,Arrival,T3,27,121.62,17.18,9,1,Loader,77.54,59.39,60,87.2,0,Clear,2803.66,660.63,103.2,1,54.53,31.01,Optimized,Low Efficiency
3747,2024-11-14 16:56:00,FL8915,81.31,Perishable,Medium,Arrival,T3,5,149.38,60.72,10,2,Forklift,70.44,73.46,81,21.07,1,Fog,2453.51,579.23,117.92,1,45.88,71.97,Baseline,Low Efficiency
3748,2024-10-04 17:41:00,FL5809,52.29,Perishable,Medium,Departure,T2,15,76.53,102.77,46,11,Loader,58.59,66.43,29,15.83,0,Clear,2270.5,1157.71,82.36,0,22.46,56.26,Baseline,Low Efficiency
3749,2024-10-14 17:06:00,FL5337,51.28,Express,Medium,Departure,T3,23,31.39,88.98,14,8,Conveyor,85.34,49.58,18,10.31,1,Fog,1129.16,370.06,69.18,0,68.8,31.65,Baseline,Moderate Efficiency
3750,2024-01-23 10:36:00,FL4490,106.73,Hazardous,Critical,Departure,T3,49,130.76,87.87,10,1,Loader,43.15,54.14,58,89.11,0,Rain,2189.02,1034.19,60.59,0,91.76,92.94,Adaptive,Low Efficiency
3751,2024-12-11 03:32:00,FL1036,107.99,General,Medium,Departure,T4,3,74.29,47.1,14,3,Loader,69.86,66.88,48,50.49,0,Clear,2615.4,1363.54,112.21,0,75.78,113.58,Adaptive,Moderate Efficiency
3752,2024-04-23 19:57:00,FL7449,109.56,Express,High,Arrival,T4,18,59.86,86.47,46,2,Conveyor,70.41,78.68,11,24.35,0,Clear,1484.93,1273.79,58.15,0,83.29,42.7,Optimized,Low Efficiency
3753,2024-06-09 02:25:00,FL4562,41.1,Perishable,Critical,Departure,T4,43,130.27,58.54,25,10,Crane,45.18,54.49,3,28.58,1,Storm,3091.35,575.22,99.11,0,134.75,86.98,Optimized,Low Efficiency
3754,2024-04-09 07:26:00,FL5994,84.47,Perishable,Critical,Arrival,T1,26,175.13,22.28,48,5,Forklift,48.16,78.92,42,85.52,0,Storm,1495.77,312.42,10.43,0,47.83,38.12,Baseline,Low Efficiency
3755,2024-10-11 17:05:00,FL9446,36.24,Express,Medium,Arrival,T2,6,139.25,53.19,8,12,Loader,64.58,97.27,18,81.0,0,Storm,1045.93,607.63,108.17,0,91.89,102.54,Optimized,Low Efficiency
3756,2024-08-02 19:07:00,FL1580,26.92,Perishable,Critical,Arrival,T3,44,98.62,20.26,17,4,Conveyor,72.19,31.72,16,31.5,1,Fog,4927.93,652.2,52.54,1,31.38,107.85,Baseline,Low Efficiency
3757,2024-04-14 21:54:00,FL8586,26.23,Express,Low,Departure,T4,17,116.08,18.17,14,4,Loader,43.19,41.47,41,5.72,1,Clear,3597.8,852.26,40.64,0,97.97,80.35,Baseline,Low Efficiency
3758,2024-08-05 00:54:00,FL8999,44.34,Perishable,Medium,Arrival,T1,46,42.76,7.65,20,13,Forklift,40.71,94.14,65,75.02,0,Clear,3176.59,163.33,26.6,0,22.69,103.05,Optimized,Low Efficiency
3759,2024-09-28 16:55:00,FL1942,54.45,Express,Critical,Arrival,T3,38,150.11,37.53,23,4,Forklift,51.56,35.01,43,82.3,0,Storm,1973.77,815.09,17.87,1,30.14,107.83,Baseline,Low Efficiency
3760,2024-01-09 02:51:00,FL6828,100.56,General,Low,Departure,T3,42,116.69,43.05,10,11,Forklift,69.27,83.55,43,75.38,1,Fog,1437.53,947.04,107.04,0,32.27,137.72,Optimized,Low Efficiency
3761,2024-04-12 22:41:00,FL1096,18.79,General,Low,Arrival,T4,48,174.53,85.44,30,4,Loader,42.42,73.68,91,82.17,1,Storm,1091.73,1418.67,46.49,1,97.51,126.89,Baseline,Low Efficiency
3762,2024-03-30 17:41:00,FL8542,89.52,General,Medium,Arrival,T3,27,176.72,66.87,13,4,Crane,83.99,33.34,31,51.83,0,Clear,781.81,1114.61,116.97,0,105.78,125.1,Adaptive,Low Efficiency
3763,2024-01-31 10:02:00,FL6382,66.12,General,High,Arrival,T3,20,76.73,103.72,14,6,Crane,49.12,30.05,28,75.57,0,Fog,3648.71,139.54,56.3,0,11.5,13.04,Baseline,Low Efficiency
3764,2024-01-04 15:54:00,FL5888,38.11,Perishable,Medium,Departure,T3,6,178.17,25.29,44,2,Crane,86.36,65.14,51,84.95,0,Storm,1742.91,345.24,114.25,0,125.84,46.79,Optimized,Low Efficiency
3765,2024-10-13 23:04:00,FL6798,61.67,Hazardous,High,Arrival,T4,35,173.09,35.59,7,13,Conveyor,52.28,38.21,27,80.09,1,Clear,1931.56,765.62,82.41,0,121.98,37.04,Adaptive,Low Efficiency
3766,2024-03-02 23:41:00,FL2755,39.49,Express,Critical,Arrival,T1,12,122.37,113.22,23,13,Crane,60.8,91.06,9,52.85,1,Storm,1224.46,1466.3,26.94,0,40.39,149.14,Optimized,Low Efficiency
3767,2024-08-09 20:51:00,FL1084,73.55,Hazardous,High,Arrival,T3,48,73.35,56.07,39,4,Crane,68.75,63.65,38,67.19,0,Rain,1027.24,941.64,43.66,0,22.51,88.95,Baseline,Low Efficiency
3768,2024-06-01 22:56:00,FL6729,54.89,Perishable,Low,Departure,T1,3,140.53,95.74,10,14,Forklift,60.84,46.41,36,64.92,0,Fog,2727.48,1281.96,113.51,0,91.53,34.37,Baseline,Low Efficiency
3769,2024-09-07 09:14:00,FL4050,23.91,Perishable,Critical,Departure,T3,48,63.4,61.6,33,7,Conveyor,41.42,41.77,60,72.27,1,Rain,3773.82,245.54,57.21,0,131.64,89.86,Optimized,Low Efficiency
3770,2024-06-03 04:22:00,FL7587,18.41,Hazardous,Low,Departure,T4,4,120.78,59.17,23,7,Forklift,94.51,88.5,91,20.6,1,Rain,4959.2,712.01,16.17,0,59.13,107.19,Optimized,Low Efficiency
3771,2024-10-27 11:39:00,FL6808,67.87,Hazardous,Low,Arrival,T1,45,23.93,22.03,48,1,Loader,57.19,80.31,57,0.2,0,Fog,2027.74,131.28,47.43,1,145.13,125.26,Adaptive,Low Efficiency
3772,2024-04-13 17:35:00,FL1145,108.78,Perishable,Low,Arrival,T4,4,120.57,102.89,19,10,Loader,48.16,80.26,47,45.89,0,Rain,3487.27,447.64,106.39,0,146.42,49.05,Adaptive,Low Efficiency
3773,2024-04-27 04:52:00,FL2660,44.56,Perishable,Medium,Arrival,T2,4,172.26,14.01,42,12,Forklift,47.95,35.97,90,68.9,0,Storm,1022.3,1235.84,119.73,1,12.06,88.09,Adaptive,Low Efficiency
3774,2024-05-13 23:30:00,FL8058,89.3,Express,Low,Arrival,T3,39,57.62,40.68,25,9,Conveyor,98.48,73.72,91,11.26,1,Clear,3000.54,971.07,13.26,0,101.77,52.25,Optimized,Low Efficiency
3775,2024-06-09 18:32:00,FL9061,80.75,General,Low,Arrival,T2,21,144.51,82.45,48,7,Crane,47.38,90.86,68,47.95,1,Fog,2831.37,494.9,61.81,0,59.14,73.02,Optimized,Low Efficiency
3776,2024-07-03 00:58:00,FL4236,112.13,General,Medium,Departure,T2,44,66.95,63.33,43,11,Crane,60.79,83.61,51,28.3,1,Storm,644.26,1278.75,37.06,1,29.67,66.99,Optimized,Low Efficiency
3777,2024-05-21 12:05:00,FL2388,99.41,Express,Low,Arrival,T2,2,133.26,106.36,27,6,Conveyor,44.06,38.27,58,75.44,0,Clear,2673.44,1129.23,117.97,1,113.7,39.96,Optimized,Low Efficiency
3778,2024-03-24 11:10:00,FL9668,70.16,Hazardous,High,Arrival,T3,16,132.0,9.52,24,14,Crane,84.13,96.45,48,9.02,0,Rain,2729.45,802.4,52.24,0,110.22,51.06,Optimized,Low Efficiency
3779,2024-05-12 01:27:00,FL9426,80.56,Perishable,High,Departure,T4,7,49.56,79.68,46,2,Crane,75.81,34.88,59,76.31,0,Fog,2174.09,161.93,112.7,0,17.14,45.98,Baseline,Moderate Efficiency
3780,2024-02-09 14:30:00,FL3518,108.31,Hazardous,High,Departure,T2,19,115.54,59.91,6,6,Forklift,72.01,68.98,76,54.97,1,Rain,3080.96,1368.87,77.17,1,29.5,123.61,Baseline,Low Efficiency
3781,2024-12-01 21:11:00,FL7729,50.94,General,Low,Arrival,T1,43,157.47,22.75,49,5,Loader,91.35,96.15,47,82.75,0,Clear,705.04,1036.71,108.1,0,20.72,30.37,Baseline,Low Efficiency
3782,2024-02-23 06:17:00,FL3029,42.58,General,Low,Departure,T3,33,81.21,90.47,36,9,Conveyor,74.4,87.56,15,84.21,1,Fog,4300.01,1238.85,114.4,0,93.17,146.08,Adaptive,Low Efficiency
3783,2024-07-30 15:31:00,FL8985,6.24,Hazardous,Critical,Departure,T4,9,133.64,52.3,32,12,Conveyor,97.33,77.66,94,72.8,1,Storm,2842.31,1410.22,21.54,1,50.09,66.25,Baseline,Low Efficiency
3784,2024-02-19 01:14:00,FL1113,100.05,General,Low,Departure,T4,37,127.91,66.13,8,1,Crane,77.37,89.94,78,47.71,0,Rain,644.67,293.68,32.19,0,88.66,41.59,Optimized,Low Efficiency
3785,2024-07-01 13:05:00,FL3549,97.11,Perishable,Critical,Arrival,T2,17,61.2,116.24,11,5,Crane,61.26,77.13,72,12.83,0,Storm,4926.96,1153.97,39.19,0,105.89,116.78,Baseline,Low Efficiency
3786,2024-03-12 12:12:00,FL5098,17.01,Express,Low,Departure,T3,27,166.98,60.92,7,3,Loader,42.2,33.85,92,20.29,0,Storm,2217.89,316.39,68.87,0,58.9,22.89,Optimized,Low Efficiency
3787,2024-05-23 18:07:00,FL4704,71.34,Hazardous,Critical,Arrival,T2,33,110.16,99.69,29,9,Conveyor,83.52,54.56,95,37.6,0,Storm,4940.28,821.89,36.53,0,58.79,124.14,Baseline,Low Efficiency
3788,2024-12-20 18:16:00,FL8711,58.36,Perishable,Medium,Departure,T1,49,76.85,93.5,13,12,Forklift,62.42,59.9,2,65.61,0,Fog,1311.49,1117.81,112.72,0,114.78,53.51,Adaptive,Low Efficiency
3789,2024-08-28 22:02:00,FL7477,18.65,Perishable,Medium,Arrival,T4,12,46.3,81.22,27,1,Loader,75.95,68.25,79,49.04,0,Rain,634.87,828.52,29.89,0,59.5,34.05,Optimized,Low Efficiency
3790,2024-09-17 01:26:00,FL7132,117.77,General,High,Arrival,T4,45,95.75,108.13,27,6,Forklift,92.58,46.07,61,39.45,1,Storm,3710.23,761.57,28.81,0,59.0,128.27,Optimized,Low Efficiency
3791,2024-04-03 08:43:00,FL5903,29.69,Perishable,Medium,Arrival,T3,11,136.82,33.93,30,3,Loader,40.46,91.68,40,42.98,1,Clear,4754.41,496.7,26.68,0,94.3,93.34,Baseline,Low Efficiency
3792,2024-06-19 18:45:00,FL6971,12.73,Hazardous,Medium,Departure,T4,13,119.78,99.39,44,1,Forklift,85.58,46.01,43,66.73,1,Fog,849.16,1175.24,57.96,1,19.82,85.39,Baseline,Low Efficiency
3793,2024-03-13 20:24:00,FL8017,73.41,Perishable,Medium,Departure,T3,31,136.33,48.45,22,11,Forklift,66.12,76.03,48,3.09,0,Storm,3809.87,225.15,14.98,0,57.87,51.83,Adaptive,Low Efficiency
3794,2024-07-26 15:07:00,FL3984,89.97,Express,High,Departure,T2,13,146.68,98.44,28,3,Forklift,47.44,91.36,72,39.84,1,Storm,811.43,424.41,84.81,1,28.35,80.08,Optimized,Low Efficiency
3795,2024-02-20 19:59:00,FL9788,8.73,Perishable,Low,Arrival,T1,38,90.56,61.79,31,2,Conveyor,74.95,81.3,69,51.54,0,Rain,4072.58,163.26,37.36,1,133.32,119.35,Baseline,Low Efficiency
3796,2024-05-20 21:37:00,FL5415,80.75,Perishable,Low,Departure,T3,26,103.23,103.64,49,10,Crane,71.96,39.52,57,52.98,1,Storm,3115.69,347.93,112.68,1,56.2,76.79,Baseline,Low Efficiency
3797,2024-08-19 09:42:00,FL2780,66.21,Express,Medium,Departure,T2,31,177.83,107.91,6,12,Conveyor,90.54,96.6,68,55.68,0,Storm,4018.21,670.71,29.77,1,75.5,98.33,Optimized,Low Efficiency
3798,2024-12-19 19:02:00,FL8185,16.88,Perishable,Low,Arrival,T1,22,174.89,73.73,5,12,Forklift,71.29,36.43,12,4.81,1,Storm,2171.67,141.69,18.67,1,22.21,15.44,Adaptive,Low Efficiency
3799,2024-11-24 03:36:00,FL8198,24.84,Perishable,High,Departure,T4,6,86.37,63.38,20,12,Crane,89.64,44.0,74,50.22,0,Rain,4574.23,417.62,54.27,0,79.26,93.01,Optimized,Low Efficiency
3800,2024-08-27 02:15:00,FL3651,70.32,General,Low,Arrival,T1,20,129.63,95.08,47,8,Forklift,72.67,39.75,68,49.55,0,Storm,1861.98,156.95,36.98,1,102.12,42.32,Optimized,Low Efficiency
3801,2024-08-10 14:03:00,FL3291,39.08,Hazardous,Medium,Departure,T1,21,62.81,35.7,28,3,Loader,66.82,76.68,51,76.94,1,Clear,1774.42,1326.04,105.6,0,16.24,112.94,Adaptive,Moderate Efficiency
3802,2024-04-20 23:17:00,FL6795,112.91,General,Low,Arrival,T1,10,44.43,6.77,40,11,Crane,62.27,86.52,74,68.41,1,Fog,4822.85,1345.99,67.24,1,56.53,53.9,Optimized,Low Efficiency
3803,2024-09-22 09:59:00,FL8110,99.16,Hazardous,Medium,Arrival,T4,19,142.94,51.82,15,7,Conveyor,50.42,46.66,29,2.81,0,Storm,1052.67,1077.94,62.44,1,87.94,51.2,Optimized,Low Efficiency
3804,2024-08-18 08:19:00,FL1095,118.11,Express,Low,Departure,T3,35,89.79,63.39,30,10,Forklift,75.04,98.55,92,50.03,1,Rain,3166.51,932.31,95.61,0,149.49,68.04,Baseline,Low Efficiency
3805,2024-11-07 21:12:00,FL6885,34.86,Express,Low,Arrival,T3,26,48.33,39.19,10,6,Crane,72.66,39.75,29,62.18,0,Clear,3083.03,1214.18,81.79,0,117.27,26.48,Adaptive,Moderate Efficiency
3806,2024-05-02 19:11:00,FL4251,116.52,Express,Low,Departure,T1,7,141.42,49.09,30,7,Conveyor,98.54,52.11,83,52.21,0,Fog,1565.32,494.03,11.06,0,89.36,115.5,Adaptive,Low Efficiency
3807,2024-01-04 12:26:00,FL2813,54.59,Hazardous,Critical,Departure,T2,37,166.43,20.3,33,11,Loader,64.74,64.32,13,60.87,1,Rain,1926.86,1138.84,85.4,0,39.24,97.93,Adaptive,Low Efficiency
3808,2024-08-16 01:49:00,FL4105,44.96,Hazardous,Low,Departure,T2,8,169.32,36.89,47,7,Forklift,65.29,86.62,57,10.5,0,Rain,1789.65,562.26,88.36,0,145.63,49.29,Baseline,Low Efficiency
3809,2024-06-28 06:13:00,FL5667,10.79,Hazardous,High,Departure,T1,5,115.41,32.61,5,10,Conveyor,49.83,56.36,98,15.23,1,Fog,4307.3,720.11,29.18,1,38.23,118.14,Adaptive,Low Efficiency
3810,2024-06-10 07:26:00,FL1659,11.07,Express,Low,Arrival,T1,44,96.74,39.61,13,1,Crane,75.85,42.59,46,52.45,0,Fog,2252.99,1472.09,88.03,1,31.66,144.61,Optimized,Low Efficiency
3811,2024-11-13 13:49:00,FL3190,84.58,Hazardous,Low,Arrival,T2,36,42.7,39.39,31,4,Loader,90.87,62.55,20,72.06,0,Rain,2114.16,1284.17,119.32,0,69.6,129.99,Optimized,Moderate Efficiency
3812,2024-07-20 11:19:00,FL7464,57.66,Perishable,Medium,Arrival,T1,28,146.85,69.28,11,4,Forklift,54.88,63.35,82,2.34,0,Clear,3365.24,686.12,42.35,1,113.61,68.0,Optimized,Low Efficiency
3813,2024-09-18 18:28:00,FL7898,31.05,General,Medium,Departure,T1,3,171.25,33.82,7,5,Conveyor,40.54,31.13,59,39.26,1,Clear,2729.78,1367.05,14.24,0,22.8,51.22,Adaptive,Low Efficiency
3814,2024-04-07 19:09:00,FL6426,75.61,Express,Critical,Departure,T3,39,162.31,113.21,13,14,Loader,81.49,31.46,36,89.28,1,Clear,2416.88,236.2,103.55,0,35.82,11.14,Adaptive,Low Efficiency
3815,2024-08-29 10:28:00,FL1517,34.08,General,Critical,Arrival,T3,8,140.29,63.8,6,10,Loader,41.88,49.43,1,68.92,1,Fog,3692.39,1364.05,32.54,0,97.46,46.23,Adaptive,Low Efficiency
3816,2024-12-15 11:48:00,FL3626,71.43,Perishable,High,Arrival,T1,15,20.73,19.83,14,5,Conveyor,64.56,81.89,90,40.52,1,Storm,2356.79,1345.0,95.63,1,13.38,26.22,Baseline,Moderate Efficiency
3817,2024-12-03 00:51:00,FL4260,46.31,Hazardous,High,Departure,T1,27,85.24,37.15,21,8,Forklift,76.76,55.62,3,8.82,1,Rain,1499.71,1005.51,54.78,0,102.42,125.94,Baseline,Low Efficiency
3818,2024-11-20 07:11:00,FL8852,99.71,General,Medium,Departure,T4,49,85.71,88.92,35,4,Conveyor,63.16,44.78,44,32.33,0,Clear,3838.31,554.57,109.42,0,19.02,118.84,Optimized,Low Efficiency
3819,2024-09-18 05:27:00,FL5354,99.38,Perishable,Medium,Departure,T3,36,163.1,6.57,5,13,Loader,55.63,37.91,55,13.9,0,Storm,805.16,1251.07,113.62,1,61.65,75.9,Optimized,Low Efficiency
3820,2024-08-10 10:30:00,FL2946,59.9,Perishable,Critical,Arrival,T1,16,30.5,112.85,22,1,Loader,87.96,49.64,60,82.87,0,Fog,4998.54,481.04,53.57,0,68.13,26.39,Adaptive,Low Efficiency
3821,2024-12-20 14:26:00,FL7899,45.34,General,High,Departure,T4,26,105.0,56.2,10,5,Crane,58.06,63.7,3,61.71,1,Rain,3184.84,299.05,117.9,0,100.04,82.74,Adaptive,Low Efficiency
3822,2024-03-20 05:59:00,FL9012,46.69,Express,Medium,Arrival,T4,45,41.78,64.92,42,1,Forklift,50.8,36.54,85,77.01,0,Storm,1473.36,871.67,13.06,0,56.24,84.27,Adaptive,Low Efficiency
3823,2024-05-07 23:48:00,FL9119,97.66,General,Low,Departure,T4,44,125.97,118.67,45,12,Conveyor,63.3,31.05,63,80.77,1,Rain,1391.82,280.34,72.59,0,23.2,98.36,Baseline,Low Efficiency
3824,2024-02-29 16:35:00,FL3087,42.74,Express,Low,Arrival,T4,4,146.76,62.89,46,3,Forklift,47.9,38.91,82,54.62,1,Fog,1731.72,600.34,91.27,1,29.55,83.6,Optimized,Low Efficiency
3825,2024-07-23 08:07:00,FL6322,29.04,Hazardous,Critical,Departure,T3,12,122.71,113.99,8,8,Forklift,81.42,81.66,31,0.59,1,Fog,4456.72,911.67,57.06,0,71.84,23.94,Optimized,Low Efficiency
3826,2024-04-11 22:42:00,FL7551,14.74,Express,Medium,Arrival,T4,17,147.13,110.25,44,10,Loader,82.6,62.64,61,50.05,0,Clear,4220.1,390.57,82.46,0,90.17,99.46,Baseline,Low Efficiency
3827,2024-05-23 00:53:00,FL9222,58.67,Hazardous,Medium,Arrival,T3,41,117.2,113.25,8,5,Crane,40.89,61.16,49,72.22,0,Rain,1150.38,679.29,43.81,0,141.02,148.68,Adaptive,Low Efficiency
3828,2024-07-10 16:21:00,FL7370,60.45,General,Low,Arrival,T4,44,50.37,98.42,39,7,Conveyor,81.69,31.38,44,28.3,1,Rain,3200.18,531.35,18.52,0,87.68,98.69,Adaptive,Low Efficiency
3829,2024-02-25 16:16:00,FL3153,101.7,Hazardous,High,Departure,T4,26,81.23,39.09,8,14,Conveyor,57.94,79.77,52,83.5,1,Storm,4599.06,316.11,101.84,0,108.09,60.81,Adaptive,Low Efficiency
3830,2024-02-24 21:42:00,FL2797,30.44,Perishable,Low,Arrival,T2,31,173.1,44.83,5,1,Crane,79.37,44.13,31,89.71,1,Rain,3799.1,987.38,42.6,0,36.6,97.06,Optimized,Low Efficiency
3831,2024-01-14 13:35:00,FL2767,48.81,Hazardous,High,Arrival,T3,15,66.11,46.97,45,6,Crane,82.39,36.36,72,49.43,0,Rain,3143.56,940.28,31.52,0,148.75,88.23,Optimized,Low Efficiency
3832,2024-01-23 17:09:00,FL1346,97.97,Express,Low,Departure,T2,34,30.06,117.61,47,12,Loader,56.67,88.94,89,47.81,1,Storm,1438.84,882.61,31.99,0,30.43,23.3,Adaptive,Low Efficiency
3833,2024-10-22 00:14:00,FL3066,99.72,Express,Critical,Arrival,T2,29,81.57,46.49,35,14,Loader,51.12,63.99,49,58.97,0,Clear,4745.88,1403.66,100.48,0,88.82,98.78,Baseline,Low Efficiency
3834,2024-06-03 22:15:00,FL3548,49.23,Express,High,Arrival,T4,9,78.61,17.5,23,8,Conveyor,89.58,82.43,46,50.97,0,Rain,4513.12,1397.14,17.23,1,142.55,101.41,Adaptive,Low Efficiency
3835,2024-01-27 16:36:00,FL6638,57.8,Hazardous,Low,Departure,T3,14,95.25,94.51,25,6,Crane,84.35,87.53,54,14.44,1,Storm,1945.51,901.32,64.77,0,75.36,58.99,Baseline,Low Efficiency
3836,2024-07-08 18:36:00,FL9192,39.88,Express,Medium,Arrival,T1,36,109.65,47.1,34,4,Forklift,90.23,97.52,84,24.4,1,Fog,2739.58,1134.2,31.37,0,136.43,52.12,Optimized,Low Efficiency
3837,2024-12-09 18:36:00,FL1223,112.24,Express,Medium,Departure,T4,4,178.79,76.41,11,11,Forklift,66.14,73.66,11,18.16,1,Clear,868.28,1226.92,81.69,0,92.23,79.62,Optimized,Low Efficiency
3838,2024-04-18 05:32:00,FL4874,18.64,Perishable,Low,Arrival,T3,38,141.0,111.3,9,8,Crane,67.38,34.78,65,6.49,0,Storm,3341.55,253.79,97.89,0,129.28,30.28,Optimized,Low Efficiency
3839,2024-09-23 09:08:00,FL1852,112.38,Hazardous,Critical,Departure,T2,37,25.74,71.18,6,8,Conveyor,60.65,69.04,85,12.64,1,Rain,744.71,1282.94,71.78,0,109.86,22.87,Optimized,Low Efficiency
3840,2024-10-12 19:24:00,FL6605,83.64,Perishable,Medium,Arrival,T3,24,134.03,78.34,7,14,Forklift,69.94,65.67,17,87.51,1,Clear,4577.08,107.17,77.64,0,92.32,115.67,Adaptive,Low Efficiency
3841,2024-06-11 14:33:00,FL8039,66.13,Express,Medium,Arrival,T4,17,151.88,78.93,19,14,Forklift,78.79,34.03,28,49.95,1,Clear,4461.77,102.85,78.58,0,26.21,35.61,Optimized,Low Efficiency
3842,2024-07-30 21:34:00,FL1131,8.76,Express,Low,Arrival,T3,13,163.3,75.43,43,6,Crane,88.87,51.44,82,11.33,1,Clear,1766.54,534.43,73.03,1,50.75,44.78,Baseline,Low Efficiency
3843,2024-04-07 11:44:00,FL8116,59.69,Express,Medium,Departure,T2,20,87.84,23.37,41,8,Loader,50.99,58.85,93,64.18,0,Fog,3839.22,1210.16,34.1,1,26.94,63.36,Adaptive,Low Efficiency
3844,2024-12-04 09:14:00,FL8867,51.89,Hazardous,Critical,Arrival,T3,17,70.18,57.49,14,12,Forklift,64.33,41.27,74,42.91,1,Storm,2477.11,1389.98,81.89,0,86.73,110.65,Adaptive,Low Efficiency
3845,2024-12-30 21:45:00,FL5742,23.54,General,Medium,Arrival,T3,27,154.29,5.88,13,6,Loader,67.67,30.61,9,20.22,0,Clear,4304.13,658.9,95.16,0,71.32,89.31,Adaptive,Low Efficiency
3846,2024-03-06 22:32:00,FL5623,80.49,Express,Critical,Departure,T2,33,144.42,77.02,27,4,Forklift,69.28,82.99,34,84.92,0,Rain,776.61,983.41,100.65,1,70.24,74.06,Adaptive,Low Efficiency
3847,2024-10-15 22:19:00,FL8961,116.68,Express,Critical,Departure,T4,21,105.77,71.17,18,11,Conveyor,72.52,89.61,20,20.21,1,Rain,2775.68,761.59,18.73,1,49.6,147.79,Baseline,Low Efficiency
3848,2024-09-21 23:00:00,FL2353,69.65,Express,Low,Departure,T1,17,38.86,41.59,49,12,Loader,88.1,46.04,95,8.78,0,Rain,2288.24,491.56,53.75,0,124.44,75.93,Optimized,Low Efficiency
3849,2024-01-08 17:06:00,FL8027,87.2,Express,Low,Arrival,T2,22,124.28,65.25,37,6,Conveyor,93.18,30.27,3,18.52,1,Clear,1671.66,1314.87,50.61,0,69.5,92.19,Baseline,Low Efficiency
3850,2024-06-22 22:44:00,FL5059,12.87,Hazardous,Critical,Arrival,T2,25,30.51,61.7,20,9,Loader,49.55,92.3,1,82.07,0,Rain,1441.76,921.71,111.58,0,49.28,21.58,Adaptive,Moderate Efficiency
3851,2024-04-30 18:19:00,FL3498,53.03,General,Medium,Arrival,T4,3,36.06,33.86,24,8,Crane,82.76,39.38,60,77.2,1,Clear,3544.4,1065.11,82.54,1,46.97,48.05,Baseline,Moderate Efficiency
3852,2024-04-12 05:09:00,FL9376,18.38,General,Low,Departure,T4,27,72.98,38.73,12,14,Crane,68.75,58.23,97,80.49,1,Storm,1408.54,964.05,62.01,0,53.07,51.0,Baseline,Low Efficiency
3853,2024-11-20 22:16:00,FL4061,75.47,General,Low,Departure,T3,27,79.39,92.69,42,7,Forklift,65.06,55.62,50,82.46,0,Clear,3344.88,217.64,115.56,0,126.06,41.29,Adaptive,Low Efficiency
3854,2024-04-25 22:36:00,FL5087,112.93,Express,Medium,Arrival,T2,46,93.92,91.91,38,5,Conveyor,46.8,41.5,8,6.97,1,Clear,2253.7,1261.38,27.69,0,61.32,51.48,Baseline,Low Efficiency
3855,2024-05-10 10:47:00,FL5606,81.1,Express,High,Arrival,T3,12,74.26,59.02,35,13,Loader,43.85,71.92,18,64.02,0,Storm,1591.76,153.89,49.77,0,44.13,77.71,Adaptive,Low Efficiency
3856,2024-04-16 11:00:00,FL2884,13.83,General,Low,Departure,T3,15,25.41,87.51,49,7,Conveyor,98.67,94.3,30,59.81,1,Rain,4026.72,1067.08,79.2,0,134.49,129.88,Optimized,Moderate Efficiency
3857,2024-12-18 01:50:00,FL5317,45.79,General,Low,Departure,T4,38,45.19,56.84,12,1,Conveyor,78.54,65.96,97,89.36,1,Clear,2137.52,297.83,66.11,0,135.34,100.27,Optimized,Low Efficiency
3858,2024-09-18 06:24:00,FL5052,68.33,Express,Critical,Departure,T4,20,38.42,102.91,29,8,Forklift,67.15,98.1,22,64.32,0,Storm,567.27,866.35,74.96,0,105.37,121.73,Adaptive,Low Efficiency
3859,2024-01-30 10:23:00,FL8031,51.37,Express,High,Arrival,T3,22,88.99,43.27,45,5,Crane,85.71,43.35,81,71.28,0,Fog,4330.15,278.34,93.78,0,125.64,78.3,Baseline,Low Efficiency
3860,2024-06-08 08:08:00,FL4250,100.87,Perishable,Medium,Departure,T2,2,53.94,111.64,17,7,Loader,45.47,89.4,9,64.35,0,Storm,1915.37,1457.24,86.57,0,126.43,89.51,Baseline,Low Efficiency
3861,2024-12-21 02:09:00,FL8764,98.69,Perishable,High,Departure,T2,4,66.97,67.36,22,7,Forklift,76.45,47.98,22,55.85,1,Fog,4200.41,705.47,82.28,0,107.55,19.7,Adaptive,Low Efficiency
3862,2024-06-17 18:07:00,FL2688,75.36,Perishable,Medium,Departure,T3,45,95.45,66.6,45,8,Conveyor,79.64,47.54,10,49.77,0,Storm,2958.5,1210.62,88.69,0,75.14,29.8,Adaptive,Low Efficiency
3863,2024-02-15 18:34:00,FL9230,47.95,General,High,Departure,T1,13,57.69,82.14,38,7,Crane,67.12,38.24,97,87.23,0,Clear,4465.97,1215.21,95.97,0,142.37,126.36,Adaptive,Low Efficiency
3864,2024-07-11 11:58:00,FL3968,34.36,Hazardous,Medium,Arrival,T1,32,59.35,44.2,40,6,Crane,55.16,90.45,67,84.27,1,Rain,2381.31,269.91,33.15,0,55.97,148.99,Optimized,Low Efficiency
3865,2024-09-26 00:20:00,FL4091,17.18,Express,Low,Departure,T4,22,153.3,88.3,21,12,Loader,97.28,80.75,81,39.41,1,Clear,1262.64,892.75,85.7,0,120.83,119.6,Adaptive,Low Efficiency
3866,2024-06-19 09:46:00,FL3436,45.81,Perishable,High,Arrival,T2,25,107.69,41.85,16,6,Crane,58.07,53.92,9,25.57,0,Clear,581.03,1498.78,83.09,1,41.83,37.55,Baseline,Low Efficiency
3867,2024-02-01 04:07:00,FL4758,52.51,Hazardous,Medium,Arrival,T3,27,157.08,50.72,20,5,Conveyor,47.49,54.46,47,45.82,1,Fog,4003.39,634.98,87.55,0,101.21,13.43,Adaptive,Low Efficiency
3868,2024-05-30 13:38:00,FL2973,82.72,Express,Critical,Departure,T3,17,102.32,82.59,17,5,Crane,77.83,89.14,40,67.15,0,Rain,4006.75,233.77,36.89,1,126.19,15.53,Adaptive,Low Efficiency
3869,2024-09-20 01:19:00,FL3167,80.69,Hazardous,Medium,Departure,T2,6,165.48,48.52,15,4,Conveyor,74.46,94.93,36,36.09,0,Rain,1380.29,1170.14,40.94,1,111.28,47.57,Baseline,Low Efficiency
3870,2024-10-09 14:25:00,FL7574,13.06,General,Critical,Arrival,T4,43,60.76,28.0,18,7,Loader,85.29,72.17,19,48.35,1,Clear,4799.56,931.83,94.8,1,109.12,133.33,Baseline,Moderate Efficiency
3871,2024-12-08 00:09:00,FL1628,50.45,General,Critical,Departure,T4,16,118.67,105.27,46,13,Conveyor,85.23,58.48,98,26.88,0,Storm,4770.91,1100.15,51.58,1,75.2,39.85,Baseline,Low Efficiency
3872,2024-11-27 01:28:00,FL5486,25.9,General,Low,Arrival,T1,8,100.52,111.05,32,12,Crane,77.21,33.72,2,38.49,0,Storm,2144.75,844.87,111.53,1,136.0,99.98,Adaptive,Low Efficiency
3873,2024-02-03 19:33:00,FL4148,23.03,Perishable,High,Departure,T2,33,166.99,77.07,28,11,Crane,52.45,38.86,45,86.16,1,Rain,1164.15,476.71,22.51,0,53.86,29.36,Optimized,Low Efficiency
3874,2024-01-30 01:23:00,FL3395,100.14,Express,Medium,Arrival,T2,10,86.96,98.28,21,14,Loader,93.23,39.93,91,19.34,0,Clear,1777.55,755.29,28.97,0,136.89,108.92,Adaptive,Low Efficiency
3875,2024-08-23 23:33:00,FL7984,9.82,General,Critical,Arrival,T3,34,156.77,118.47,13,3,Loader,54.9,49.38,83,88.99,0,Clear,4681.89,919.89,30.39,0,15.18,30.59,Optimized,Low Efficiency
3876,2024-03-16 03:59:00,FL1289,53.21,Perishable,Medium,Arrival,T2,19,110.22,75.7,34,5,Crane,45.64,47.99,33,19.4,1,Fog,3242.47,432.55,41.4,1,94.01,63.82,Baseline,Low Efficiency
3877,2024-07-18 03:40:00,FL4270,24.34,Perishable,High,Departure,T1,14,133.37,109.51,41,3,Loader,58.09,68.0,64,28.73,0,Rain,4614.72,1295.7,109.07,1,97.17,38.85,Adaptive,Low Efficiency
3878,2024-07-10 17:46:00,FL2489,106.12,Perishable,Medium,Arrival,T2,3,161.9,46.31,7,8,Conveyor,68.99,96.09,26,7.84,1,Storm,602.68,676.04,51.43,0,46.78,48.73,Baseline,Low Efficiency
3879,2024-05-06 14:14:00,FL1834,69.06,Perishable,Low,Arrival,T3,41,179.51,85.55,12,5,Forklift,52.43,90.32,34,67.69,0,Storm,4959.11,1101.3,60.76,0,115.59,109.38,Baseline,Low Efficiency
3880,2024-10-01 06:36:00,FL7231,31.61,General,Low,Departure,T1,23,136.98,11.42,22,11,Conveyor,60.02,65.64,63,1.59,0,Rain,3325.98,1421.71,56.51,0,36.89,88.63,Adaptive,Low Efficiency
3881,2024-10-02 15:05:00,FL7673,62.78,Perishable,Medium,Departure,T3,40,70.32,95.73,34,13,Conveyor,70.82,31.21,28,70.91,0,Fog,1335.79,681.7,98.76,0,67.84,24.11,Baseline,Low Efficiency
3882,2024-09-23 00:01:00,FL9601,89.12,General,High,Arrival,T2,11,67.84,100.43,7,10,Loader,59.38,34.79,80,51.94,1,Storm,2780.49,745.89,51.39,0,135.9,126.83,Adaptive,Low Efficiency
3883,2024-02-26 16:18:00,FL6020,115.18,General,High,Arrival,T4,47,69.46,51.14,38,6,Forklift,45.36,90.22,86,67.39,1,Rain,4190.43,357.06,101.57,1,65.19,94.49,Baseline,Low Efficiency
3884,2024-07-02 04:47:00,FL4791,30.35,Perishable,High,Departure,T2,6,35.67,78.48,47,1,Crane,51.83,49.85,92,70.48,0,Clear,1134.89,626.55,63.01,0,125.68,49.53,Adaptive,Low Efficiency
3885,2024-10-01 00:49:00,FL4633,106.91,General,Low,Arrival,T2,34,28.58,103.71,32,14,Loader,87.65,52.27,78,11.19,1,Rain,3238.67,840.77,36.76,1,23.84,65.87,Adaptive,Low Efficiency
3886,2024-06-11 07:26:00,FL6507,112.44,Express,Medium,Departure,T3,1,112.93,106.61,41,11,Conveyor,97.26,39.78,6,1.93,1,Rain,3621.01,421.43,57.39,0,26.01,133.48,Adaptive,Low Efficiency
3887,2024-10-22 12:36:00,FL7980,110.39,Express,Low,Departure,T4,35,149.69,17.25,29,4,Forklift,48.91,45.62,11,15.19,0,Rain,2357.7,136.6,53.64,0,34.93,55.59,Baseline,Low Efficiency
3888,2024-09-13 23:20:00,FL8851,78.07,Hazardous,High,Departure,T2,25,25.78,100.16,34,9,Loader,80.86,47.3,46,34.57,1,Clear,2937.2,460.9,36.58,0,33.1,49.12,Adaptive,Low Efficiency
3889,2024-09-08 05:52:00,FL2005,77.43,Express,Critical,Arrival,T1,29,110.66,36.54,11,5,Conveyor,94.33,58.85,20,6.6,1,Rain,4268.04,1055.6,23.47,0,146.99,39.48,Baseline,Low Efficiency
3890,2024-12-20 12:31:00,FL9353,51.37,General,Medium,Departure,T1,23,79.48,88.64,33,1,Conveyor,57.95,73.62,36,41.11,1,Clear,4782.92,1301.56,102.55,0,25.63,120.31,Baseline,Low Efficiency
3891,2024-12-17 01:29:00,FL7997,91.53,General,Low,Arrival,T3,18,162.8,42.39,6,4,Crane,89.77,54.72,16,25.66,0,Storm,2993.85,283.45,66.72,0,30.93,45.74,Baseline,Low Efficiency
3892,2024-01-05 19:18:00,FL1846,66.1,Express,Low,Arrival,T3,14,43.26,11.48,30,12,Crane,94.3,61.49,70,32.75,1,Fog,3661.81,1040.44,36.71,1,33.87,76.39,Adaptive,Low Efficiency
3893,2024-04-11 04:38:00,FL5985,82.91,Perishable,High,Departure,T4,17,110.15,29.14,45,6,Forklift,57.97,42.73,72,84.63,0,Clear,1952.63,576.01,56.87,0,93.79,11.4,Adaptive,Low Efficiency
3894,2024-11-16 07:47:00,FL2803,54.27,Perishable,High,Departure,T3,2,175.35,52.0,46,7,Conveyor,43.4,33.95,45,65.18,0,Fog,2003.26,521.52,76.64,0,78.96,144.27,Baseline,Low Efficiency
3895,2024-04-30 14:10:00,FL5411,89.12,General,High,Departure,T4,31,75.21,90.24,11,7,Conveyor,95.01,54.38,48,59.23,0,Fog,4497.82,705.78,89.17,0,111.26,126.65,Adaptive,Low Efficiency
3896,2024-06-16 11:22:00,FL6956,99.81,Perishable,Low,Departure,T2,19,138.68,16.58,22,8,Crane,59.83,34.37,4,58.82,1,Storm,943.96,1318.96,78.21,0,58.02,101.39,Baseline,Low Efficiency
3897,2024-02-26 03:12:00,FL5596,21.84,Hazardous,High,Arrival,T1,32,161.19,98.49,10,5,Conveyor,40.82,50.98,48,49.98,0,Clear,1424.69,912.86,35.74,1,15.72,52.97,Baseline,Low Efficiency
3898,2024-07-23 11:30:00,FL6751,100.79,Hazardous,High,Arrival,T1,28,49.79,119.65,45,6,Crane,68.5,88.63,98,46.17,0,Storm,1714.52,996.95,22.14,1,58.45,36.26,Baseline,Low Efficiency
3899,2024-06-03 00:31:00,FL7849,67.13,Express,Medium,Departure,T1,41,178.8,95.65,44,11,Conveyor,46.95,55.69,84,79.39,1,Clear,924.6,260.3,18.11,0,118.36,71.32,Optimized,Low Efficiency
3900,2024-04-19 09:38:00,FL5046,102.14,Express,Medium,Arrival,T3,8,149.5,59.48,31,11,Crane,94.1,43.53,88,6.75,0,Fog,3504.28,268.93,21.88,1,124.03,41.31,Baseline,Low Efficiency
3901,2024-05-16 02:24:00,FL6240,54.6,Perishable,Low,Departure,T3,42,42.01,70.34,45,2,Crane,49.3,93.14,67,25.97,1,Fog,4578.23,803.27,48.03,1,109.9,141.18,Adaptive,Low Efficiency
3902,2024-04-24 14:01:00,FL1779,48.59,General,Medium,Arrival,T2,41,69.74,5.71,28,14,Forklift,58.27,74.75,28,9.37,0,Rain,621.48,1105.66,49.05,0,66.56,112.69,Baseline,Low Efficiency
3903,2024-09-20 18:18:00,FL3977,110.23,Express,Critical,Arrival,T3,40,120.0,29.07,37,12,Conveyor,87.43,99.18,30,0.99,0,Clear,1635.32,373.75,117.6,1,95.45,106.54,Optimized,Moderate Efficiency
3904,2024-03-27 03:58:00,FL1669,33.88,Hazardous,Medium,Arrival,T4,39,161.59,108.38,35,10,Conveyor,88.38,51.02,29,1.25,0,Fog,4642.75,866.92,12.49,0,30.08,105.02,Optimized,Low Efficiency
3905,2024-06-16 17:35:00,FL1008,102.08,Express,High,Departure,T1,22,51.17,7.5,38,12,Crane,94.08,44.03,21,2.16,0,Clear,2595.34,1383.01,79.55,1,45.25,117.12,Optimized,Moderate Efficiency
3906,2024-10-28 21:53:00,FL1854,60.66,Express,Medium,Arrival,T2,24,136.99,109.05,26,2,Conveyor,69.84,50.86,42,61.36,0,Storm,4485.34,817.84,66.23,0,44.56,16.11,Baseline,Low Efficiency
3907,2024-08-28 11:05:00,FL6269,64.12,Hazardous,Low,Arrival,T4,38,63.3,18.02,28,14,Crane,99.2,86.87,91,10.03,0,Storm,4748.18,773.0,26.02,0,20.56,46.16,Adaptive,Low Efficiency
3908,2024-03-23 12:44:00,FL4473,40.47,General,Medium,Arrival,T4,2,148.87,20.3,40,3,Forklift,70.97,40.61,50,18.22,0,Clear,4959.21,919.4,114.36,0,141.54,90.59,Optimized,Low Efficiency
3909,2024-12-16 15:06:00,FL5674,70.9,Express,Medium,Arrival,T3,41,129.35,25.17,32,4,Forklift,87.44,46.88,89,37.71,1,Fog,2280.72,1069.43,99.21,0,70.42,40.58,Baseline,Low Efficiency
3910,2024-12-14 15:53:00,FL8734,42.4,Express,Medium,Departure,T3,41,103.67,96.93,24,6,Crane,61.71,79.11,3,24.23,0,Storm,2043.39,522.93,34.29,0,132.36,93.99,Adaptive,Low Efficiency
3911,2024-12-14 19:30:00,FL5590,9.52,Express,Low,Arrival,T1,19,123.98,59.99,22,6,Loader,96.48,81.66,65,73.5,0,Fog,3868.87,568.44,42.11,0,41.05,144.2,Baseline,Low Efficiency
3912,2024-06-02 10:19:00,FL2650,36.28,Perishable,Medium,Departure,T2,41,160.23,21.7,46,3,Forklift,81.1,97.12,23,56.11,1,Clear,3175.52,319.16,32.01,1,117.5,56.51,Optimized,Low Efficiency
3913,2024-04-27 09:58:00,FL8059,5.73,Express,Low,Departure,T4,2,81.83,83.98,36,1,Conveyor,44.63,98.61,5,30.0,0,Rain,3466.42,1428.35,43.93,0,122.57,116.03,Adaptive,Low Efficiency
3914,2024-10-26 04:59:00,FL4028,117.51,Hazardous,Low,Arrival,T3,28,143.08,113.18,37,3,Crane,46.51,76.45,95,28.6,1,Fog,2895.63,166.52,35.07,0,10.64,70.69,Adaptive,Low Efficiency
3915,2024-01-17 08:16:00,FL5133,116.06,General,Medium,Arrival,T3,32,45.42,70.83,14,4,Crane,93.45,55.4,25,61.53,0,Storm,2813.64,745.05,38.36,0,14.77,110.35,Adaptive,Low Efficiency
3916,2024-06-26 10:26:00,FL9049,50.44,General,Medium,Departure,T2,19,132.19,16.35,13,9,Forklift,88.57,61.71,35,15.36,1,Clear,1917.36,1056.99,66.83,1,138.95,18.87,Optimized,Low Efficiency
3917,2024-02-01 10:00:00,FL6956,88.76,Hazardous,Critical,Departure,T2,16,140.11,11.3,29,10,Crane,59.81,60.75,65,25.25,0,Rain,3180.2,1095.09,47.13,0,89.63,61.05,Adaptive,Low Efficiency
3918,2024-04-03 02:57:00,FL6476,44.77,Perishable,Medium,Departure,T3,30,90.88,96.53,17,8,Forklift,71.3,57.12,79,31.81,0,Storm,1706.97,976.83,63.88,1,49.83,111.59,Adaptive,Low Efficiency
3919,2024-04-27 07:56:00,FL5986,82.18,Hazardous,High,Arrival,T3,22,146.98,77.0,49,13,Crane,91.16,53.68,39,40.92,0,Clear,2100.46,576.79,13.37,0,36.05,128.44,Adaptive,Low Efficiency
3920,2024-04-08 02:28:00,FL2827,97.62,General,Medium,Arrival,T1,14,109.14,111.11,9,4,Forklift,46.21,41.75,88,17.15,1,Clear,3337.68,208.1,91.56,0,124.5,68.34,Baseline,Low Efficiency
3921,2024-01-29 12:54:00,FL2587,113.88,Hazardous,High,Departure,T2,1,169.8,67.93,35,7,Conveyor,48.29,55.63,98,14.15,0,Fog,3364.82,1404.96,112.11,0,37.1,87.16,Adaptive,Low Efficiency
3922,2024-04-16 22:39:00,FL1223,51.02,Perishable,Low,Departure,T4,45,37.99,12.18,35,13,Loader,82.93,97.85,18,89.1,0,Rain,3097.03,366.64,119.61,0,128.12,145.24,Baseline,High Efficiency
3923,2024-02-10 17:07:00,FL3134,95.08,General,Critical,Departure,T3,2,40.93,51.42,38,13,Loader,44.93,91.75,25,82.19,1,Clear,3536.28,1372.19,32.07,0,97.12,73.69,Adaptive,Low Efficiency
3924,2024-05-01 03:01:00,FL6426,35.58,Perishable,Medium,Arrival,T3,22,154.79,80.67,30,9,Loader,61.15,73.21,1,47.13,1,Rain,2353.61,415.66,52.24,1,102.43,43.01,Adaptive,Low Efficiency
3925,2024-07-07 01:24:00,FL6907,118.89,Hazardous,High,Arrival,T3,46,154.78,49.26,11,2,Loader,55.11,43.5,62,68.9,0,Rain,3174.59,198.74,117.1,0,71.25,12.89,Baseline,Low Efficiency
3926,2024-05-11 02:23:00,FL6920,7.96,Express,Medium,Departure,T3,33,95.4,119.95,45,3,Forklift,85.62,91.51,9,60.66,0,Fog,928.79,217.03,33.33,0,15.05,139.06,Adaptive,Low Efficiency
3927,2024-10-22 05:51:00,FL9664,74.41,Hazardous,Low,Arrival,T1,15,174.23,51.62,24,1,Crane,40.15,51.83,41,6.76,0,Clear,2676.76,601.77,69.34,0,87.66,17.61,Baseline,Low Efficiency
3928,2024-01-14 13:24:00,FL7088,80.84,Perishable,High,Departure,T2,41,128.7,67.82,47,8,Loader,46.92,68.2,95,46.61,1,Clear,3137.2,312.76,97.92,0,109.93,43.41,Optimized,Low Efficiency
3929,2024-07-25 09:43:00,FL4903,84.13,Hazardous,Low,Arrival,T3,22,177.26,30.92,26,2,Crane,45.94,93.83,22,16.55,0,Fog,2399.93,775.43,13.13,0,10.43,129.92,Baseline,Low Efficiency
3930,2024-03-03 10:33:00,FL5521,18.84,Express,Medium,Departure,T2,40,105.18,22.5,9,7,Forklift,59.08,53.43,66,52.57,0,Fog,576.34,735.34,21.56,0,13.64,141.51,Optimized,Low Efficiency
3931,2024-06-06 17:14:00,FL4441,112.93,Perishable,Low,Arrival,T4,39,52.26,79.21,16,7,Forklift,53.95,93.93,45,5.56,0,Clear,3654.51,1270.74,31.62,1,136.99,103.17,Adaptive,Low Efficiency
3932,2024-11-23 02:23:00,FL7292,25.84,Hazardous,High,Arrival,T4,41,91.1,72.69,25,11,Loader,53.7,46.46,52,14.66,1,Fog,2549.7,1074.04,60.11,0,105.25,46.22,Baseline,Low Efficiency
3933,2024-12-09 06:32:00,FL2429,76.62,Perishable,Critical,Arrival,T4,41,176.88,5.5,13,3,Conveyor,62.22,95.01,20,70.35,0,Clear,1200.62,1077.74,11.67,0,120.7,47.54,Optimized,Low Efficiency
3934,2024-12-16 17:45:00,FL2742,30.61,Perishable,Medium,Arrival,T4,11,79.27,37.75,33,2,Loader,52.84,55.11,87,75.89,0,Storm,4876.33,927.01,57.44,1,13.71,80.76,Baseline,Low Efficiency
3935,2024-05-04 04:52:00,FL3137,40.33,General,High,Arrival,T2,4,173.12,79.01,31,3,Crane,46.37,56.22,12,81.67,1,Rain,4740.86,166.38,27.77,1,66.1,140.78,Baseline,Low Efficiency
3936,2024-06-08 17:39:00,FL2971,67.84,General,Medium,Arrival,T4,7,147.52,98.41,21,12,Loader,75.0,68.71,74,80.71,1,Rain,1214.09,1146.15,103.47,0,114.6,142.55,Baseline,Low Efficiency
3937,2024-10-26 02:40:00,FL1672,52.98,Perishable,Medium,Arrival,T4,21,90.74,40.92,44,8,Forklift,97.1,54.29,64,81.63,0,Fog,3682.43,601.97,63.5,1,22.81,70.28,Optimized,Low Efficiency
3938,2024-04-13 22:04:00,FL4120,23.43,Hazardous,Critical,Departure,T3,7,106.7,79.46,28,12,Forklift,76.43,61.5,32,8.52,1,Storm,2828.82,1270.66,17.83,0,36.37,54.96,Optimized,Low Efficiency
3939,2024-05-12 10:39:00,FL4160,24.66,Hazardous,Critical,Departure,T3,4,117.19,35.5,31,9,Crane,85.42,65.09,62,59.35,1,Rain,1801.84,445.27,60.91,1,81.24,64.19,Optimized,Low Efficiency
3940,2024-07-11 14:50:00,FL8303,53.09,Hazardous,High,Departure,T3,12,126.52,84.39,12,11,Crane,98.33,64.37,5,63.09,1,Clear,3579.67,1038.15,62.83,0,135.07,42.7,Adaptive,Low Efficiency
3941,2024-05-02 03:08:00,FL2616,92.09,Express,Low,Arrival,T1,27,32.27,85.26,48,8,Crane,49.19,97.28,44,24.14,0,Rain,2515.22,945.25,42.97,1,56.04,34.09,Baseline,Low Efficiency
3942,2024-09-06 12:36:00,FL2226,108.27,Perishable,Medium,Arrival,T3,17,169.37,19.98,33,11,Loader,67.59,49.73,29,89.36,1,Rain,4543.28,256.84,50.45,1,125.89,105.74,Adaptive,Low Efficiency
3943,2024-11-26 04:57:00,FL9955,14.67,Perishable,Low,Arrival,T4,20,115.52,81.49,23,2,Loader,74.91,49.92,33,25.72,0,Rain,3666.35,290.83,116.76,0,11.29,46.38,Optimized,Low Efficiency
3944,2024-02-20 03:07:00,FL6618,50.21,Express,Medium,Departure,T2,31,168.98,43.36,14,12,Conveyor,59.33,88.65,87,51.74,0,Clear,2784.14,1499.84,37.19,0,35.48,126.22,Adaptive,Low Efficiency
3945,2024-06-16 08:17:00,FL5939,16.53,Perishable,Medium,Departure,T4,26,121.1,24.85,28,13,Crane,76.79,57.44,13,78.51,1,Fog,2533.48,569.7,84.42,0,50.64,44.62,Optimized,Low Efficiency
3946,2024-10-02 09:43:00,FL8769,6.91,Perishable,High,Departure,T2,31,88.96,62.54,38,9,Conveyor,77.43,35.12,50,26.03,1,Clear,642.09,670.47,82.72,0,109.28,87.02,Adaptive,Low Efficiency
3947,2024-10-07 16:26:00,FL4309,81.1,Express,Critical,Departure,T4,35,110.71,57.01,44,6,Conveyor,90.53,63.69,2,54.59,1,Fog,1223.85,1297.67,56.46,1,91.1,109.42,Baseline,Low Efficiency
3948,2024-04-06 06:35:00,FL9741,74.28,General,Medium,Departure,T1,9,152.72,94.0,35,12,Forklift,89.95,68.52,75,64.8,1,Rain,702.84,983.45,112.54,1,47.01,101.37,Baseline,Low Efficiency
3949,2024-03-20 01:24:00,FL3517,23.75,Perishable,Low,Departure,T3,5,72.18,14.72,8,2,Conveyor,48.55,73.24,28,56.4,0,Rain,785.43,1050.81,94.65,1,91.41,25.87,Baseline,Low Efficiency
3950,2024-01-13 01:27:00,FL1717,31.89,Express,Critical,Arrival,T4,48,173.03,95.82,45,9,Forklift,50.13,46.46,89,36.54,0,Storm,801.92,991.05,12.32,0,134.57,48.48,Baseline,Low Efficiency
3951,2024-05-27 08:17:00,FL3094,7.73,Hazardous,Low,Departure,T3,8,94.55,17.2,49,5,Crane,53.34,98.13,18,85.03,0,Rain,563.37,552.76,63.42,0,75.72,12.31,Optimized,Low Efficiency
3952,2024-11-01 16:26:00,FL4140,101.02,General,High,Arrival,T1,21,173.0,28.86,35,6,Forklift,55.67,81.59,73,55.11,1,Clear,4061.06,1260.87,22.54,1,107.45,92.65,Baseline,Low Efficiency
3953,2024-04-18 21:46:00,FL7851,117.09,Hazardous,Low,Departure,T1,16,160.92,64.33,13,1,Crane,73.87,80.41,66,20.19,1,Rain,2653.57,147.24,41.56,0,58.37,96.27,Adaptive,Low Efficiency
3954,2024-03-11 02:56:00,FL5137,20.58,Perishable,Medium,Departure,T3,16,142.83,58.27,30,12,Loader,59.65,91.1,46,72.55,1,Storm,3871.16,614.44,36.26,0,109.77,76.6,Baseline,Low Efficiency
3955,2024-05-09 04:40:00,FL6690,31.62,General,Critical,Arrival,T3,18,94.79,118.72,17,13,Conveyor,97.18,31.83,17,59.03,0,Clear,1254.76,1436.34,93.11,0,131.38,98.77,Adaptive,Low Efficiency
3956,2024-12-12 12:25:00,FL6996,104.87,Express,Low,Arrival,T2,47,113.91,72.79,30,14,Crane,47.1,72.92,33,9.86,0,Storm,4285.46,629.97,37.4,0,89.34,129.18,Adaptive,Low Efficiency
3957,2024-01-29 10:12:00,FL8347,111.54,Perishable,Medium,Arrival,T3,28,154.08,42.66,5,2,Loader,54.79,87.25,99,25.03,0,Storm,923.48,123.5,119.21,0,64.06,45.63,Optimized,Low Efficiency
3958,2024-03-26 13:44:00,FL2923,53.26,Express,Medium,Departure,T3,18,107.05,108.52,44,1,Loader,92.1,32.41,33,14.23,0,Clear,1949.28,368.82,24.11,0,115.6,85.36,Optimized,Low Efficiency
3959,2024-03-08 20:36:00,FL8145,10.82,General,Critical,Departure,T2,14,138.11,40.9,13,4,Crane,75.06,82.93,96,6.54,1,Fog,2168.16,1421.8,55.28,0,143.86,28.93,Adaptive,Low Efficiency
3960,2024-12-17 03:46:00,FL2109,9.53,Hazardous,Critical,Arrival,T4,48,146.51,36.48,35,2,Forklift,72.85,99.28,84,20.72,0,Fog,1560.79,1288.95,63.83,1,19.54,42.86,Optimized,Low Efficiency
3961,2024-04-04 21:39:00,FL8910,71.0,Perishable,Low,Departure,T2,37,102.1,61.85,28,13,Crane,75.66,71.54,30,25.03,0,Fog,1117.87,373.56,57.61,0,82.3,52.68,Optimized,Low Efficiency
3962,2024-01-01 20:58:00,FL7864,50.18,Perishable,Low,Arrival,T4,40,105.8,110.02,49,1,Conveyor,55.14,59.73,22,41.99,0,Fog,3326.38,1468.5,20.27,0,35.48,109.66,Optimized,Low Efficiency
3963,2024-11-10 04:57:00,FL9581,8.3,Express,High,Departure,T4,16,51.65,86.48,26,3,Loader,85.69,61.75,53,87.23,0,Storm,538.2,322.43,34.83,0,48.36,30.58,Optimized,Low Efficiency
3964,2024-11-02 07:59:00,FL9255,72.07,General,Medium,Departure,T4,21,59.16,82.91,13,4,Forklift,69.79,77.56,89,84.89,1,Storm,4062.37,1489.24,67.28,0,99.06,107.48,Baseline,Low Efficiency
3965,2024-09-26 16:48:00,FL1358,6.3,Express,High,Departure,T2,1,164.79,88.5,43,4,Crane,42.56,69.9,46,67.83,0,Clear,690.44,1282.37,97.98,0,144.37,23.11,Baseline,Low Efficiency
3966,2024-02-01 15:08:00,FL3735,95.55,General,Low,Arrival,T2,11,154.45,80.86,27,3,Crane,50.63,85.13,44,58.19,0,Clear,4838.21,1377.71,85.72,0,129.43,105.16,Adaptive,Low Efficiency
3967,2024-11-08 08:33:00,FL5491,40.24,Perishable,Low,Departure,T1,11,21.62,92.38,24,2,Loader,89.0,59.51,75,85.25,0,Fog,4407.26,295.59,69.89,0,46.06,119.61,Adaptive,Moderate Efficiency
3968,2024-06-16 02:33:00,FL3112,9.63,General,High,Arrival,T4,2,159.1,27.17,46,12,Crane,60.7,59.21,34,12.82,1,Fog,2365.52,522.44,117.53,1,13.38,136.28,Adaptive,Low Efficiency
3969,2024-12-17 01:43:00,FL5745,72.66,Perishable,Low,Arrival,T2,32,24.04,25.38,25,8,Conveyor,86.41,82.22,28,29.73,0,Fog,1142.18,1082.84,93.71,0,93.91,126.2,Optimized,Moderate Efficiency
3970,2024-10-04 14:35:00,FL1744,50.73,General,Critical,Arrival,T1,19,93.32,46.65,31,10,Forklift,79.8,75.19,35,49.8,0,Fog,4417.86,807.36,105.32,0,84.74,99.53,Baseline,Low Efficiency
3971,2024-09-12 05:44:00,FL1996,116.99,Hazardous,Low,Arrival,T4,5,30.79,102.86,9,13,Conveyor,58.09,84.47,68,73.25,1,Fog,3398.67,508.24,11.4,0,74.44,120.27,Adaptive,Low Efficiency
3972,2024-03-12 03:43:00,FL4116,67.58,General,Low,Arrival,T2,3,175.01,87.16,21,11,Loader,47.62,92.1,9,56.14,0,Storm,2771.5,1073.58,33.78,1,76.53,110.64,Baseline,Low Efficiency
3973,2024-11-05 19:57:00,FL7512,36.65,Hazardous,Critical,Arrival,T2,28,175.57,70.14,38,2,Forklift,88.42,48.44,22,72.8,1,Storm,1937.33,1191.53,89.18,1,92.84,76.26,Adaptive,Low Efficiency
3974,2024-04-07 11:46:00,FL9110,86.59,General,Medium,Arrival,T2,26,117.74,7.24,13,5,Loader,78.59,52.05,61,13.78,1,Storm,3025.77,499.59,40.61,0,65.59,120.16,Optimized,Low Efficiency
3975,2024-07-04 08:01:00,FL9723,36.22,General,High,Arrival,T3,23,82.75,32.12,38,7,Loader,58.05,66.89,89,17.35,0,Storm,2368.15,220.16,48.94,0,33.97,10.75,Baseline,Low Efficiency
3976,2024-12-13 10:38:00,FL9412,108.99,Express,Low,Arrival,T1,30,101.92,97.4,14,9,Conveyor,71.4,95.13,85,66.65,0,Fog,2594.15,904.11,74.98,0,46.28,122.6,Adaptive,Low Efficiency
3977,2024-06-18 07:27:00,FL2228,48.09,Express,High,Departure,T2,8,141.97,32.89,48,12,Forklift,76.71,88.43,25,31.35,1,Storm,4304.53,655.13,69.69,1,18.94,139.37,Baseline,Low Efficiency
3978,2024-03-02 00:49:00,FL3711,68.23,Perishable,High,Arrival,T3,36,55.71,88.98,6,3,Loader,40.13,62.79,81,39.25,1,Fog,4786.12,1328.9,34.28,1,17.85,137.91,Baseline,Low Efficiency
3979,2024-07-25 06:26:00,FL8172,10.82,Express,Medium,Departure,T1,29,90.68,26.23,29,1,Conveyor,80.23,70.12,79,71.25,1,Storm,4832.08,163.01,106.66,0,131.44,149.8,Optimized,Moderate Efficiency
3980,2024-10-24 13:37:00,FL9344,54.0,General,High,Arrival,T1,13,137.96,74.73,7,9,Conveyor,79.36,79.86,41,6.3,0,Storm,4585.7,993.07,79.06,0,27.55,49.03,Baseline,Low Efficiency
3981,2024-07-06 17:28:00,FL7293,100.72,Express,High,Departure,T3,25,83.26,77.24,38,1,Forklift,44.95,66.59,7,15.12,0,Rain,4110.18,166.47,85.39,0,19.65,29.15,Optimized,Low Efficiency
3982,2024-05-17 15:22:00,FL7393,97.65,General,Medium,Departure,T1,22,25.12,91.48,11,8,Crane,87.27,36.89,59,26.62,0,Fog,2541.46,258.56,101.14,0,125.69,78.96,Baseline,Moderate Efficiency
3983,2024-01-04 23:35:00,FL7567,30.8,Hazardous,Medium,Departure,T3,46,101.18,55.41,32,2,Crane,89.51,54.69,96,79.51,0,Fog,897.1,616.22,21.27,0,143.5,57.95,Optimized,Low Efficiency
3984,2024-01-06 04:19:00,FL5448,31.0,General,Medium,Departure,T4,33,137.99,77.76,13,7,Loader,57.41,33.33,72,36.44,0,Storm,3337.75,420.07,62.14,0,38.8,74.02,Baseline,Low Efficiency
3985,2024-03-26 19:12:00,FL4390,98.99,Perishable,Low,Departure,T2,37,176.29,61.0,15,12,Crane,49.73,76.89,67,22.69,0,Clear,2309.11,326.5,19.49,1,116.02,60.8,Adaptive,Low Efficiency
3986,2024-01-06 05:43:00,FL4015,112.0,Hazardous,Medium,Departure,T3,7,25.93,113.94,33,3,Forklift,81.19,53.6,33,61.06,1,Fog,3591.75,1210.37,18.07,0,32.76,129.71,Optimized,Low Efficiency
3987,2024-09-30 02:07:00,FL1058,15.97,Perishable,Medium,Arrival,T1,23,106.39,65.02,20,6,Crane,47.4,81.69,81,2.73,0,Storm,1493.53,425.15,89.34,0,105.3,85.97,Baseline,Low Efficiency
3988,2024-05-29 13:57:00,FL3621,56.76,Perishable,Medium,Arrival,T1,6,91.99,29.1,43,6,Forklift,91.48,60.08,65,69.76,0,Fog,3941.28,610.54,96.87,1,105.16,121.01,Optimized,Moderate Efficiency
3989,2024-08-18 00:46:00,FL4568,43.81,Perishable,High,Arrival,T4,15,58.79,81.81,33,4,Loader,68.81,33.19,60,62.81,0,Fog,1267.96,1371.04,15.77,0,70.1,51.73,Optimized,Low Efficiency
3990,2024-10-24 17:05:00,FL1145,105.13,Express,Medium,Arrival,T4,15,122.04,68.07,17,8,Crane,94.59,56.57,81,4.96,0,Clear,4138.59,1199.73,102.67,0,133.48,65.26,Optimized,Low Efficiency
3991,2024-09-20 19:07:00,FL9401,14.61,Perishable,Critical,Arrival,T4,40,46.18,97.44,39,12,Forklift,78.53,45.31,58,44.82,1,Clear,4602.69,833.65,40.94,0,26.95,50.09,Adaptive,Low Efficiency
3992,2024-03-18 14:40:00,FL8461,29.28,Hazardous,Low,Arrival,T4,34,65.42,25.34,15,12,Forklift,57.11,45.0,44,36.37,1,Rain,4551.39,231.45,82.04,1,76.72,146.0,Baseline,Low Efficiency
3993,2024-04-22 16:57:00,FL9254,91.53,General,Medium,Departure,T4,14,145.08,35.01,39,5,Forklift,68.08,56.43,48,14.23,1,Clear,2059.7,1423.64,85.42,0,94.24,72.36,Adaptive,Low Efficiency
3994,2024-11-06 06:08:00,FL9602,10.9,Perishable,High,Arrival,T2,29,93.67,110.99,12,7,Conveyor,71.76,98.48,37,13.86,1,Storm,2254.15,1092.75,86.61,1,116.27,67.36,Optimized,Low Efficiency
3995,2024-07-03 16:33:00,FL5240,61.64,Hazardous,Medium,Departure,T3,16,178.99,111.95,11,13,Loader,88.91,97.2,25,14.42,0,Clear,4271.47,149.15,73.75,0,29.98,127.58,Baseline,Low Efficiency
3996,2024-07-09 06:35:00,FL5971,55.84,Perishable,Medium,Departure,T4,29,81.83,55.86,9,5,Forklift,91.71,86.24,25,53.97,0,Rain,3614.71,1428.34,22.46,0,84.89,115.99,Optimized,Low Efficiency
3997,2024-11-04 10:16:00,FL4609,43.46,General,Low,Departure,T4,23,94.12,10.49,10,13,Conveyor,80.98,47.18,57,15.4,0,Storm,2870.06,200.42,22.29,0,73.69,138.85,Baseline,Low Efficiency
3998,2024-09-23 06:05:00,FL5855,50.38,Hazardous,Medium,Departure,T2,10,68.04,40.25,39,12,Conveyor,57.65,83.48,13,5.36,0,Clear,4822.6,944.19,25.51,1,68.3,115.61,Optimized,Low Efficiency
3999,2024-07-19 15:46:00,FL5399,65.94,Hazardous,Low,Departure,T3,47,57.81,33.42,34,4,Forklift,71.71,31.08,77,86.18,1,Rain,2823.19,651.45,111.3,1,60.31,58.59,Adaptive,Moderate Efficiency
4000,2024-10-16 10:00:00,FL2951,23.56,General,Critical,Departure,T4,4,167.57,52.69,15,6,Loader,47.84,33.94,12,3.53,0,Rain,1597.18,1473.24,33.15,0,149.57,52.25,Optimized,Low Efficiency
4001,2024-05-28 07:48:00,FL3803,70.78,Hazardous,Medium,Arrival,T3,12,139.81,41.55,42,3,Crane,53.81,88.5,96,59.75,0,Clear,3559.58,1392.29,26.84,0,33.81,105.84,Optimized,Low Efficiency
4002,2024-10-27 21:41:00,FL4668,97.62,General,Critical,Departure,T3,42,73.34,100.33,31,6,Conveyor,58.18,69.5,99,84.24,0,Clear,2805.06,938.35,118.73,1,115.42,28.15,Baseline,Low Efficiency
4003,2024-12-17 07:44:00,FL1747,92.42,Hazardous,High,Departure,T2,34,132.02,5.35,25,6,Forklift,44.37,56.13,92,3.41,1,Rain,1417.7,1081.7,10.48,0,62.77,22.43,Adaptive,Low Efficiency
4004,2024-05-10 03:21:00,FL9741,22.7,Hazardous,Medium,Arrival,T2,4,174.53,79.13,18,11,Loader,93.1,81.83,63,86.92,0,Storm,1185.94,1250.29,95.43,1,100.87,121.22,Optimized,Low Efficiency
4005,2024-09-26 13:56:00,FL4902,22.16,General,Medium,Arrival,T4,20,31.85,81.39,39,11,Loader,47.36,38.01,62,45.21,0,Storm,2097.8,1248.44,102.97,0,148.36,99.03,Adaptive,Low Efficiency
4006,2024-12-18 06:19:00,FL5781,35.84,General,High,Arrival,T1,28,62.32,80.97,33,6,Forklift,81.81,50.07,84,70.66,0,Storm,4867.88,938.78,82.83,1,76.88,40.64,Adaptive,Low Efficiency
4007,2024-07-03 19:05:00,FL1640,46.52,Hazardous,Critical,Arrival,T2,28,52.09,64.87,28,14,Conveyor,70.34,80.93,28,56.26,1,Rain,1155.94,452.33,117.23,0,125.42,103.73,Baseline,Moderate Efficiency
4008,2024-08-11 07:09:00,FL3427,51.97,Hazardous,Low,Arrival,T3,6,159.17,75.28,40,14,Crane,89.91,44.5,55,55.52,0,Rain,2621.41,537.79,46.67,1,20.63,53.33,Baseline,Low Efficiency
4009,2024-09-07 18:03:00,FL5550,83.17,General,Medium,Arrival,T3,14,48.67,98.21,45,11,Loader,84.46,72.04,95,70.99,0,Storm,1971.17,1031.91,19.68,1,87.64,49.78,Baseline,Low Efficiency
4010,2024-10-16 21:49:00,FL3178,11.52,Express,Medium,Arrival,T4,35,69.29,95.18,49,3,Crane,85.58,61.34,88,5.89,0,Rain,4743.59,1062.99,36.48,0,63.5,48.28,Adaptive,Low Efficiency
4011,2024-04-10 12:55:00,FL5430,8.99,General,Low,Departure,T4,47,107.02,8.98,36,13,Loader,65.1,44.17,75,35.32,0,Clear,2198.72,620.05,20.91,0,107.88,80.95,Optimized,Low Efficiency
4012,2024-03-27 17:10:00,FL1844,50.07,Hazardous,Medium,Arrival,T4,1,119.38,8.5,10,8,Loader,90.04,92.19,42,87.26,1,Fog,1518.15,1342.87,63.57,0,15.16,141.79,Baseline,Low Efficiency
4013,2024-06-16 07:32:00,FL5079,85.17,Hazardous,Critical,Departure,T3,19,149.31,101.48,14,4,Loader,45.68,60.49,61,4.91,0,Rain,2651.99,660.09,116.13,1,72.68,142.78,Adaptive,Low Efficiency
4014,2024-11-21 04:48:00,FL4440,27.25,Hazardous,Medium,Arrival,T2,1,85.17,71.09,24,11,Conveyor,66.67,71.92,80,23.65,1,Clear,1191.59,1077.9,66.93,1,79.24,86.49,Adaptive,Low Efficiency
4015,2024-04-27 19:34:00,FL9758,78.77,General,High,Arrival,T1,13,105.48,115.1,24,2,Conveyor,99.68,47.71,38,60.49,1,Storm,2207.48,393.16,45.79,0,128.26,131.59,Optimized,Low Efficiency
4016,2024-03-14 00:29:00,FL2903,34.88,Hazardous,High,Departure,T2,8,174.47,54.63,30,7,Forklift,96.89,54.28,81,9.04,0,Storm,3796.08,594.32,109.69,0,63.85,80.73,Adaptive,Low Efficiency
4017,2024-06-05 03:55:00,FL1022,106.9,Express,Medium,Arrival,T1,18,67.58,25.33,25,11,Crane,44.93,33.43,5,48.3,0,Rain,3197.04,864.5,77.47,1,54.89,78.89,Baseline,Low Efficiency
4018,2024-10-18 16:18:00,FL6692,108.0,Perishable,Low,Arrival,T2,35,59.7,59.42,49,8,Crane,74.38,63.83,84,64.2,1,Fog,549.25,152.69,112.3,0,64.47,15.34,Baseline,Moderate Efficiency
4019,2024-09-03 10:37:00,FL7047,39.19,Express,High,Arrival,T4,23,133.7,55.2,27,11,Forklift,58.94,54.14,48,68.17,1,Clear,2740.63,158.67,116.17,1,71.29,114.31,Baseline,Low Efficiency
4020,2024-02-07 21:41:00,FL6317,31.45,General,Critical,Arrival,T3,26,143.38,64.48,16,4,Conveyor,83.71,53.06,35,50.51,0,Clear,4159.15,477.76,113.03,0,45.63,99.21,Baseline,Low Efficiency
4021,2024-04-27 01:06:00,FL2363,52.3,Hazardous,High,Arrival,T1,41,86.36,97.91,17,6,Crane,84.15,92.3,48,45.06,0,Storm,3032.6,1258.88,86.14,0,16.34,61.4,Baseline,Low Efficiency
4022,2024-10-10 08:04:00,FL9999,32.66,General,Low,Arrival,T2,38,54.08,80.39,14,8,Forklift,40.01,79.27,14,64.25,1,Fog,2616.8,403.1,65.2,0,148.64,30.58,Adaptive,Low Efficiency
4023,2024-01-04 20:27:00,FL5326,82.32,Perishable,Low,Arrival,T3,20,144.63,26.31,11,5,Loader,90.75,62.01,54,13.06,0,Storm,2367.84,1340.23,41.92,0,117.17,148.65,Baseline,Low Efficiency
4024,2024-03-07 07:53:00,FL3189,100.0,General,Low,Departure,T1,2,127.28,89.46,41,9,Crane,53.41,43.67,26,61.25,1,Fog,2914.94,1102.49,113.55,0,147.96,124.34,Baseline,Low Efficiency
4025,2024-04-15 19:47:00,FL7690,82.41,Hazardous,Medium,Arrival,T1,26,160.2,73.07,16,6,Conveyor,97.95,98.13,43,82.73,1,Clear,832.88,1064.49,69.95,1,102.78,97.82,Baseline,Low Efficiency
4026,2024-12-09 11:00:00,FL5831,99.8,Perishable,High,Departure,T3,36,155.09,71.51,29,6,Crane,94.33,35.23,42,61.45,0,Storm,4098.5,1043.77,119.49,1,133.61,12.33,Baseline,Low Efficiency
4027,2024-11-13 00:46:00,FL6318,50.65,Perishable,Low,Departure,T4,25,52.83,83.0,6,12,Loader,51.44,39.53,88,4.19,1,Storm,4354.46,1466.83,111.01,1,73.04,131.77,Optimized,Low Efficiency
4028,2024-03-05 04:22:00,FL1938,22.98,Hazardous,High,Departure,T3,30,153.17,69.86,44,13,Conveyor,78.18,48.92,95,45.54,1,Storm,3165.45,987.16,51.66,0,58.88,95.37,Adaptive,Low Efficiency
4029,2024-02-16 15:53:00,FL1170,89.86,Hazardous,Medium,Departure,T4,18,48.03,57.61,30,2,Conveyor,57.78,96.82,18,65.36,0,Fog,4905.48,1008.99,106.29,0,149.13,32.12,Adaptive,Moderate Efficiency
4030,2024-07-10 13:51:00,FL6824,46.45,Hazardous,High,Departure,T2,7,158.19,78.64,44,7,Forklift,46.18,49.52,55,3.89,0,Clear,2998.51,734.76,68.82,0,33.73,123.98,Baseline,Low Efficiency
4031,2024-06-10 11:42:00,FL4592,82.2,General,Critical,Departure,T2,27,143.25,88.23,9,9,Conveyor,92.44,64.4,50,68.6,1,Fog,622.24,1321.23,91.69,0,40.34,94.5,Optimized,Low Efficiency
4032,2024-09-27 00:48:00,FL5582,36.12,Express,Low,Departure,T3,11,111.18,30.96,12,5,Forklift,50.85,83.28,86,25.34,1,Storm,2587.34,180.37,62.9,0,103.54,84.31,Optimized,Low Efficiency
4033,2024-02-28 06:47:00,FL3895,14.34,General,Critical,Arrival,T4,37,122.76,62.16,46,14,Conveyor,65.26,95.04,21,52.99,0,Rain,2299.48,582.03,118.83,0,45.74,29.59,Optimized,Low Efficiency
4034,2024-01-28 11:49:00,FL5194,119.15,General,Low,Arrival,T2,8,36.65,57.69,49,5,Loader,95.45,72.36,34,86.97,1,Rain,1373.42,501.33,53.88,1,70.32,45.66,Baseline,Moderate Efficiency
4035,2024-10-06 20:35:00,FL1256,22.96,Express,Medium,Arrival,T4,11,26.38,9.59,13,12,Loader,44.52,56.9,89,89.54,0,Clear,2905.01,657.14,20.54,0,140.51,106.67,Optimized,Low Efficiency
4036,2024-10-18 17:46:00,FL9804,118.67,Hazardous,Critical,Departure,T4,24,72.9,100.96,43,13,Loader,73.04,98.99,40,57.1,0,Clear,2546.54,771.87,104.41,0,47.21,59.02,Optimized,Low Efficiency
4037,2024-07-27 14:24:00,FL2743,117.39,Hazardous,Critical,Arrival,T4,30,151.42,48.4,24,11,Loader,74.33,31.83,30,44.23,1,Clear,1270.21,1438.52,93.18,0,81.49,58.52,Baseline,Low Efficiency
4038,2024-02-11 20:14:00,FL7258,96.29,Express,Medium,Departure,T3,30,94.53,13.36,15,5,Loader,85.78,88.25,70,15.99,1,Rain,2777.45,1394.28,23.88,1,113.13,35.24,Baseline,Low Efficiency
4039,2024-05-07 15:05:00,FL5216,80.83,Express,Medium,Departure,T4,15,55.74,57.66,44,1,Crane,89.63,49.42,25,18.75,1,Rain,4254.93,955.77,65.53,0,20.06,38.81,Optimized,Low Efficiency
4040,2024-12-25 23:42:00,FL4377,71.45,General,High,Arrival,T3,35,153.53,23.57,26,5,Loader,65.45,87.22,69,38.63,1,Storm,2791.65,127.82,84.65,0,20.09,104.4,Adaptive,Low Efficiency
4041,2024-11-15 15:35:00,FL8244,104.6,Perishable,High,Departure,T2,39,56.58,86.01,20,10,Conveyor,84.62,41.35,29,63.21,0,Clear,1478.4,877.89,55.08,1,114.43,139.06,Baseline,Low Efficiency
4042,2024-01-08 19:10:00,FL4614,38.29,Express,Low,Departure,T2,24,150.48,70.75,46,8,Forklift,94.63,54.28,86,69.24,0,Fog,3586.5,195.88,109.96,1,138.81,17.6,Adaptive,Low Efficiency
4043,2024-05-26 21:05:00,FL6312,58.78,General,High,Arrival,T1,8,92.48,36.06,42,3,Crane,93.18,33.92,67,19.97,0,Clear,4414.1,603.62,113.75,1,92.86,78.93,Adaptive,Moderate Efficiency
4044,2024-07-27 06:19:00,FL5403,76.23,Perishable,Medium,Departure,T1,43,94.16,114.3,46,9,Conveyor,70.11,43.97,57,48.19,0,Clear,2053.09,526.27,105.53,0,15.34,143.86,Adaptive,Low Efficiency
4045,2024-05-21 19:26:00,FL4341,52.29,Hazardous,Medium,Arrival,T2,42,63.64,38.55,14,9,Loader,76.42,72.2,47,53.24,1,Storm,819.8,1007.31,68.39,0,73.26,84.93,Baseline,Low Efficiency
4046,2024-01-25 11:21:00,FL7479,54.16,Hazardous,Medium,Departure,T4,20,164.03,68.82,29,6,Loader,80.37,83.31,94,80.38,0,Storm,4616.79,125.03,59.89,0,110.86,69.27,Adaptive,Low Efficiency
4047,2024-06-17 16:44:00,FL3550,42.98,General,Medium,Departure,T4,41,34.21,97.18,23,4,Conveyor,89.15,93.79,88,78.88,1,Clear,3569.99,1204.19,74.35,0,98.45,50.65,Baseline,Moderate Efficiency
4048,2024-05-03 09:55:00,FL8308,69.89,General,Critical,Arrival,T2,47,43.11,64.1,8,4,Crane,70.46,38.38,17,73.56,0,Storm,4961.48,1256.99,66.88,1,37.75,115.63,Baseline,Low Efficiency
4049,2024-01-27 06:12:00,FL4796,102.82,Express,Medium,Arrival,T2,26,121.74,115.5,23,11,Forklift,46.71,39.84,49,46.5,0,Fog,3625.45,145.29,20.86,1,17.44,135.33,Adaptive,Low Efficiency
4050,2024-09-18 22:54:00,FL8109,28.18,Hazardous,Critical,Arrival,T1,24,156.02,102.04,7,1,Forklift,63.12,95.71,50,5.86,0,Rain,1058.95,214.54,96.69,0,134.5,148.58,Optimized,Low Efficiency
4051,2024-06-23 05:18:00,FL7039,112.46,General,Low,Departure,T4,22,35.27,110.92,21,14,Forklift,83.21,83.62,84,30.1,1,Fog,2449.15,1388.95,113.52,1,41.62,53.24,Optimized,Moderate Efficiency
4052,2024-01-01 05:01:00,FL3430,84.25,Hazardous,High,Departure,T2,5,137.4,47.86,18,10,Forklift,77.43,67.78,90,55.95,1,Rain,692.88,962.38,63.97,1,149.41,27.81,Baseline,Low Efficiency
4053,2024-04-24 15:32:00,FL8848,99.68,Hazardous,High,Arrival,T1,15,138.8,68.06,14,5,Loader,85.21,63.37,5,57.38,0,Storm,2036.72,1444.49,16.77,0,26.16,111.31,Adaptive,Low Efficiency
4054,2024-03-04 05:41:00,FL2535,68.96,Express,High,Arrival,T1,36,113.04,101.62,10,5,Crane,70.0,41.04,13,76.42,0,Rain,4033.82,740.64,45.51,1,26.01,126.32,Adaptive,Low Efficiency
4055,2024-07-19 22:20:00,FL9125,94.64,Perishable,High,Arrival,T4,37,97.88,108.9,35,5,Loader,50.46,56.55,63,34.15,1,Fog,3000.33,366.89,23.49,0,103.54,132.2,Optimized,Low Efficiency
4056,2024-10-17 20:36:00,FL3973,6.86,Express,Medium,Departure,T1,29,71.37,113.6,35,12,Crane,46.91,56.08,39,84.3,1,Rain,2565.23,618.25,117.84,0,47.82,94.59,Adaptive,Low Efficiency
4057,2024-09-14 03:21:00,FL8526,99.11,General,Critical,Departure,T1,15,76.23,106.1,13,1,Forklift,68.88,75.38,68,14.69,1,Fog,4315.29,1400.59,25.06,1,146.42,144.45,Baseline,Low Efficiency
4058,2024-10-14 17:37:00,FL4031,9.62,Express,High,Arrival,T3,27,127.91,89.04,16,1,Conveyor,52.34,71.92,45,4.49,0,Rain,1296.97,261.43,18.87,0,43.18,25.69,Baseline,Low Efficiency
4059,2024-10-22 05:46:00,FL3885,107.34,Express,Low,Arrival,T2,49,30.45,7.78,48,10,Conveyor,98.94,34.18,17,15.9,0,Storm,2923.81,1349.09,67.41,0,97.31,53.12,Adaptive,Moderate Efficiency
4060,2024-05-25 20:40:00,FL4094,119.08,Hazardous,High,Arrival,T4,8,113.59,41.22,30,12,Loader,51.93,89.39,59,41.61,0,Clear,3413.22,841.64,17.15,1,66.9,51.96,Optimized,Low Efficiency
4061,2024-01-12 04:32:00,FL9036,38.82,Express,Medium,Departure,T2,29,64.6,19.83,6,2,Conveyor,74.01,95.63,99,74.06,0,Rain,4665.95,198.07,79.74,0,22.64,65.83,Adaptive,Low Efficiency
4062,2024-02-19 23:10:00,FL3955,29.19,General,Low,Arrival,T3,19,94.66,22.8,46,1,Loader,40.11,84.61,95,13.85,0,Fog,1236.47,659.66,105.6,0,109.12,115.12,Baseline,Low Efficiency
4063,2024-03-06 15:45:00,FL5621,93.02,Perishable,Critical,Arrival,T4,31,109.44,38.45,8,13,Loader,55.22,42.49,80,49.34,1,Storm,3680.09,440.55,37.54,0,120.66,12.83,Baseline,Low Efficiency
4064,2024-07-26 03:53:00,FL1344,34.1,Express,Medium,Arrival,T2,9,161.71,13.6,36,8,Crane,55.55,42.05,98,69.89,0,Rain,706.2,905.39,111.99,0,125.72,12.43,Baseline,Low Efficiency
4065,2024-09-10 11:24:00,FL6081,104.54,Express,High,Departure,T1,10,112.65,32.95,32,12,Forklift,84.28,80.83,59,3.14,1,Storm,3052.68,313.43,81.07,0,78.6,29.22,Optimized,Low Efficiency
4066,2024-09-10 00:34:00,FL3669,16.83,Perishable,Low,Departure,T4,37,56.35,115.05,10,12,Forklift,69.74,60.86,96,3.74,0,Clear,3402.45,1417.78,27.88,0,146.63,36.01,Baseline,Low Efficiency
4067,2024-07-20 08:19:00,FL3911,19.48,General,Low,Arrival,T3,10,32.71,40.87,34,4,Forklift,40.73,84.52,97,44.15,0,Fog,4279.65,395.79,80.89,0,121.97,148.48,Baseline,Low Efficiency
4068,2024-06-13 18:48:00,FL7458,117.6,General,Medium,Departure,T1,33,120.32,23.37,32,6,Forklift,62.75,35.28,8,16.44,0,Clear,1957.24,986.1,18.0,0,71.62,46.11,Adaptive,Low Efficiency
4069,2024-05-21 15:34:00,FL4077,82.49,Express,Low,Arrival,T3,25,107.21,87.6,17,8,Crane,78.69,80.15,30,40.55,0,Storm,3635.12,1263.75,48.45,0,23.92,74.05,Adaptive,Low Efficiency
4070,2024-11-27 03:29:00,FL2137,102.39,Hazardous,High,Arrival,T1,4,127.49,100.28,40,14,Forklift,78.2,59.69,3,3.95,0,Clear,917.13,934.26,11.76,1,45.61,14.06,Optimized,Low Efficiency
4071,2024-10-21 03:39:00,FL3351,42.3,Express,Low,Arrival,T2,5,93.5,41.11,14,5,Forklift,43.23,32.17,17,87.92,0,Storm,1501.5,1017.79,58.57,1,118.1,140.27,Optimized,Low Efficiency
4072,2024-01-04 09:17:00,FL2180,82.8,Perishable,Medium,Arrival,T2,23,152.02,37.03,14,6,Conveyor,95.73,68.16,51,58.88,0,Clear,3980.72,673.05,101.52,0,133.15,16.59,Adaptive,Low Efficiency
4073,2024-07-09 03:11:00,FL7986,73.34,Perishable,Low,Departure,T2,39,167.23,32.8,9,4,Forklift,54.82,78.93,24,61.8,1,Fog,4516.94,242.58,86.71,0,102.74,136.33,Baseline,Low Efficiency
4074,2024-05-07 10:57:00,FL5018,74.36,Perishable,Low,Arrival,T3,5,26.4,50.23,33,6,Forklift,93.49,66.98,80,45.88,1,Rain,573.12,283.86,31.87,1,64.31,38.04,Baseline,Low Efficiency
4075,2024-10-23 11:11:00,FL8455,83.49,Express,High,Arrival,T4,8,139.05,15.03,40,6,Loader,52.8,38.6,64,74.24,0,Clear,1248.92,1083.02,30.1,1,59.84,137.25,Baseline,Low Efficiency
4076,2024-03-18 12:36:00,FL7594,71.17,Express,Low,Departure,T2,17,25.63,81.95,16,3,Loader,74.07,87.11,84,75.01,0,Fog,1445.73,1216.14,87.46,0,60.23,56.29,Adaptive,Moderate Efficiency
4077,2024-02-22 17:02:00,FL2642,54.34,General,High,Arrival,T3,1,91.22,99.56,26,4,Forklift,64.36,52.2,74,14.32,1,Rain,2837.25,1279.21,83.28,0,78.81,76.75,Baseline,Low Efficiency
4078,2024-08-02 06:25:00,FL9630,36.73,Hazardous,Critical,Departure,T1,12,93.86,81.32,43,6,Loader,74.88,94.5,88,69.16,1,Storm,1193.8,607.83,25.65,0,111.61,109.53,Adaptive,Low Efficiency
4079,2024-09-04 13:20:00,FL3249,93.39,Express,High,Arrival,T2,35,131.39,53.44,6,8,Conveyor,69.87,93.48,71,51.0,0,Rain,4892.29,1456.4,83.93,1,32.84,114.04,Optimized,Low Efficiency
4080,2024-03-26 04:52:00,FL1193,31.02,General,High,Arrival,T1,14,76.38,38.23,18,13,Conveyor,40.12,44.03,49,68.61,0,Storm,2245.38,998.26,95.88,1,12.93,14.76,Baseline,Low Efficiency
4081,2024-07-06 15:31:00,FL2633,84.62,Express,Low,Arrival,T2,48,151.34,52.09,14,14,Conveyor,61.08,63.35,20,82.68,0,Fog,1142.68,314.99,94.29,0,20.7,12.72,Adaptive,Low Efficiency
4082,2024-07-01 03:32:00,FL7191,31.83,General,Low,Arrival,T1,18,74.86,53.74,7,14,Crane,40.67,39.62,77,30.16,1,Fog,3984.05,194.27,54.62,1,103.22,55.03,Baseline,Low Efficiency
4083,2024-11-18 09:56:00,FL7291,76.91,General,Critical,Departure,T3,10,74.8,81.59,12,7,Conveyor,81.0,77.44,29,51.38,1,Rain,3028.15,862.86,99.56,0,128.82,81.62,Adaptive,Low Efficiency
4084,2024-10-01 13:57:00,FL1339,90.91,Hazardous,High,Arrival,T2,15,55.64,111.73,21,4,Forklift,91.21,89.63,10,70.87,1,Rain,4613.46,1137.5,52.88,0,66.92,132.27,Baseline,Low Efficiency
4085,2024-12-18 04:02:00,FL2802,30.15,Express,High,Departure,T3,42,129.42,13.12,8,14,Conveyor,63.08,75.39,9,88.81,0,Storm,4710.18,125.29,81.03,1,57.27,35.33,Optimized,Low Efficiency
4086,2024-06-26 03:30:00,FL1222,11.89,General,High,Departure,T3,33,32.25,114.64,25,3,Conveyor,71.49,48.23,71,55.13,1,Clear,4351.49,131.59,93.63,0,12.8,62.17,Optimized,Low Efficiency
4087,2024-09-04 08:00:00,FL1716,20.06,Perishable,Medium,Departure,T1,19,78.09,109.67,34,11,Conveyor,43.95,35.34,63,64.91,0,Rain,3039.53,909.61,93.1,0,18.52,70.96,Adaptive,Low Efficiency
4088,2024-11-30 02:57:00,FL3165,74.69,Perishable,Low,Arrival,T2,34,62.7,18.54,23,8,Conveyor,63.11,34.85,33,76.17,1,Clear,1501.7,1485.83,48.17,0,115.66,78.28,Adaptive,Low Efficiency
4089,2024-12-01 11:40:00,FL5068,102.69,Perishable,High,Departure,T4,45,56.69,26.11,19,6,Loader,48.33,72.76,24,67.62,0,Storm,2428.62,1132.55,72.79,0,22.54,108.68,Optimized,Low Efficiency
4090,2024-01-20 21:59:00,FL2369,10.17,Hazardous,High,Departure,T4,25,29.76,40.83,24,12,Conveyor,43.88,96.73,80,84.81,1,Clear,2671.46,312.19,77.53,0,125.97,137.39,Adaptive,Low Efficiency
4091,2024-12-16 23:02:00,FL5385,89.43,General,Medium,Departure,T3,16,50.46,69.36,46,8,Conveyor,50.32,78.67,32,20.67,0,Rain,4889.86,222.09,35.83,0,119.35,28.07,Optimized,Low Efficiency
4092,2024-03-25 15:56:00,FL3336,44.25,Hazardous,Critical,Arrival,T1,8,91.4,20.46,34,9,Loader,92.25,81.14,4,81.7,0,Fog,1636.75,1240.07,10.9,1,124.72,75.83,Baseline,Low Efficiency
4093,2024-07-06 17:43:00,FL1221,60.03,Express,Medium,Arrival,T1,35,100.6,28.04,14,9,Loader,98.93,53.05,62,18.64,0,Rain,2456.27,1233.69,20.92,0,106.03,147.88,Optimized,Low Efficiency
4094,2024-02-19 04:35:00,FL1153,111.82,Express,Low,Departure,T1,21,63.12,108.81,27,10,Crane,92.75,71.02,78,50.86,0,Clear,3030.55,739.57,13.8,0,12.95,93.88,Baseline,Low Efficiency
4095,2024-10-05 15:41:00,FL2742,43.18,General,Critical,Departure,T2,19,124.04,17.57,28,11,Forklift,98.18,52.16,93,47.06,1,Rain,2260.11,150.04,42.85,0,72.08,128.8,Adaptive,Low Efficiency
4096,2024-06-09 11:27:00,FL9886,58.51,Perishable,High,Arrival,T2,46,73.73,50.87,16,9,Crane,83.85,93.12,22,74.82,0,Rain,1042.79,1172.76,45.85,0,32.0,134.56,Optimized,Low Efficiency
4097,2024-06-16 10:19:00,FL6544,6.57,General,Medium,Departure,T1,11,78.76,92.75,13,10,Loader,49.58,39.28,23,35.87,0,Fog,4506.99,676.73,105.26,0,57.33,19.95,Baseline,Low Efficiency
4098,2024-08-17 21:47:00,FL2392,14.38,General,Low,Departure,T4,44,145.22,107.19,19,1,Loader,73.79,74.24,90,12.89,0,Clear,4105.46,1242.95,23.74,1,88.04,77.33,Optimized,Low Efficiency
4099,2024-10-27 07:39:00,FL4314,34.74,General,Low,Departure,T4,11,108.31,43.64,33,12,Loader,83.9,81.16,26,63.61,0,Clear,1654.23,301.75,30.36,1,112.47,144.66,Baseline,Low Efficiency
4100,2024-09-14 02:48:00,FL3281,8.2,Hazardous,High,Arrival,T2,11,172.51,23.91,22,14,Crane,70.81,78.89,49,54.6,0,Clear,2513.64,748.55,78.2,0,42.5,30.9,Adaptive,Low Efficiency
4101,2024-01-08 01:55:00,FL8871,77.61,Express,Medium,Departure,T1,22,77.49,89.76,24,3,Conveyor,73.28,48.01,44,74.44,0,Clear,3808.66,836.94,61.61,0,56.88,36.38,Adaptive,Low Efficiency
4102,2024-07-10 18:22:00,FL8279,54.04,General,High,Departure,T4,21,152.45,93.84,5,9,Forklift,75.17,64.02,22,68.28,0,Fog,4881.07,617.47,119.26,0,39.39,80.85,Optimized,Low Efficiency
4103,2024-06-29 18:36:00,FL3672,68.04,General,Critical,Arrival,T4,27,138.13,117.7,7,4,Forklift,68.01,76.43,67,80.53,1,Storm,1253.8,1485.91,93.82,0,147.79,28.64,Baseline,Low Efficiency
4104,2024-07-28 04:44:00,FL6036,25.08,General,High,Departure,T2,18,162.43,21.05,12,10,Conveyor,57.44,95.17,42,75.52,0,Storm,3370.94,1168.05,39.74,1,140.08,130.39,Adaptive,Low Efficiency
4105,2024-03-08 17:27:00,FL6435,39.03,Hazardous,Medium,Arrival,T2,42,173.09,86.58,43,12,Forklift,78.22,64.98,52,61.74,0,Fog,4178.98,1262.21,89.37,0,101.52,116.79,Baseline,Low Efficiency
4106,2024-10-17 11:49:00,FL8846,81.34,Hazardous,High,Arrival,T4,48,21.23,52.99,35,2,Conveyor,43.21,51.04,17,41.91,1,Clear,616.57,437.49,35.12,0,125.48,128.94,Adaptive,Low Efficiency
4107,2024-09-06 00:45:00,FL3531,116.01,Hazardous,Medium,Arrival,T1,40,34.13,110.18,12,1,Crane,50.26,57.06,14,1.83,0,Rain,4149.44,638.53,84.97,1,110.64,66.73,Baseline,Low Efficiency
4108,2024-02-25 08:41:00,FL4994,10.8,General,Low,Departure,T4,38,127.89,51.9,19,14,Loader,95.52,67.89,64,27.68,1,Clear,4054.56,255.08,14.02,0,128.8,100.57,Baseline,Low Efficiency
4109,2024-05-09 23:15:00,FL1915,107.39,Perishable,Low,Departure,T4,30,82.43,56.29,26,5,Conveyor,69.33,98.35,45,65.48,1,Storm,4655.67,1497.63,31.96,0,141.04,55.79,Baseline,Low Efficiency
4110,2024-12-13 00:24:00,FL9905,71.34,Perishable,Medium,Departure,T1,45,151.06,19.58,36,14,Conveyor,89.3,73.98,64,5.36,0,Rain,879.91,460.64,21.29,1,140.26,18.84,Baseline,Low Efficiency
4111,2024-08-16 13:19:00,FL5382,69.85,Perishable,Critical,Departure,T2,47,21.92,41.91,9,4,Loader,83.59,40.83,30,68.09,0,Storm,1059.29,240.82,57.18,0,90.44,118.48,Adaptive,Moderate Efficiency
4112,2024-09-14 10:31:00,FL9906,62.53,Express,Low,Departure,T1,45,149.12,51.1,48,5,Loader,59.24,89.02,13,46.47,0,Clear,2834.08,387.31,70.87,0,145.05,146.03,Baseline,Low Efficiency
4113,2024-06-08 03:43:00,FL3016,12.98,General,Low,Departure,T1,33,41.64,7.01,48,11,Forklift,88.22,42.7,26,78.1,0,Storm,4422.31,900.18,38.54,1,67.06,50.03,Baseline,Low Efficiency
4114,2024-07-14 22:26:00,FL1347,15.34,Perishable,Critical,Departure,T1,21,66.44,55.32,13,5,Conveyor,45.48,32.71,32,59.38,0,Fog,4435.3,569.94,117.64,0,37.08,50.27,Optimized,Low Efficiency
4115,2024-05-13 02:23:00,FL1729,74.1,Perishable,Low,Departure,T1,2,175.05,43.68,45,8,Loader,92.5,37.01,46,71.86,1,Fog,3650.29,329.54,55.16,1,42.41,38.92,Adaptive,Low Efficiency
4116,2024-05-18 11:25:00,FL2684,44.21,Perishable,High,Arrival,T2,13,28.26,97.44,19,6,Forklift,80.83,85.03,98,15.44,1,Clear,2519.34,755.65,71.79,1,74.2,69.72,Optimized,Low Efficiency
4117,2024-12-29 08:38:00,FL9923,110.49,General,Medium,Departure,T4,2,75.85,17.32,48,3,Crane,95.62,93.13,51,15.56,0,Rain,1540.1,1038.66,60.99,0,45.44,62.6,Optimized,Low Efficiency
4118,2024-05-25 09:25:00,FL5861,51.76,Perishable,Low,Departure,T3,43,33.52,92.42,41,9,Conveyor,93.73,48.77,87,19.0,0,Rain,2636.06,1030.69,104.95,0,27.8,133.88,Baseline,Moderate Efficiency
4119,2024-06-20 00:29:00,FL2680,21.48,Perishable,Critical,Arrival,T2,45,156.58,87.11,37,8,Crane,62.82,64.87,34,30.0,0,Rain,1476.79,120.64,50.78,0,65.55,120.64,Optimized,Low Efficiency
4120,2024-06-25 06:14:00,FL9381,87.19,General,Low,Departure,T1,31,132.48,32.8,26,9,Loader,91.41,71.81,76,81.4,0,Fog,3978.59,1157.58,113.74,1,91.37,133.28,Baseline,Low Efficiency
4121,2024-07-12 06:17:00,FL7804,38.74,Express,Medium,Arrival,T4,10,148.05,14.58,15,4,Loader,73.78,59.31,87,69.69,0,Rain,2396.78,437.63,98.55,0,145.52,138.73,Optimized,Low Efficiency
4122,2024-05-30 13:43:00,FL3323,65.43,Hazardous,Low,Departure,T4,23,104.36,101.81,10,13,Conveyor,49.43,34.57,28,32.82,0,Storm,2927.13,1391.04,18.32,0,96.88,105.09,Adaptive,Low Efficiency
4123,2024-06-15 21:41:00,FL1019,85.25,Perishable,Low,Departure,T1,22,77.24,33.68,21,8,Crane,89.77,33.97,19,82.66,1,Storm,3564.2,293.87,107.16,0,118.35,100.07,Adaptive,Moderate Efficiency
4124,2024-05-27 15:36:00,FL4675,108.53,Hazardous,Low,Arrival,T2,47,20.36,21.74,48,11,Loader,94.48,60.82,48,70.1,1,Rain,2868.92,659.22,29.97,1,105.51,75.26,Optimized,Low Efficiency
4125,2024-06-30 19:44:00,FL1393,96.1,Express,Low,Arrival,T1,29,64.47,46.29,9,3,Conveyor,45.07,85.85,98,59.05,0,Rain,3898.89,537.09,16.55,1,63.85,21.61,Optimized,Low Efficiency
4126,2024-09-16 06:01:00,FL4713,82.78,Express,Low,Departure,T4,33,102.33,51.1,43,5,Conveyor,95.83,35.92,72,39.29,1,Fog,4037.28,787.91,34.38,0,36.47,72.48,Adaptive,Low Efficiency
4127,2024-04-23 14:13:00,FL7998,83.16,Perishable,High,Arrival,T4,31,126.3,42.5,13,14,Conveyor,76.08,44.4,34,58.65,1,Clear,1592.3,539.02,19.37,0,49.52,60.76,Baseline,Low Efficiency
4128,2024-03-18 16:31:00,FL7314,113.78,General,Medium,Departure,T2,14,56.63,117.3,33,7,Loader,41.55,48.88,16,53.39,1,Fog,1841.63,1179.73,78.44,0,132.71,62.98,Optimized,Low Efficiency
4129,2024-03-28 07:01:00,FL3414,39.02,Express,Medium,Departure,T3,10,42.22,106.29,27,1,Loader,72.51,69.14,71,70.37,0,Fog,766.95,634.77,59.22,1,31.8,80.2,Baseline,Low Efficiency
4130,2024-02-27 03:40:00,FL6788,5.13,Hazardous,Medium,Departure,T1,18,52.26,105.39,40,14,Conveyor,87.8,33.02,27,20.3,0,Clear,901.38,590.19,62.23,1,23.66,83.82,Baseline,Low Efficiency
4131,2024-12-24 17:56:00,FL5699,36.27,Hazardous,Critical,Departure,T3,11,76.65,50.86,35,1,Forklift,71.99,90.2,51,79.7,0,Storm,4232.64,1459.74,77.83,0,129.45,40.24,Baseline,Low Efficiency
4132,2024-01-05 19:45:00,FL4700,30.06,Hazardous,Critical,Departure,T4,39,43.74,115.73,24,3,Conveyor,82.43,62.95,84,53.27,1,Clear,1463.0,664.83,64.82,0,86.75,48.47,Adaptive,Low Efficiency
4133,2024-01-31 18:36:00,FL7303,81.11,Hazardous,High,Departure,T3,47,45.09,83.66,27,4,Conveyor,92.77,63.97,54,72.61,1,Rain,4255.99,282.04,119.08,0,105.55,38.45,Adaptive,Moderate Efficiency
4134,2024-12-17 04:39:00,FL2841,77.88,Express,Critical,Arrival,T1,3,27.0,100.68,11,1,Conveyor,92.19,52.86,99,31.26,0,Storm,4936.45,475.21,78.61,0,125.62,113.1,Optimized,Moderate Efficiency
4135,2024-09-27 07:07:00,FL9057,73.25,Perishable,Medium,Arrival,T1,2,157.08,62.6,40,8,Forklift,50.73,44.84,17,35.27,1,Storm,1592.65,1112.79,74.48,1,57.6,145.01,Optimized,Low Efficiency
4136,2024-08-17 16:18:00,FL3778,6.87,Perishable,Medium,Arrival,T4,8,55.16,23.47,8,2,Crane,65.63,55.46,92,84.36,0,Rain,2571.68,466.6,55.58,1,115.02,44.26,Adaptive,Low Efficiency
4137,2024-12-24 12:16:00,FL2804,88.81,Hazardous,High,Departure,T2,31,151.5,106.99,28,11,Loader,46.67,93.94,72,55.98,1,Clear,2916.78,1052.69,59.1,0,98.34,130.91,Baseline,Low Efficiency
4138,2024-07-19 01:18:00,FL4678,42.21,Perishable,High,Arrival,T2,8,90.13,60.94,18,5,Loader,75.71,36.6,68,28.6,1,Rain,4742.68,1380.76,118.84,0,13.47,112.23,Optimized,Moderate Efficiency
4139,2024-12-23 09:26:00,FL2666,81.48,Hazardous,Medium,Departure,T4,43,121.19,116.38,29,13,Crane,97.28,34.25,97,7.39,1,Storm,1303.84,623.74,10.6,1,110.85,52.87,Optimized,Low Efficiency
4140,2024-05-13 03:55:00,FL5617,69.01,Hazardous,Medium,Arrival,T1,48,32.11,34.31,11,14,Conveyor,50.91,38.01,86,39.09,0,Clear,4261.91,369.71,27.1,0,58.2,83.49,Adaptive,Low Efficiency
4141,2024-07-23 02:00:00,FL6854,44.41,General,Critical,Departure,T2,2,113.37,119.12,19,6,Conveyor,64.22,84.39,95,76.42,0,Storm,4810.02,1103.52,47.73,0,39.12,95.4,Optimized,Low Efficiency
4142,2024-10-16 17:26:00,FL2249,20.48,Express,High,Departure,T3,22,66.4,30.58,48,11,Loader,97.24,33.39,1,22.63,0,Storm,2994.87,712.9,109.49,0,144.55,118.0,Optimized,Moderate Efficiency
4143,2024-06-10 17:21:00,FL6467,15.86,Express,Medium,Departure,T4,5,35.23,47.34,17,6,Conveyor,85.01,53.32,14,77.43,0,Rain,1185.77,164.61,113.17,0,117.74,86.21,Optimized,Moderate Efficiency
4144,2024-04-03 09:15:00,FL2939,100.62,Hazardous,High,Departure,T3,7,165.32,73.31,23,6,Crane,44.27,59.74,7,14.55,1,Fog,2002.12,909.84,16.34,0,13.43,101.8,Baseline,Low Efficiency
4145,2024-02-09 10:18:00,FL6906,110.62,Express,Low,Departure,T1,20,116.58,84.73,16,11,Loader,65.7,65.5,64,11.69,1,Rain,4815.92,912.66,25.58,0,116.38,54.87,Adaptive,Low Efficiency
4146,2024-11-04 03:32:00,FL2389,79.73,Perishable,Low,Arrival,T2,28,58.67,87.83,30,1,Forklift,99.27,30.22,72,54.51,1,Storm,1257.0,1054.39,107.05,0,129.05,27.26,Baseline,Moderate Efficiency
4147,2024-12-14 07:14:00,FL1710,16.89,Hazardous,Medium,Departure,T1,13,87.14,59.77,37,3,Conveyor,67.19,64.07,8,72.42,0,Clear,2694.35,1129.37,39.95,0,59.88,18.41,Adaptive,Low Efficiency
4148,2024-01-24 17:04:00,FL3475,51.23,General,Medium,Arrival,T3,2,77.1,13.84,19,3,Crane,77.76,43.64,54,70.2,0,Clear,1354.37,1003.87,54.12,0,55.7,50.86,Baseline,Low Efficiency
4149,2024-09-09 21:18:00,FL3917,88.83,Perishable,Low,Departure,T1,32,132.09,62.05,41,8,Loader,82.06,36.85,24,48.92,0,Fog,4568.56,573.63,10.51,0,69.32,103.49,Optimized,Low Efficiency
4150,2024-10-13 16:42:00,FL8022,94.68,General,High,Departure,T1,26,117.19,43.49,10,6,Loader,79.84,67.33,55,57.48,1,Rain,3156.96,1269.53,64.06,1,75.27,22.48,Baseline,Low Efficiency
4151,2024-05-07 06:51:00,FL9691,18.6,General,Medium,Departure,T4,3,23.17,80.63,29,2,Forklift,71.12,82.09,1,23.24,0,Storm,4655.06,1409.39,105.18,0,63.28,113.44,Baseline,Moderate Efficiency
4152,2024-11-28 22:04:00,FL6486,5.0,Express,Medium,Arrival,T4,41,51.65,25.96,21,13,Conveyor,47.97,95.43,99,49.61,0,Clear,4757.77,522.94,50.11,0,80.87,67.01,Adaptive,Low Efficiency
4153,2024-03-28 15:35:00,FL3971,86.9,Express,Low,Departure,T1,42,96.5,50.3,47,14,Forklift,82.5,93.89,72,18.69,0,Rain,2700.36,494.57,106.9,0,146.16,75.54,Optimized,Moderate Efficiency
4154,2024-12-01 00:18:00,FL7967,46.01,Hazardous,Low,Arrival,T4,13,91.28,116.1,40,1,Crane,96.0,57.93,69,83.55,0,Clear,4716.96,818.21,48.16,0,14.49,39.82,Adaptive,Low Efficiency
4155,2024-08-17 20:24:00,FL3461,34.27,Express,Critical,Departure,T1,21,102.67,15.22,13,4,Loader,96.5,79.28,32,61.03,1,Storm,503.19,1480.07,82.4,0,147.56,107.62,Optimized,Moderate Efficiency
4156,2024-01-07 03:07:00,FL5940,6.48,General,High,Arrival,T3,45,134.37,74.27,32,1,Loader,75.6,78.69,1,50.82,0,Rain,1364.48,328.71,42.3,1,128.92,145.87,Optimized,Low Efficiency
4157,2024-01-09 14:34:00,FL5702,67.13,General,Critical,Arrival,T4,37,129.12,15.42,39,5,Forklift,69.53,58.85,66,22.24,1,Storm,3802.99,792.93,66.62,0,121.63,66.15,Optimized,Low Efficiency
4158,2024-06-02 11:09:00,FL6707,102.88,Perishable,Critical,Arrival,T1,23,79.65,23.05,7,12,Forklift,60.04,36.87,42,36.81,0,Fog,2869.2,371.9,101.11,1,73.04,26.18,Baseline,Low Efficiency
4159,2024-10-03 06:59:00,FL2702,115.13,General,Medium,Departure,T4,7,160.41,74.57,15,11,Forklift,46.21,56.74,79,70.22,0,Storm,4959.28,673.85,103.32,0,20.51,12.4,Baseline,Low Efficiency
4160,2024-03-14 08:41:00,FL5441,70.06,Hazardous,Low,Departure,T1,17,30.07,56.06,24,8,Conveyor,92.99,99.47,9,21.55,0,Storm,4029.27,630.42,18.42,1,96.63,131.26,Optimized,Low Efficiency
4161,2024-08-24 23:24:00,FL9179,64.16,Hazardous,Critical,Arrival,T4,28,113.52,68.08,27,10,Loader,48.22,68.85,76,11.6,1,Rain,3488.56,899.24,112.22,0,135.2,108.74,Adaptive,Low Efficiency
4162,2024-09-20 07:27:00,FL7047,14.78,Express,Critical,Departure,T2,47,171.95,106.19,34,2,Conveyor,57.28,53.9,74,27.66,0,Storm,4604.76,148.49,67.4,0,69.51,128.49,Adaptive,Low Efficiency
4163,2024-07-08 02:35:00,FL5348,68.12,Express,High,Departure,T1,30,107.85,98.98,41,8,Crane,84.42,82.07,24,71.5,0,Storm,2017.4,1230.15,34.11,0,19.7,64.97,Baseline,Low Efficiency
4164,2024-05-16 06:43:00,FL2251,48.7,Express,High,Departure,T2,5,92.82,107.12,40,13,Conveyor,82.29,78.04,19,79.48,1,Rain,1254.1,1093.07,101.45,0,10.76,98.66,Adaptive,Low Efficiency
4165,2024-07-10 09:37:00,FL1035,74.82,Hazardous,High,Arrival,T1,24,41.43,75.87,48,8,Forklift,80.86,70.52,51,37.29,0,Clear,2961.86,1499.78,79.87,0,26.72,64.3,Optimized,Moderate Efficiency
4166,2024-06-21 16:18:00,FL3435,49.7,General,Medium,Arrival,T2,7,149.63,61.31,16,6,Crane,84.5,74.62,81,70.31,0,Rain,1573.13,458.04,65.88,0,94.83,56.01,Adaptive,Low Efficiency
4167,2024-07-15 04:15:00,FL3401,32.63,Express,Medium,Departure,T1,34,79.81,57.81,40,8,Crane,72.52,70.95,2,29.9,0,Clear,1545.74,1314.92,99.29,0,148.73,92.65,Optimized,Low Efficiency
4168,2024-12-09 05:21:00,FL6247,15.92,Perishable,High,Arrival,T4,42,132.2,90.08,39,13,Conveyor,49.3,96.94,10,45.79,0,Clear,1878.35,954.49,32.42,0,109.7,40.59,Adaptive,Low Efficiency
4169,2024-09-06 20:02:00,FL3421,41.22,Express,High,Departure,T2,33,51.61,64.95,38,2,Conveyor,99.9,65.64,69,1.82,0,Rain,3538.12,423.38,73.93,1,32.0,112.06,Baseline,Moderate Efficiency
4170,2024-09-23 10:59:00,FL7399,16.11,Hazardous,Low,Departure,T4,27,26.7,17.16,8,7,Forklift,93.53,71.31,6,64.08,0,Clear,606.16,514.0,115.8,0,130.77,98.72,Adaptive,High Efficiency
4171,2024-05-13 22:07:00,FL8318,25.34,Express,Medium,Arrival,T1,14,68.87,21.32,28,12,Forklift,65.87,63.02,62,64.68,1,Fog,4324.95,128.56,80.08,1,102.44,66.91,Baseline,Low Efficiency
4172,2024-12-29 04:38:00,FL8838,118.54,General,Low,Arrival,T4,19,65.03,46.06,40,8,Crane,71.82,72.02,66,9.02,1,Rain,3254.21,580.96,75.87,1,52.22,49.94,Adaptive,Low Efficiency
4173,2024-11-04 16:56:00,FL2102,56.07,Express,Low,Departure,T1,48,159.76,12.8,32,4,Forklift,63.61,92.36,8,32.29,0,Fog,1870.04,1359.19,13.24,1,80.23,60.37,Baseline,Low Efficiency
4174,2024-06-02 07:19:00,FL2854,66.17,Hazardous,Critical,Departure,T4,38,158.35,32.51,43,14,Loader,78.28,53.78,68,43.52,0,Rain,1008.97,205.33,30.09,0,66.42,53.6,Adaptive,Low Efficiency
4175,2024-11-01 04:10:00,FL8003,105.47,Hazardous,Low,Departure,T2,12,105.42,80.49,6,9,Loader,83.87,64.71,59,69.67,0,Storm,4055.11,1399.32,77.34,0,131.97,60.59,Optimized,Low Efficiency
4176,2024-09-28 02:34:00,FL5562,119.49,Perishable,Low,Arrival,T1,3,23.04,6.43,47,11,Crane,53.89,61.4,50,74.12,1,Clear,2463.95,631.45,87.29,0,143.46,12.23,Adaptive,Moderate Efficiency
4177,2024-09-22 20:12:00,FL3370,72.01,Hazardous,Medium,Arrival,T4,7,56.53,74.47,9,6,Conveyor,65.97,57.86,95,64.72,0,Fog,2458.88,1137.21,108.98,0,27.32,57.65,Adaptive,Moderate Efficiency
4178,2024-10-18 16:51:00,FL2481,98.43,Perishable,High,Departure,T1,35,122.24,93.82,32,12,Conveyor,78.41,87.47,36,19.43,1,Fog,2616.04,1021.96,105.85,1,30.64,85.71,Adaptive,Low Efficiency
4179,2024-07-22 14:52:00,FL6292,42.6,General,Medium,Departure,T1,25,36.23,24.57,17,3,Loader,99.28,46.24,8,32.07,1,Storm,2362.77,1041.47,49.58,1,21.54,77.54,Optimized,Moderate Efficiency
4180,2024-11-24 05:03:00,FL3089,40.16,Hazardous,Low,Arrival,T1,49,132.1,25.81,40,13,Conveyor,59.49,64.99,95,22.26,0,Clear,2809.83,867.68,85.89,0,63.2,29.77,Optimized,Low Efficiency
4181,2024-05-10 23:47:00,FL3979,51.31,Express,Low,Departure,T3,15,21.91,8.32,13,4,Forklift,84.7,94.72,17,57.35,1,Rain,3337.94,750.03,61.03,1,145.95,142.57,Baseline,Moderate Efficiency
4182,2024-04-05 11:49:00,FL7308,82.34,General,Low,Arrival,T1,19,129.21,63.93,43,12,Loader,60.8,41.29,59,58.26,0,Rain,2439.56,1399.58,62.47,0,148.22,35.82,Adaptive,Low Efficiency
4183,2024-06-15 10:29:00,FL6777,83.45,Express,Medium,Arrival,T4,19,155.13,80.28,34,4,Crane,45.54,30.33,78,1.46,0,Rain,4877.61,1052.05,113.99,0,93.43,90.91,Optimized,Low Efficiency
4184,2024-03-13 17:21:00,FL6231,41.25,Express,Low,Departure,T3,23,95.07,57.54,31,1,Conveyor,86.21,48.57,8,65.85,0,Rain,2289.19,960.45,90.61,0,74.89,61.99,Baseline,Low Efficiency
4185,2024-07-15 13:42:00,FL9097,20.32,Express,Critical,Departure,T4,11,152.65,49.79,17,14,Crane,78.96,94.56,89,20.66,0,Fog,1464.98,685.54,116.5,1,52.33,104.27,Adaptive,Low Efficiency
4186,2024-06-20 16:59:00,FL7944,77.73,General,Medium,Arrival,T3,21,145.04,57.26,46,13,Crane,70.86,36.13,78,72.12,1,Clear,4910.48,415.11,95.24,0,10.07,71.0,Optimized,Low Efficiency
4187,2024-11-10 17:34:00,FL8885,19.76,General,Low,Departure,T1,34,127.43,94.88,43,10,Conveyor,80.5,39.6,87,74.95,0,Storm,1832.5,102.55,89.82,1,46.8,15.74,Optimized,Low Efficiency
4188,2024-10-04 08:25:00,FL7782,71.53,Hazardous,High,Arrival,T2,39,91.22,8.85,32,1,Conveyor,92.76,52.42,43,71.73,0,Storm,3293.64,1473.01,57.03,0,30.48,98.73,Adaptive,Low Efficiency
4189,2024-05-22 18:27:00,FL6463,84.74,Express,Medium,Arrival,T2,7,63.5,95.14,22,1,Loader,85.39,83.88,63,36.73,0,Storm,4228.7,1158.92,21.71,1,10.28,139.59,Optimized,Low Efficiency
4190,2024-04-16 04:48:00,FL3264,85.57,Perishable,High,Arrival,T1,42,157.74,81.63,38,4,Loader,91.47,82.59,81,31.35,0,Clear,517.8,1491.59,79.34,0,135.44,131.73,Baseline,Low Efficiency
4191,2024-04-18 21:32:00,FL5028,91.65,Hazardous,Low,Departure,T3,44,123.77,32.76,25,1,Crane,57.4,36.09,12,39.16,0,Fog,1772.75,1178.27,61.52,0,21.81,55.96,Baseline,Low Efficiency
4192,2024-12-10 10:02:00,FL7278,105.38,General,Medium,Departure,T4,27,147.68,65.35,5,14,Crane,88.03,95.37,84,47.45,1,Clear,2893.18,163.74,74.96,0,109.21,55.52,Optimized,Low Efficiency
4193,2024-01-08 02:15:00,FL7859,62.5,Perishable,High,Departure,T2,23,108.31,10.67,49,6,Loader,61.6,46.72,98,22.49,1,Clear,2551.47,721.72,41.06,0,139.43,92.27,Optimized,Low Efficiency
4194,2024-05-08 14:26:00,FL9144,88.98,General,Critical,Arrival,T1,38,47.5,48.65,27,14,Crane,41.24,49.64,56,83.85,0,Clear,827.59,263.5,31.56,1,27.79,37.53,Optimized,Low Efficiency
4195,2024-11-02 22:36:00,FL9826,76.2,Perishable,Low,Arrival,T1,20,176.71,25.01,38,2,Forklift,42.59,57.05,49,45.37,0,Storm,2511.75,1221.78,39.17,0,43.67,97.88,Baseline,Low Efficiency
4196,2024-12-29 19:06:00,FL9745,26.46,Hazardous,Medium,Arrival,T3,27,49.24,7.56,40,1,Conveyor,83.82,74.41,52,6.59,1,Fog,976.77,360.37,82.33,0,42.91,122.16,Baseline,Moderate Efficiency
4197,2024-04-07 22:03:00,FL9070,7.95,Perishable,Medium,Arrival,T2,8,165.8,46.07,13,7,Conveyor,56.31,66.49,11,89.75,0,Fog,1624.41,1020.73,114.83,0,22.06,38.49,Optimized,Low Efficiency
4198,2024-08-17 21:44:00,FL9724,37.72,Hazardous,Critical,Departure,T1,37,53.3,88.5,12,6,Forklift,58.46,95.0,27,43.57,1,Clear,3869.55,1021.96,119.11,1,137.36,144.11,Baseline,Moderate Efficiency
4199,2024-12-20 08:18:00,FL9785,55.95,General,Critical,Departure,T2,3,79.8,110.92,34,1,Loader,77.35,69.52,62,85.23,1,Fog,1303.57,994.44,98.95,0,128.87,80.45,Adaptive,Low Efficiency
4200,2024-08-06 11:28:00,FL4770,75.97,Perishable,Low,Departure,T4,2,90.41,81.16,40,12,Loader,84.49,89.99,9,35.13,0,Fog,3493.76,1329.7,115.33,0,63.31,40.48,Baseline,Moderate Efficiency
4201,2024-07-01 18:05:00,FL7301,102.75,Express,Low,Arrival,T1,22,167.42,51.23,40,13,Crane,73.53,35.47,82,20.23,1,Fog,4878.19,1116.05,41.22,1,117.72,19.37,Optimized,Low Efficiency
4202,2024-02-04 17:46:00,FL2369,27.57,Express,Medium,Arrival,T1,6,162.11,119.94,22,14,Crane,82.38,89.91,36,66.32,0,Rain,1611.42,558.48,10.39,0,81.32,50.11,Baseline,Low Efficiency
4203,2024-10-17 02:34:00,FL7911,19.44,General,Low,Departure,T4,39,151.72,37.54,6,10,Loader,96.46,43.84,46,38.92,0,Storm,1667.96,540.71,31.35,0,105.07,76.28,Adaptive,Low Efficiency
4204,2024-03-13 01:42:00,FL9633,115.8,Perishable,Medium,Arrival,T1,40,80.27,26.52,15,12,Crane,91.25,55.38,92,79.33,0,Fog,4788.92,131.21,79.79,0,106.48,77.0,Optimized,Moderate Efficiency
4205,2024-04-28 22:36:00,FL4593,17.43,Express,Low,Departure,T3,36,20.72,58.32,40,9,Forklift,54.45,52.39,84,41.8,0,Storm,3493.13,1371.6,108.93,0,118.54,38.62,Baseline,Moderate Efficiency
4206,2024-02-13 17:12:00,FL2429,60.03,Hazardous,High,Arrival,T4,44,129.05,63.06,35,6,Conveyor,94.41,53.61,29,30.45,0,Rain,3965.47,244.87,110.64,0,135.89,46.15,Adaptive,Low Efficiency
4207,2024-06-05 21:33:00,FL4853,72.34,Perishable,Critical,Arrival,T3,24,85.75,45.8,35,2,Forklift,57.84,94.31,68,87.0,0,Clear,4061.81,770.77,101.37,1,120.47,104.96,Baseline,Low Efficiency
4208,2024-07-04 04:02:00,FL6926,67.26,Perishable,Critical,Arrival,T4,12,141.13,84.98,28,7,Conveyor,79.64,60.91,79,74.73,1,Clear,3784.36,811.9,93.86,0,108.91,118.48,Adaptive,Low Efficiency
4209,2024-12-13 00:07:00,FL1046,14.89,Express,Medium,Arrival,T4,17,147.18,26.14,25,3,Conveyor,92.48,48.76,41,18.5,0,Clear,4895.59,726.98,43.46,1,97.08,25.09,Adaptive,Low Efficiency
4210,2024-03-11 02:59:00,FL4330,11.56,Hazardous,Medium,Arrival,T3,22,90.36,63.69,36,14,Crane,77.41,50.61,28,44.0,0,Storm,1736.35,904.0,19.65,0,39.27,103.23,Baseline,Low Efficiency
4211,2024-11-23 13:46:00,FL1281,17.13,Hazardous,Critical,Departure,T4,19,139.7,62.51,34,7,Crane,88.37,86.23,64,10.2,0,Fog,2832.66,1120.95,67.77,0,49.64,138.29,Optimized,Low Efficiency
4212,2024-08-31 16:32:00,FL6937,72.34,Hazardous,Low,Departure,T2,9,154.39,99.74,12,14,Conveyor,95.64,67.74,24,9.7,0,Rain,3488.35,374.73,46.88,0,20.55,14.93,Adaptive,Low Efficiency
4213,2024-07-08 03:47:00,FL8764,67.6,Perishable,High,Departure,T3,12,168.56,111.6,37,9,Crane,98.02,61.46,16,76.81,0,Fog,3682.68,203.18,24.1,0,46.09,95.83,Optimized,Low Efficiency
4214,2024-09-19 20:16:00,FL3188,31.88,General,Medium,Arrival,T4,32,113.19,81.28,43,5,Forklift,64.64,94.88,22,83.86,0,Storm,1364.7,1300.39,60.41,1,86.15,91.57,Adaptive,Low Efficiency
4215,2024-09-19 08:48:00,FL2804,78.34,Perishable,Low,Departure,T3,31,144.56,40.12,5,1,Loader,99.57,95.1,47,66.49,1,Clear,4439.78,792.69,67.81,1,143.52,43.01,Adaptive,Low Efficiency
4216,2024-07-06 15:53:00,FL1976,99.31,Perishable,Medium,Departure,T4,17,99.13,84.31,37,5,Crane,56.3,82.93,17,89.03,1,Rain,4166.35,278.3,95.17,1,27.75,125.47,Adaptive,Low Efficiency
4217,2024-09-07 14:17:00,FL6723,9.78,Express,Low,Arrival,T4,23,26.67,33.91,46,8,Crane,67.73,66.26,1,4.08,0,Fog,1688.76,1040.9,98.89,0,71.99,10.92,Optimized,Moderate Efficiency
4218,2024-01-15 10:38:00,FL6912,62.28,General,High,Arrival,T2,10,44.84,116.15,17,8,Crane,85.64,38.16,31,29.84,0,Fog,2947.85,412.31,61.54,0,115.12,140.08,Baseline,Low Efficiency
4219,2024-10-26 20:02:00,FL3283,84.27,Hazardous,Low,Departure,T2,30,40.52,99.57,26,3,Loader,98.21,79.56,89,11.89,0,Clear,1826.19,214.56,111.28,0,121.11,93.73,Adaptive,Moderate Efficiency
4220,2024-03-29 06:46:00,FL5828,34.02,Express,Medium,Departure,T2,19,47.48,54.59,9,4,Forklift,43.18,87.06,12,70.38,0,Fog,2146.49,495.6,96.75,0,36.75,78.74,Baseline,Low Efficiency
4221,2024-09-12 15:45:00,FL8543,40.39,Perishable,Low,Departure,T4,26,21.63,95.2,16,12,Conveyor,96.74,89.64,20,80.14,0,Fog,2901.06,515.65,57.57,0,34.96,113.62,Adaptive,Moderate Efficiency
4222,2024-05-24 21:02:00,FL3361,75.57,General,Critical,Departure,T2,26,157.39,52.0,33,8,Forklift,99.92,70.73,19,40.24,1,Clear,2927.67,1315.81,48.53,0,95.5,141.91,Adaptive,Low Efficiency
4223,2024-05-07 02:17:00,FL7898,108.26,Hazardous,Medium,Departure,T3,11,109.62,13.58,7,8,Crane,94.57,73.18,5,74.63,0,Storm,2894.26,530.29,44.97,0,137.97,125.06,Adaptive,Low Efficiency
4224,2024-07-26 05:53:00,FL4973,98.14,Hazardous,Medium,Arrival,T4,20,81.3,86.28,40,7,Loader,46.5,79.65,15,76.29,1,Storm,2949.17,1192.37,61.01,0,122.61,89.49,Adaptive,Low Efficiency
4225,2024-09-15 13:58:00,FL4452,72.06,Perishable,Medium,Departure,T3,45,85.56,51.53,49,6,Forklift,90.44,91.18,25,12.57,1,Rain,3362.59,908.13,46.33,0,63.82,27.65,Baseline,Low Efficiency
4226,2024-08-24 17:21:00,FL4679,88.98,Hazardous,Medium,Departure,T2,4,94.14,111.99,15,4,Crane,78.39,33.18,35,33.93,0,Fog,570.68,232.58,61.57,0,102.17,63.29,Baseline,Low Efficiency
4227,2024-12-20 23:34:00,FL1915,46.95,Hazardous,Low,Departure,T4,47,31.82,40.25,30,10,Crane,40.57,69.43,55,16.92,1,Storm,1129.2,319.05,73.5,0,45.68,132.23,Optimized,Low Efficiency
4228,2024-11-21 10:40:00,FL3257,78.71,General,High,Departure,T3,12,63.95,101.98,6,13,Conveyor,99.06,55.84,63,60.3,1,Clear,2616.25,212.16,28.26,0,76.04,129.17,Adaptive,Low Efficiency
4229,2024-02-27 02:16:00,FL2920,58.61,Express,Low,Departure,T1,25,156.26,83.25,33,9,Loader,49.03,88.32,47,34.86,0,Storm,3687.76,662.08,97.77,0,84.97,68.76,Baseline,Low Efficiency
4230,2024-10-04 11:41:00,FL3344,26.84,General,Low,Departure,T3,10,138.99,103.13,45,2,Conveyor,63.81,39.37,67,60.1,0,Fog,2791.7,1457.84,22.39,0,99.28,76.24,Baseline,Low Efficiency
4231,2024-07-27 15:21:00,FL7184,85.7,Express,High,Arrival,T4,22,110.14,38.57,33,2,Forklift,41.82,93.68,82,78.83,1,Rain,3330.24,353.12,54.48,1,66.05,105.8,Baseline,Low Efficiency
4232,2024-12-03 16:39:00,FL1431,68.99,Express,Low,Arrival,T1,7,96.91,58.05,48,1,Conveyor,58.57,38.68,64,37.15,1,Rain,4868.12,578.94,28.17,0,14.48,71.5,Baseline,Low Efficiency
4233,2024-04-15 11:24:00,FL7958,46.24,Express,Medium,Arrival,T2,24,61.44,99.66,40,11,Forklift,74.1,36.25,22,87.47,1,Storm,3785.3,1248.02,43.43,0,139.93,22.53,Optimized,Low Efficiency
4234,2024-05-02 00:35:00,FL7089,109.8,Hazardous,Medium,Departure,T2,2,95.4,79.04,23,12,Crane,95.85,54.25,80,36.78,1,Clear,4729.4,1326.11,60.41,0,143.87,112.14,Adaptive,Low Efficiency
4235,2024-09-02 16:17:00,FL1886,7.41,General,Medium,Departure,T3,32,115.66,46.39,14,3,Loader,99.42,99.63,79,19.24,0,Clear,585.52,1129.53,92.36,0,106.18,101.0,Adaptive,Low Efficiency
4236,2024-11-03 03:46:00,FL2736,41.31,Hazardous,High,Arrival,T2,21,134.02,63.88,15,3,Loader,65.4,74.37,69,47.63,0,Fog,2512.21,753.92,78.98,1,47.29,37.81,Adaptive,Low Efficiency
4237,2024-10-21 17:54:00,FL2208,11.54,Perishable,High,Departure,T3,7,46.66,119.55,11,4,Crane,65.69,31.85,77,35.91,0,Storm,2095.32,1008.42,49.68,0,93.26,122.39,Baseline,Low Efficiency
4238,2024-02-21 22:49:00,FL8812,93.15,General,High,Departure,T3,8,150.1,90.31,17,3,Loader,49.62,47.45,92,11.25,0,Clear,3674.86,730.05,75.0,0,48.65,124.32,Adaptive,Low Efficiency
4239,2024-02-27 14:34:00,FL3591,85.74,Express,High,Departure,T3,38,75.33,75.67,45,10,Conveyor,69.9,40.44,74,2.09,0,Clear,4682.46,1288.06,42.6,1,107.84,44.59,Optimized,Low Efficiency
4240,2024-04-27 23:08:00,FL1494,43.11,Hazardous,Low,Arrival,T3,21,100.52,100.21,48,6,Forklift,96.4,30.07,80,66.96,1,Clear,681.27,673.82,102.23,0,60.44,29.79,Optimized,Low Efficiency
4241,2024-09-07 05:17:00,FL3406,82.7,Hazardous,Medium,Arrival,T4,8,117.26,55.83,6,9,Forklift,49.92,66.05,2,83.96,0,Storm,757.87,1244.91,63.15,1,88.04,37.48,Baseline,Low Efficiency
4242,2024-06-15 04:23:00,FL6984,50.53,General,Medium,Arrival,T4,25,98.1,114.26,34,8,Forklift,55.99,56.68,25,39.64,1,Fog,3527.76,919.95,88.84,0,18.25,79.05,Baseline,Low Efficiency
4243,2024-08-16 06:29:00,FL3314,91.97,General,Medium,Departure,T1,28,111.51,68.48,26,6,Conveyor,93.48,72.93,61,5.89,0,Clear,2057.25,829.73,44.31,1,149.47,54.71,Adaptive,Low Efficiency
4244,2024-08-18 17:50:00,FL2294,57.23,Express,Critical,Arrival,T1,28,37.84,42.59,5,8,Forklift,77.59,45.15,5,66.66,0,Rain,1413.59,1019.08,84.51,0,102.7,104.27,Optimized,Moderate Efficiency
4245,2024-07-31 03:49:00,FL5014,52.41,Express,High,Arrival,T2,31,89.14,14.89,31,8,Loader,59.83,88.17,28,78.04,0,Storm,4796.21,508.97,111.94,0,141.61,82.98,Baseline,Low Efficiency
4246,2024-07-13 18:25:00,FL2262,112.49,Perishable,Low,Arrival,T4,36,64.87,48.2,11,10,Forklift,88.76,56.82,81,29.13,0,Storm,563.18,649.03,21.85,1,114.24,103.96,Adaptive,Low Efficiency
4247,2024-10-14 23:04:00,FL1204,33.85,Express,Low,Departure,T1,25,33.76,70.39,5,6,Conveyor,46.54,63.8,66,19.98,1,Storm,1732.91,1227.06,74.97,0,88.66,40.91,Optimized,Low Efficiency
4248,2024-07-16 12:24:00,FL7823,18.85,Hazardous,Low,Arrival,T4,41,50.66,85.87,29,2,Loader,91.5,81.27,15,30.34,1,Clear,1992.63,637.57,65.1,0,113.1,92.76,Baseline,Low Efficiency
4249,2024-11-19 23:09:00,FL3452,72.22,Perishable,Low,Arrival,T4,37,116.39,105.64,8,5,Crane,71.08,41.63,55,81.75,0,Fog,4022.52,1015.03,69.51,0,75.7,133.65,Baseline,Low Efficiency
4250,2024-09-21 10:45:00,FL3988,116.47,Perishable,Low,Departure,T2,38,51.47,113.56,34,4,Loader,85.42,48.36,38,37.62,1,Fog,3027.83,1028.97,31.41,0,144.3,91.71,Adaptive,Low Efficiency
4251,2024-11-23 21:21:00,FL8696,48.45,Perishable,Medium,Arrival,T2,12,48.97,16.78,12,12,Conveyor,71.1,40.83,93,58.87,0,Rain,1977.68,1317.63,12.98,0,118.41,106.44,Baseline,Low Efficiency
4252,2024-10-28 10:58:00,FL3295,12.13,General,Critical,Departure,T3,37,108.45,74.1,25,6,Loader,54.78,83.77,23,6.69,0,Rain,1263.89,721.14,17.84,1,26.95,143.03,Baseline,Low Efficiency
4253,2024-05-01 20:05:00,FL9641,44.02,Express,High,Departure,T4,37,164.75,81.66,8,2,Forklift,78.45,36.83,82,25.34,0,Fog,1480.46,1363.54,41.26,1,143.09,134.11,Adaptive,Low Efficiency
4254,2024-05-13 21:38:00,FL5907,63.18,Perishable,Low,Arrival,T3,31,146.19,24.79,8,4,Conveyor,49.29,64.23,14,20.52,1,Fog,674.03,1490.3,103.98,0,90.61,41.49,Baseline,Low Efficiency
4255,2024-01-17 19:43:00,FL8703,23.62,General,Medium,Arrival,T3,18,164.81,67.74,12,13,Crane,53.79,82.49,32,5.64,0,Fog,4265.89,336.88,98.75,0,73.07,124.28,Baseline,Low Efficiency
4256,2024-04-01 01:13:00,FL7742,80.68,General,Medium,Arrival,T3,26,113.28,43.51,46,8,Forklift,72.96,65.54,44,10.86,1,Storm,1027.33,1101.59,119.5,0,120.91,147.2,Baseline,Moderate Efficiency
4257,2024-06-19 20:24:00,FL6526,119.74,Perishable,High,Departure,T4,6,85.59,13.9,30,14,Conveyor,63.4,65.61,70,37.49,0,Storm,4203.71,1077.71,91.46,0,42.02,120.43,Baseline,Low Efficiency
4258,2024-07-02 05:51:00,FL8274,56.95,Perishable,High,Arrival,T4,9,136.74,12.57,33,1,Conveyor,84.71,34.46,92,50.22,1,Fog,1126.29,738.6,48.63,0,144.15,28.02,Adaptive,Low Efficiency
4259,2024-02-28 07:13:00,FL1216,45.79,Hazardous,Critical,Arrival,T3,11,61.82,92.31,20,3,Crane,75.01,84.8,82,28.07,1,Rain,4576.59,525.35,111.01,0,33.29,96.83,Adaptive,Moderate Efficiency
4260,2024-06-02 08:00:00,FL5698,51.08,Perishable,Medium,Arrival,T4,31,32.49,75.78,23,4,Crane,62.88,72.28,99,37.76,0,Fog,3553.3,138.14,96.97,0,51.4,101.39,Adaptive,Moderate Efficiency
4261,2024-05-01 12:58:00,FL2822,18.24,Hazardous,High,Departure,T3,46,75.14,87.24,5,2,Conveyor,59.6,76.73,58,68.35,1,Rain,2084.15,990.71,86.88,0,134.47,30.64,Optimized,Low Efficiency
4262,2024-10-16 02:52:00,FL3554,106.58,Perishable,Low,Departure,T1,2,67.88,83.81,41,12,Crane,94.79,83.61,4,22.25,0,Storm,2267.12,541.99,68.98,0,95.17,87.71,Baseline,Low Efficiency
4263,2024-03-16 00:13:00,FL1983,52.7,Perishable,Medium,Departure,T4,29,128.09,20.45,38,2,Crane,42.4,69.24,62,3.07,1,Fog,1780.52,873.07,88.87,1,129.63,139.24,Baseline,Low Efficiency
4264,2024-03-10 13:55:00,FL1526,49.54,Express,Low,Arrival,T2,46,108.22,22.43,33,6,Forklift,81.46,65.6,60,23.13,0,Rain,1450.81,270.99,115.46,0,37.91,51.36,Optimized,Moderate Efficiency
4265,2024-02-16 10:51:00,FL3843,80.86,Perishable,Medium,Arrival,T2,42,42.12,34.04,31,6,Conveyor,63.51,76.42,95,82.93,0,Fog,4599.81,161.98,104.85,1,122.53,123.04,Optimized,Moderate Efficiency
4266,2024-12-10 13:31:00,FL9245,55.83,Perishable,High,Departure,T3,5,165.36,50.9,49,3,Loader,62.64,93.0,75,1.62,0,Storm,1329.89,1223.34,31.39,0,34.97,100.09,Optimized,Low Efficiency
4267,2024-02-09 04:40:00,FL3627,79.55,Hazardous,Low,Arrival,T1,23,114.93,113.01,34,8,Forklift,79.11,74.69,59,11.6,1,Storm,1291.77,272.11,20.74,0,114.05,104.44,Baseline,Low Efficiency
4268,2024-01-20 04:45:00,FL1178,12.07,Hazardous,Low,Arrival,T4,36,93.23,82.5,10,12,Conveyor,91.03,85.18,75,5.86,1,Storm,2121.19,292.32,11.82,0,31.64,51.93,Optimized,Low Efficiency
4269,2024-10-16 02:17:00,FL7494,98.58,Express,Low,Departure,T3,7,169.95,34.34,40,3,Conveyor,83.46,63.62,29,33.92,0,Clear,4929.43,898.83,88.41,0,58.02,115.98,Adaptive,Low Efficiency
4270,2024-03-01 14:55:00,FL7940,113.16,Perishable,Low,Departure,T1,13,35.57,11.44,43,2,Forklift,80.21,71.27,19,58.3,0,Storm,2592.13,1123.55,40.68,1,76.67,99.14,Optimized,Low Efficiency
4271,2024-03-16 16:16:00,FL8443,79.61,Perishable,Low,Departure,T1,42,146.33,83.69,6,5,Crane,69.77,42.61,17,81.93,1,Fog,2099.06,111.19,89.0,0,138.64,83.37,Adaptive,Low Efficiency
4272,2024-07-10 02:41:00,FL5227,114.78,Hazardous,Low,Arrival,T4,10,78.35,76.91,46,13,Loader,68.15,64.2,4,71.47,0,Rain,4993.48,718.97,30.26,0,112.44,78.68,Optimized,Low Efficiency
4273,2024-04-23 01:36:00,FL9222,22.41,General,Low,Arrival,T2,36,131.26,82.71,18,7,Loader,67.64,40.42,44,22.56,1,Fog,3830.19,983.75,58.04,1,49.45,52.97,Adaptive,Low Efficiency
4274,2024-03-02 09:26:00,FL6014,59.9,General,Low,Arrival,T2,16,168.92,35.04,12,1,Conveyor,48.73,62.69,4,57.14,0,Fog,4750.81,1133.32,11.5,0,72.5,38.3,Baseline,Low Efficiency
4275,2024-10-10 21:03:00,FL4724,74.21,General,Critical,Departure,T1,15,102.83,64.45,7,2,Conveyor,73.57,34.55,59,59.75,0,Clear,1620.15,1427.06,21.95,0,59.01,117.39,Baseline,Low Efficiency
4276,2024-08-13 06:38:00,FL7941,71.9,Hazardous,Medium,Departure,T2,43,23.62,46.6,39,2,Loader,58.93,70.33,12,8.15,1,Fog,3893.88,122.57,18.96,0,141.58,37.93,Adaptive,Low Efficiency
4277,2024-06-16 00:17:00,FL3569,51.17,Hazardous,Low,Arrival,T1,19,24.62,99.04,31,8,Conveyor,77.09,50.07,47,38.44,1,Clear,4507.91,1358.08,96.96,0,34.45,33.43,Adaptive,Moderate Efficiency
4278,2024-06-29 03:34:00,FL5453,43.88,General,Medium,Departure,T1,21,72.89,12.98,38,10,Loader,72.06,88.92,7,28.01,0,Fog,2882.13,1453.36,109.48,0,138.2,129.17,Optimized,Moderate Efficiency
4279,2024-07-25 22:19:00,FL2506,19.58,General,Critical,Departure,T1,35,145.07,36.68,32,6,Crane,96.4,56.34,85,14.14,1,Clear,2407.47,1312.07,29.2,0,125.9,21.19,Adaptive,Low Efficiency
4280,2024-11-18 16:47:00,FL9544,50.05,Perishable,High,Arrival,T2,15,66.12,74.34,35,14,Loader,66.1,94.24,97,5.28,0,Storm,1831.81,1428.44,67.7,0,28.02,31.47,Baseline,Low Efficiency
4281,2024-04-02 01:12:00,FL7185,23.71,Hazardous,Low,Departure,T3,48,73.51,28.6,21,13,Loader,79.86,63.1,12,2.44,1,Clear,3052.74,265.95,26.52,0,48.24,22.75,Baseline,Low Efficiency
4282,2024-04-05 14:14:00,FL3050,89.45,Hazardous,Medium,Arrival,T2,14,145.51,82.36,23,13,Loader,75.57,89.42,71,77.29,0,Clear,1364.63,1489.15,95.72,0,109.46,144.15,Baseline,Low Efficiency
4283,2024-05-04 05:35:00,FL4471,29.02,General,High,Departure,T3,29,38.59,20.73,46,13,Conveyor,81.06,50.81,54,29.76,1,Fog,2443.31,1171.3,100.28,0,109.02,24.68,Optimized,Moderate Efficiency
4284,2024-01-21 19:19:00,FL7560,11.74,General,High,Arrival,T2,5,155.49,7.62,48,4,Crane,56.02,61.61,58,44.38,0,Storm,3571.44,197.28,96.37,0,42.72,10.84,Optimized,Low Efficiency
4285,2024-01-26 14:22:00,FL1917,68.52,Express,High,Departure,T4,49,62.53,104.3,15,4,Forklift,55.43,74.36,63,26.25,1,Clear,3435.6,1050.45,37.66,0,98.7,95.74,Optimized,Low Efficiency
4286,2024-09-16 20:15:00,FL4586,73.45,Hazardous,Critical,Arrival,T4,18,28.2,43.35,13,5,Forklift,73.58,48.11,15,14.93,0,Fog,3649.52,1084.38,47.13,0,106.25,109.89,Adaptive,Low Efficiency
4287,2024-08-24 19:18:00,FL7427,105.27,Express,Critical,Departure,T2,1,38.77,23.04,34,3,Loader,90.94,76.01,37,23.52,0,Rain,3139.48,981.09,32.94,0,20.08,34.87,Adaptive,Low Efficiency
4288,2024-12-12 17:24:00,FL4009,71.35,Perishable,Medium,Departure,T4,27,172.41,24.86,49,12,Conveyor,83.2,50.2,56,15.3,0,Fog,511.84,1324.55,10.36,0,63.33,58.83,Optimized,Low Efficiency
4289,2024-12-06 04:47:00,FL2264,44.73,Express,Medium,Departure,T4,27,92.21,106.88,10,14,Forklift,69.34,63.9,73,68.21,0,Fog,620.31,1148.27,17.11,0,136.87,53.37,Adaptive,Low Efficiency
4290,2024-07-17 08:47:00,FL8674,97.35,General,High,Departure,T4,25,61.03,80.26,18,4,Forklift,55.31,31.64,97,81.68,0,Rain,3111.17,326.42,118.5,1,136.07,111.34,Optimized,Moderate Efficiency
4291,2024-11-19 22:13:00,FL8821,67.13,Hazardous,High,Departure,T4,41,103.4,114.98,35,12,Loader,85.56,35.47,80,39.11,0,Clear,4846.83,450.28,110.45,1,102.66,65.17,Optimized,Low Efficiency
4292,2024-04-08 09:18:00,FL6131,14.12,Hazardous,Low,Arrival,T3,21,129.18,97.0,15,4,Loader,95.57,45.9,31,74.06,0,Fog,1375.02,748.79,18.74,0,101.38,84.0,Adaptive,Low Efficiency
4293,2024-05-08 21:56:00,FL7637,70.07,Express,Critical,Arrival,T1,14,71.01,93.27,9,7,Conveyor,52.78,86.45,15,38.32,1,Fog,3728.22,652.74,60.74,0,129.76,118.7,Baseline,Low Efficiency
4294,2024-11-28 10:40:00,FL7233,109.42,Express,Low,Arrival,T3,20,136.04,62.48,35,7,Forklift,87.95,76.23,2,40.21,0,Fog,2449.43,1028.18,117.2,0,57.9,79.06,Adaptive,Low Efficiency
4295,2024-11-12 17:46:00,FL3700,50.58,Perishable,Medium,Departure,T1,28,60.36,99.39,6,1,Loader,50.35,92.54,13,43.66,0,Storm,1125.93,291.0,15.99,1,16.95,111.58,Optimized,Low Efficiency
4296,2024-08-13 11:43:00,FL1895,39.08,Perishable,Critical,Arrival,T1,21,37.97,52.46,43,12,Crane,94.05,93.33,5,73.82,1,Clear,649.75,596.03,83.56,0,128.49,89.32,Optimized,Moderate Efficiency
4297,2024-09-09 19:12:00,FL7086,21.5,General,Low,Departure,T2,23,107.95,100.11,21,3,Crane,78.52,56.23,48,84.27,1,Storm,3710.19,439.93,21.71,0,53.71,109.78,Baseline,Low Efficiency
4298,2024-12-16 17:28:00,FL7950,22.42,General,Medium,Departure,T2,11,44.18,92.14,42,9,Crane,50.86,55.73,33,67.0,0,Clear,1147.71,511.09,48.28,0,104.19,22.7,Adaptive,Low Efficiency
4299,2024-06-14 09:21:00,FL4190,54.77,General,Low,Arrival,T2,2,170.48,83.02,40,6,Loader,42.18,88.5,32,79.96,0,Rain,1842.93,1095.18,15.18,1,78.34,146.95,Optimized,Low Efficiency
4300,2024-03-06 05:04:00,FL5422,73.5,Express,Medium,Arrival,T2,20,20.07,42.92,7,6,Conveyor,81.68,59.85,53,57.85,0,Fog,2306.2,212.67,75.82,0,30.27,22.18,Baseline,Moderate Efficiency
4301,2024-11-17 18:04:00,FL2776,14.27,Express,Low,Departure,T2,24,140.91,77.53,47,4,Crane,76.37,90.0,21,75.53,1,Storm,3676.43,1342.28,87.27,0,68.58,99.06,Adaptive,Low Efficiency
4302,2024-08-12 04:23:00,FL2710,113.05,Hazardous,Medium,Departure,T3,25,64.72,63.28,33,10,Crane,76.68,65.42,66,50.11,0,Rain,2244.3,997.46,14.56,0,46.75,13.24,Adaptive,Low Efficiency
4303,2024-09-23 08:31:00,FL2274,91.84,General,Medium,Arrival,T3,37,155.37,58.08,37,9,Crane,68.94,59.73,61,69.54,1,Clear,2238.31,676.32,65.46,1,11.16,82.4,Adaptive,Low Efficiency
4304,2024-10-27 03:47:00,FL6942,72.46,Express,Critical,Arrival,T4,22,29.62,118.88,18,14,Loader,76.87,49.53,54,63.47,0,Clear,4074.05,780.08,42.89,0,83.35,23.44,Optimized,Low Efficiency
4305,2024-07-08 04:27:00,FL6496,100.27,Hazardous,Critical,Departure,T3,24,172.48,63.01,42,12,Loader,92.39,38.85,97,67.43,1,Rain,531.42,1077.47,88.02,0,88.97,22.6,Optimized,Low Efficiency
4306,2024-04-23 09:21:00,FL1459,14.22,General,Low,Departure,T3,15,36.22,8.68,33,3,Loader,97.12,66.81,75,21.09,0,Clear,3892.36,1123.06,66.13,0,52.83,49.89,Baseline,Moderate Efficiency
4307,2024-08-09 01:19:00,FL4924,59.84,Perishable,High,Arrival,T2,12,146.06,77.04,27,8,Crane,60.67,52.77,41,13.84,0,Fog,2847.56,1226.59,11.85,0,51.19,43.83,Baseline,Low Efficiency
4308,2024-01-08 16:28:00,FL5623,77.46,Perishable,Low,Departure,T4,46,102.77,88.72,21,13,Loader,69.27,47.46,87,58.77,1,Clear,2937.57,469.12,39.2,0,72.58,29.15,Adaptive,Low Efficiency
4309,2024-01-01 01:36:00,FL3666,100.3,Express,Low,Departure,T3,31,88.86,106.8,15,6,Loader,56.38,41.88,38,43.46,1,Clear,2055.01,1301.0,63.62,0,96.48,91.09,Baseline,Low Efficiency
4310,2024-04-09 06:01:00,FL9873,95.1,Hazardous,Low,Arrival,T3,43,64.82,77.76,32,12,Conveyor,64.7,57.2,33,68.82,0,Rain,916.19,1262.84,20.6,0,145.6,133.96,Optimized,Low Efficiency
4311,2024-09-07 09:49:00,FL2744,36.86,Perishable,Critical,Arrival,T4,31,154.62,7.24,11,2,Loader,87.75,68.91,8,13.19,0,Clear,908.75,1297.12,107.42,1,76.89,138.44,Optimized,Low Efficiency
4312,2024-07-27 19:32:00,FL2070,113.2,Hazardous,Critical,Departure,T1,30,51.96,18.77,49,3,Forklift,65.5,88.59,36,85.29,1,Clear,2033.78,213.16,108.62,0,140.7,50.66,Optimized,Moderate Efficiency
4313,2024-12-07 15:49:00,FL4471,19.3,Hazardous,Low,Departure,T2,41,135.4,23.54,44,14,Loader,63.5,87.41,33,63.36,0,Rain,3741.85,301.07,22.39,0,146.49,131.04,Optimized,Low Efficiency
4314,2024-01-07 01:21:00,FL1179,105.64,Perishable,Low,Arrival,T3,20,91.33,29.3,12,1,Loader,91.01,89.85,29,2.07,0,Fog,4512.41,974.67,107.16,0,95.16,145.45,Baseline,Moderate Efficiency
4315,2024-12-24 05:07:00,FL6064,116.66,Hazardous,Low,Departure,T3,8,179.76,96.97,45,3,Forklift,40.08,70.34,95,51.89,0,Rain,4155.01,1434.19,72.98,0,88.49,53.7,Optimized,Low Efficiency
4316,2024-12-13 09:21:00,FL4075,25.37,Perishable,Medium,Arrival,T4,44,117.82,40.62,33,4,Forklift,91.13,69.17,57,28.14,0,Fog,4090.63,253.89,105.22,0,18.44,141.21,Optimized,Low Efficiency
4317,2024-08-06 04:04:00,FL4305,88.04,Express,Medium,Departure,T3,30,36.67,40.92,29,14,Loader,50.88,93.36,94,24.72,0,Fog,525.8,1134.4,79.06,0,41.25,69.64,Baseline,Low Efficiency
4318,2024-01-07 15:36:00,FL1530,9.63,General,Low,Arrival,T2,35,87.12,91.89,11,6,Conveyor,56.47,50.2,72,81.19,0,Storm,1362.28,290.56,110.86,0,149.74,74.97,Optimized,Low Efficiency
4319,2024-11-09 10:24:00,FL4937,51.62,General,High,Departure,T3,21,30.61,52.43,26,10,Crane,61.7,40.18,61,75.24,1,Rain,4752.9,1430.65,60.58,0,114.45,77.26,Adaptive,Low Efficiency
4320,2024-08-01 07:11:00,FL5410,64.37,Express,Medium,Departure,T1,47,65.7,12.43,13,14,Forklift,92.84,35.79,90,0.86,0,Rain,4415.75,1220.16,119.8,1,103.52,112.36,Baseline,Moderate Efficiency
4321,2024-06-17 08:46:00,FL2393,71.77,Perishable,Critical,Departure,T2,40,74.93,72.29,15,7,Conveyor,94.52,91.67,87,16.35,1,Rain,1070.29,503.71,104.33,0,89.33,46.49,Optimized,Moderate Efficiency
4322,2024-01-06 06:08:00,FL1735,112.63,Perishable,High,Arrival,T1,28,156.51,19.96,38,3,Loader,79.67,56.02,55,64.76,1,Clear,3362.75,166.64,79.23,0,105.59,43.65,Baseline,Low Efficiency
4323,2024-09-29 01:54:00,FL8926,82.31,Perishable,Medium,Arrival,T4,39,154.08,70.74,31,14,Loader,66.37,64.91,52,76.34,1,Fog,2449.07,711.3,53.12,1,105.31,98.13,Optimized,Low Efficiency
4324,2024-05-17 07:31:00,FL1748,60.35,Perishable,High,Arrival,T2,17,21.85,94.66,26,11,Forklift,70.97,86.21,43,64.58,1,Fog,534.58,835.1,77.73,0,41.02,88.06,Adaptive,Moderate Efficiency
4325,2024-10-26 19:36:00,FL1787,98.11,Express,High,Departure,T3,12,105.16,111.89,7,13,Forklift,74.82,56.12,26,47.28,1,Fog,4100.69,837.9,90.19,1,119.87,19.95,Optimized,Low Efficiency
4326,2024-11-14 06:59:00,FL6154,114.31,General,Low,Departure,T2,18,55.77,12.71,44,7,Conveyor,97.24,90.76,2,88.61,0,Rain,4744.11,1292.66,47.69,1,75.14,136.35,Adaptive,Low Efficiency
4327,2024-10-14 10:47:00,FL2527,7.54,Hazardous,Medium,Arrival,T2,47,71.21,39.96,12,13,Loader,98.15,52.52,55,71.76,0,Fog,4643.5,1473.26,69.5,1,108.22,50.69,Adaptive,Low Efficiency
4328,2024-06-30 23:15:00,FL6056,117.99,Hazardous,Critical,Arrival,T2,28,23.46,80.03,10,4,Forklift,90.84,81.27,90,42.11,0,Fog,2229.24,704.69,107.92,1,58.65,115.14,Adaptive,Moderate Efficiency
4329,2024-04-28 21:20:00,FL1138,14.91,General,Low,Departure,T1,3,139.96,41.28,29,1,Forklift,75.02,76.72,18,52.51,0,Fog,4045.17,329.31,114.76,0,90.84,90.98,Baseline,Low Efficiency
4330,2024-10-10 18:54:00,FL6843,98.65,Express,Low,Departure,T4,15,172.09,56.87,6,1,Crane,63.44,44.09,91,4.03,1,Fog,2740.9,627.76,78.0,0,112.92,90.11,Adaptive,Low Efficiency
4331,2024-10-02 12:17:00,FL5626,37.24,Hazardous,Medium,Departure,T2,16,55.08,7.31,20,8,Forklift,53.82,38.71,50,86.83,1,Storm,4909.95,1096.98,26.5,1,95.65,130.22,Adaptive,Low Efficiency
4332,2024-06-09 15:07:00,FL7523,20.2,General,High,Departure,T3,22,74.68,84.75,45,10,Conveyor,72.07,37.81,81,32.65,1,Storm,4834.79,917.14,94.4,0,98.67,133.26,Adaptive,Low Efficiency
4333,2024-07-10 11:54:00,FL9195,55.58,Express,High,Arrival,T2,49,53.03,106.58,25,7,Loader,60.74,75.56,45,59.54,0,Rain,3980.09,221.51,37.24,1,35.93,88.42,Baseline,Low Efficiency
4334,2024-02-27 16:17:00,FL4192,79.06,Hazardous,Critical,Arrival,T2,31,168.81,117.34,19,4,Forklift,44.36,30.91,15,60.03,1,Storm,2620.99,393.92,17.15,0,80.83,69.98,Adaptive,Low Efficiency
4335,2024-11-03 11:10:00,FL6152,48.81,Perishable,Medium,Departure,T4,31,21.5,100.51,38,1,Crane,68.57,76.25,7,5.12,1,Clear,4558.72,1070.93,50.81,0,48.41,96.81,Adaptive,Low Efficiency
4336,2024-06-23 10:38:00,FL7400,11.28,Perishable,Low,Departure,T3,1,113.42,8.65,47,6,Forklift,74.27,84.74,81,23.93,0,Storm,1507.81,1077.31,39.57,0,61.83,26.75,Optimized,Low Efficiency
4337,2024-07-16 23:11:00,FL6830,73.94,Express,Medium,Departure,T3,11,159.32,79.96,24,11,Forklift,76.68,51.18,83,59.06,0,Clear,1463.99,952.63,66.63,0,122.26,68.8,Adaptive,Low Efficiency
4338,2024-07-26 07:05:00,FL3122,108.78,Perishable,High,Arrival,T1,6,49.81,62.0,48,12,Loader,44.43,82.2,27,82.09,1,Rain,3012.06,511.65,10.26,0,16.67,102.67,Baseline,Low Efficiency
4339,2024-07-14 18:00:00,FL2595,49.07,Express,Low,Arrival,T3,23,114.4,112.86,35,11,Crane,68.99,41.58,40,70.08,0,Clear,4185.71,328.56,84.76,0,46.04,116.82,Optimized,Low Efficiency
4340,2024-10-27 16:01:00,FL6428,29.88,General,Low,Departure,T3,9,28.1,108.75,19,10,Conveyor,79.35,97.23,17,52.21,0,Fog,779.46,420.34,58.58,0,120.48,110.98,Baseline,Low Efficiency
4341,2024-05-16 21:32:00,FL7672,55.9,General,Low,Departure,T3,16,150.33,118.63,32,7,Conveyor,97.66,46.24,32,20.92,0,Clear,4031.14,1230.58,38.54,0,128.49,34.45,Optimized,Low Efficiency
4342,2024-02-19 20:29:00,FL9250,10.56,Hazardous,Medium,Departure,T2,38,63.91,104.12,10,6,Loader,41.5,64.19,16,85.4,1,Storm,4771.96,783.99,39.83,1,39.82,95.62,Adaptive,Low Efficiency
4343,2024-05-12 19:47:00,FL2654,99.36,Express,Critical,Departure,T1,44,178.2,67.89,7,12,Conveyor,80.58,98.63,63,36.33,0,Clear,2956.99,591.68,14.65,1,33.14,22.65,Adaptive,Low Efficiency
4344,2024-04-09 11:40:00,FL9227,100.03,Hazardous,High,Departure,T3,19,167.52,87.21,42,6,Conveyor,43.74,93.5,94,13.49,0,Fog,1461.01,290.28,34.49,0,121.9,93.44,Adaptive,Low Efficiency
4345,2024-07-29 21:02:00,FL3460,72.62,Hazardous,Critical,Departure,T3,45,137.2,115.94,27,8,Forklift,49.53,76.16,78,1.95,1,Fog,3342.52,649.61,23.04,0,110.43,114.43,Adaptive,Low Efficiency
4346,2024-03-21 08:37:00,FL1388,45.61,General,Low,Arrival,T3,13,99.49,71.48,7,14,Conveyor,50.4,55.84,60,85.51,1,Fog,1385.73,684.91,58.02,1,88.85,98.39,Baseline,Low Efficiency
4347,2024-11-27 13:41:00,FL7260,96.98,Hazardous,Critical,Arrival,T2,32,142.65,101.6,49,6,Crane,59.73,79.01,82,70.01,0,Storm,2257.12,1340.44,64.37,1,74.12,97.49,Adaptive,Low Efficiency
4348,2024-11-25 16:40:00,FL8814,68.79,Perishable,High,Arrival,T2,36,40.9,113.35,48,2,Forklift,89.88,62.22,86,19.47,0,Rain,3648.34,1416.16,100.59,0,132.54,101.44,Optimized,Moderate Efficiency
4349,2024-07-17 03:53:00,FL1612,99.98,Hazardous,Medium,Departure,T1,9,69.63,70.61,12,7,Conveyor,91.37,37.62,52,12.76,0,Clear,2216.11,1275.23,72.23,0,49.11,68.53,Adaptive,Low Efficiency
4350,2024-12-24 06:15:00,FL5753,77.62,Express,Critical,Departure,T4,46,24.3,23.3,6,13,Crane,62.5,85.72,80,86.35,0,Rain,2679.65,643.45,74.61,0,100.66,63.9,Baseline,Moderate Efficiency
4351,2024-05-16 17:51:00,FL3641,95.21,Perishable,Low,Departure,T1,46,123.2,22.89,11,10,Forklift,65.88,91.01,49,21.67,0,Rain,2953.64,882.84,20.7,0,140.2,72.29,Baseline,Low Efficiency
4352,2024-08-21 11:39:00,FL3482,73.83,General,Critical,Arrival,T2,49,148.89,18.26,21,14,Crane,53.02,58.53,49,41.57,1,Fog,2027.4,1277.66,48.57,0,34.07,39.58,Adaptive,Low Efficiency
4353,2024-01-15 02:57:00,FL8587,52.63,Express,Critical,Departure,T3,37,171.41,59.78,11,13,Loader,65.95,76.6,80,54.98,1,Clear,843.44,170.63,97.62,0,37.05,73.54,Adaptive,Low Efficiency
4354,2024-04-20 19:00:00,FL2290,115.16,Perishable,High,Arrival,T3,31,129.84,60.22,37,4,Loader,56.49,32.13,26,5.61,0,Rain,2799.04,845.97,74.27,0,26.63,136.64,Adaptive,Low Efficiency
4355,2024-02-06 03:22:00,FL2528,67.23,Express,Medium,Departure,T1,31,137.13,76.0,40,11,Conveyor,50.49,43.81,51,31.0,0,Storm,2695.16,658.08,51.29,0,47.38,50.7,Baseline,Low Efficiency
4356,2024-01-17 02:45:00,FL4794,74.59,Perishable,Low,Departure,T3,19,163.27,60.53,8,11,Crane,49.51,69.92,43,84.93,0,Storm,2419.22,633.45,57.41,1,89.64,70.35,Baseline,Low Efficiency
4357,2024-05-15 09:29:00,FL4533,30.36,Express,Medium,Departure,T2,2,169.82,116.9,48,3,Forklift,86.54,49.19,70,63.03,1,Storm,1330.18,590.13,22.75,0,56.11,100.44,Optimized,Low Efficiency
4358,2024-03-15 11:21:00,FL3307,76.95,Express,Medium,Arrival,T1,45,98.61,38.5,20,8,Crane,47.02,96.11,71,33.1,1,Storm,735.34,996.65,12.89,0,88.31,117.41,Adaptive,Low Efficiency
4359,2024-07-24 10:18:00,FL3638,70.73,Perishable,High,Arrival,T4,32,37.57,105.49,25,10,Crane,76.96,88.59,9,71.26,1,Storm,4219.87,684.26,25.87,0,77.62,11.27,Baseline,Low Efficiency
4360,2024-07-15 00:31:00,FL9218,26.26,General,High,Arrival,T2,43,94.63,16.54,22,12,Loader,50.05,75.85,44,75.35,1,Fog,2895.42,551.04,42.64,1,84.33,102.97,Adaptive,Low Efficiency
4361,2024-04-01 01:13:00,FL9459,11.85,General,Critical,Departure,T2,34,108.97,74.22,32,12,Loader,90.27,99.92,64,13.66,0,Rain,4911.31,892.82,41.15,0,143.27,30.08,Adaptive,Low Efficiency
4362,2024-11-15 05:53:00,FL9573,74.5,Express,Low,Arrival,T3,1,121.05,79.56,47,5,Conveyor,56.47,47.03,90,52.79,0,Clear,4900.21,622.38,87.35,0,38.98,114.15,Optimized,Low Efficiency
4363,2024-01-06 23:22:00,FL6593,92.82,Express,High,Departure,T2,21,178.29,93.81,20,4,Crane,42.69,94.34,2,33.01,0,Fog,3110.33,148.57,27.65,0,103.89,29.03,Optimized,Low Efficiency
4364,2024-06-18 12:39:00,FL8331,65.19,General,Critical,Departure,T2,3,166.81,62.85,26,11,Crane,67.12,51.32,36,45.62,0,Rain,2705.55,684.68,93.51,0,76.48,115.01,Baseline,Low Efficiency
4365,2024-03-06 16:18:00,FL3149,31.08,General,High,Arrival,T4,27,83.42,27.68,10,4,Forklift,99.99,71.76,3,42.22,0,Storm,1339.03,374.53,88.0,0,105.14,142.4,Optimized,Moderate Efficiency
4366,2024-04-19 17:23:00,FL6554,81.65,Hazardous,Low,Arrival,T3,44,38.15,47.43,34,5,Forklift,88.79,60.41,54,45.34,0,Clear,2207.01,239.88,26.66,0,93.74,41.3,Baseline,Low Efficiency
4367,2024-01-11 17:20:00,FL5765,14.21,General,Low,Departure,T2,7,54.37,36.3,49,12,Loader,74.22,61.03,21,46.98,0,Storm,4034.44,1321.64,82.67,1,115.88,11.22,Adaptive,Moderate Efficiency
4368,2024-12-25 09:55:00,FL6903,55.81,Express,Low,Departure,T3,33,47.81,53.2,32,4,Crane,51.37,83.38,67,6.23,1,Storm,4834.51,1068.55,46.07,1,84.73,25.53,Baseline,Low Efficiency
4369,2024-06-07 03:38:00,FL8059,23.79,Perishable,High,Departure,T2,9,76.96,65.95,21,3,Conveyor,47.05,54.33,9,15.99,0,Clear,3199.23,633.24,21.7,0,108.25,138.7,Optimized,Low Efficiency
4370,2024-09-05 23:21:00,FL1655,26.21,General,High,Departure,T4,30,160.24,76.88,40,4,Loader,90.31,65.53,12,50.96,1,Rain,3275.99,1479.38,78.52,0,112.94,75.85,Baseline,Low Efficiency
4371,2024-11-02 00:16:00,FL7350,28.26,Hazardous,Critical,Arrival,T3,18,90.07,102.19,16,10,Crane,87.26,44.82,72,84.24,0,Clear,4741.06,614.07,97.23,0,34.93,85.27,Adaptive,Low Efficiency
4372,2024-08-14 21:11:00,FL4917,49.47,Hazardous,Medium,Arrival,T3,26,110.76,109.65,44,13,Loader,67.73,83.44,37,67.19,0,Fog,1071.24,442.24,115.87,0,139.49,31.43,Adaptive,Low Efficiency
4373,2024-12-28 22:05:00,FL4421,10.88,Hazardous,Medium,Arrival,T4,20,48.67,58.2,16,13,Conveyor,65.28,68.64,85,21.48,1,Storm,3253.28,762.91,70.52,0,111.44,148.19,Adaptive,Low Efficiency
4374,2024-09-27 10:38:00,FL2228,50.75,Perishable,High,Departure,T1,38,98.86,15.2,40,5,Crane,84.92,47.85,37,32.55,1,Fog,3134.42,1423.79,72.31,0,23.55,35.55,Baseline,Low Efficiency
4375,2024-12-03 15:28:00,FL3496,63.85,General,High,Departure,T2,41,159.78,96.66,44,12,Conveyor,72.16,48.62,67,30.18,0,Fog,1422.93,1029.58,60.95,0,130.52,94.32,Adaptive,Low Efficiency
4376,2024-01-24 02:38:00,FL9151,60.58,General,Critical,Departure,T2,31,143.75,59.87,33,2,Crane,64.25,50.55,56,69.26,0,Fog,3982.17,1122.83,43.95,1,36.7,89.72,Optimized,Low Efficiency
4377,2024-08-28 11:30:00,FL2595,49.02,General,High,Arrival,T1,8,32.99,67.84,6,7,Crane,55.1,78.95,85,87.5,1,Storm,1036.41,331.41,25.74,0,92.09,19.16,Baseline,Low Efficiency
4378,2024-02-28 10:00:00,FL1244,101.5,Perishable,Medium,Departure,T3,23,157.93,73.52,33,14,Conveyor,47.35,71.66,63,31.99,0,Storm,784.59,156.2,43.02,0,53.84,149.5,Baseline,Low Efficiency
4379,2024-04-16 09:04:00,FL3336,21.71,Perishable,High,Departure,T3,25,63.81,81.8,34,14,Forklift,75.69,87.56,26,1.33,0,Rain,2687.61,851.98,46.73,0,90.61,87.01,Adaptive,Low Efficiency
4380,2024-02-10 19:20:00,FL6071,63.16,Express,Critical,Arrival,T4,47,126.51,107.36,40,5,Conveyor,89.56,70.01,88,84.32,0,Rain,1848.75,562.46,90.99,0,134.34,31.78,Optimized,Low Efficiency
4381,2024-07-13 01:29:00,FL9964,12.13,Hazardous,Medium,Arrival,T4,1,43.42,114.5,48,9,Conveyor,84.77,51.47,46,67.79,0,Clear,2462.61,159.72,24.16,0,134.69,115.67,Baseline,Low Efficiency
4382,2024-10-12 18:04:00,FL2428,13.18,Hazardous,Low,Departure,T4,46,127.94,113.12,29,14,Loader,81.78,97.4,53,75.09,0,Clear,1006.66,1354.62,30.54,0,120.05,64.94,Baseline,Low Efficiency
4383,2024-02-21 23:32:00,FL9174,70.99,General,Low,Arrival,T1,18,25.71,98.09,25,6,Conveyor,95.73,92.03,60,18.78,0,Storm,2535.81,135.14,116.93,0,124.06,103.81,Baseline,Moderate Efficiency
4384,2024-12-08 08:24:00,FL2541,70.09,Perishable,Low,Departure,T1,19,116.1,107.26,26,11,Conveyor,63.67,49.52,98,58.11,1,Clear,2478.22,117.72,17.8,1,81.08,41.28,Adaptive,Low Efficiency
4385,2024-05-12 05:45:00,FL8451,105.97,Perishable,High,Arrival,T3,42,123.35,10.71,14,1,Loader,48.23,93.89,32,20.94,0,Fog,4849.47,518.84,112.23,0,131.57,139.12,Optimized,Low Efficiency
4386,2024-05-19 22:48:00,FL6139,69.16,General,Low,Departure,T4,6,59.12,102.65,35,9,Forklift,46.12,80.41,91,1.05,1,Rain,3751.56,796.16,26.1,0,75.39,15.73,Baseline,Low Efficiency
4387,2024-07-01 02:27:00,FL3780,115.38,General,Low,Arrival,T3,17,169.92,13.31,13,5,Conveyor,97.3,59.03,62,14.14,1,Storm,4642.13,731.11,69.03,1,39.17,12.83,Optimized,Low Efficiency
4388,2024-10-04 20:32:00,FL5843,10.6,Express,Low,Arrival,T1,46,27.36,90.81,45,9,Loader,75.34,62.68,47,83.05,1,Rain,4015.55,603.97,53.58,0,135.71,131.08,Adaptive,Low Efficiency
4389,2024-01-10 04:28:00,FL3645,16.27,Hazardous,Medium,Arrival,T2,45,162.67,24.48,43,1,Forklift,88.65,61.25,61,19.38,0,Clear,4045.29,1309.29,54.02,1,74.34,86.19,Adaptive,Low Efficiency
4390,2024-03-29 19:25:00,FL2116,10.07,Hazardous,Medium,Arrival,T3,8,81.1,46.41,38,14,Forklift,72.13,85.78,94,52.66,0,Rain,4395.78,516.62,87.19,0,94.11,57.81,Optimized,Low Efficiency
4391,2024-06-30 06:55:00,FL5589,26.31,Hazardous,High,Departure,T1,42,134.23,26.18,43,2,Conveyor,63.91,42.29,4,87.12,1,Rain,1651.51,1013.91,82.15,1,97.71,29.76,Optimized,Low Efficiency
4392,2024-10-07 04:49:00,FL6952,67.25,Express,Low,Departure,T4,9,124.25,56.0,45,3,Forklift,52.02,34.11,2,6.81,1,Clear,2420.21,658.05,113.73,0,21.52,18.37,Adaptive,Low Efficiency
4393,2024-11-18 13:18:00,FL6789,79.24,General,Low,Arrival,T2,37,46.92,52.35,27,12,Conveyor,91.38,64.89,23,72.71,0,Rain,4438.44,644.14,89.02,1,59.56,51.37,Optimized,Moderate Efficiency
4394,2024-06-28 23:28:00,FL2461,10.24,General,Medium,Departure,T2,27,71.04,10.53,16,5,Forklift,43.81,50.33,55,53.78,0,Storm,801.14,1405.93,76.77,0,60.23,123.55,Optimized,Low Efficiency
4395,2024-01-25 09:38:00,FL2165,113.79,Hazardous,Medium,Arrival,T2,36,104.75,100.51,11,14,Forklift,94.01,69.47,41,29.11,1,Fog,748.07,1076.43,29.35,0,110.34,36.95,Baseline,Low Efficiency
4396,2024-05-25 00:55:00,FL3935,101.85,Hazardous,Low,Arrival,T4,6,155.44,103.23,36,6,Forklift,52.3,98.47,68,32.78,1,Rain,3415.77,853.49,62.43,1,104.81,147.13,Optimized,Low Efficiency
4397,2024-12-01 13:40:00,FL8548,39.11,Express,Low,Departure,T2,6,172.78,95.56,23,5,Conveyor,40.57,77.0,37,2.45,0,Storm,4593.02,344.47,64.69,0,148.45,120.82,Adaptive,Low Efficiency
4398,2024-03-09 10:04:00,FL5226,13.88,Perishable,Critical,Departure,T1,45,23.29,102.47,26,1,Forklift,46.23,97.15,11,23.03,1,Fog,4073.91,292.63,80.28,0,112.35,11.65,Adaptive,Low Efficiency
4399,2024-05-31 18:52:00,FL8753,24.54,Perishable,High,Departure,T3,4,76.41,91.35,20,4,Crane,93.01,81.24,36,38.11,0,Storm,4095.56,371.11,50.27,0,41.18,86.95,Adaptive,Low Efficiency
4400,2024-12-10 07:13:00,FL5194,19.6,Hazardous,Low,Departure,T2,22,126.9,112.81,12,6,Loader,44.42,35.31,15,64.52,0,Storm,2119.89,977.71,25.99,0,58.4,65.42,Optimized,Low Efficiency
4401,2024-10-10 08:24:00,FL8242,19.18,Express,Low,Departure,T2,40,104.44,71.29,34,4,Loader,61.31,92.25,67,24.73,1,Fog,3162.65,178.43,106.63,0,33.39,72.16,Optimized,Low Efficiency
4402,2024-08-15 06:30:00,FL3301,64.63,Hazardous,Critical,Departure,T1,27,170.88,72.0,10,4,Crane,55.02,43.92,30,52.23,0,Clear,3971.69,749.74,13.57,0,130.68,72.1,Baseline,Low Efficiency
4403,2024-08-23 05:56:00,FL3031,33.27,Perishable,High,Departure,T4,37,22.72,103.89,6,5,Forklift,42.21,90.54,57,65.85,0,Storm,4071.83,743.65,24.84,0,128.42,129.16,Baseline,Low Efficiency
4404,2024-04-25 11:56:00,FL8999,46.19,Hazardous,Medium,Arrival,T2,2,90.04,45.18,38,8,Crane,71.89,82.44,62,62.87,1,Clear,3112.63,1384.93,60.18,0,137.9,105.99,Optimized,Low Efficiency
4405,2024-01-31 17:15:00,FL1648,118.79,Perishable,High,Departure,T1,9,127.01,10.76,33,5,Conveyor,99.9,88.7,87,53.13,0,Clear,4101.72,617.89,107.77,0,102.37,50.7,Optimized,Moderate Efficiency
4406,2024-03-29 22:34:00,FL6955,83.7,Perishable,High,Arrival,T1,11,54.81,91.23,44,7,Loader,91.18,47.75,33,52.22,0,Rain,621.23,1355.23,21.28,0,47.64,82.19,Optimized,Low Efficiency
4407,2024-07-03 10:57:00,FL5696,114.13,Perishable,High,Departure,T4,20,136.14,34.28,46,8,Forklift,50.13,86.52,65,64.91,1,Clear,4741.66,961.11,91.14,1,135.53,78.18,Baseline,Low Efficiency
4408,2024-12-16 10:05:00,FL7568,21.39,General,Medium,Departure,T4,43,33.0,59.54,47,6,Loader,93.06,72.72,1,30.2,0,Storm,4417.6,646.14,41.52,1,48.18,50.19,Adaptive,Low Efficiency
4409,2024-08-05 14:08:00,FL7701,48.95,General,Medium,Arrival,T3,39,92.17,32.65,24,6,Crane,67.11,35.73,3,40.52,0,Storm,733.76,837.22,18.35,1,63.77,96.87,Adaptive,Low Efficiency
4410,2024-05-24 16:56:00,FL3113,68.79,Hazardous,Low,Arrival,T2,14,128.2,100.12,7,14,Crane,56.4,92.24,9,86.96,0,Fog,2386.97,231.91,108.45,1,13.06,98.43,Baseline,Low Efficiency
4411,2024-09-19 10:54:00,FL8222,13.83,Perishable,Critical,Arrival,T3,26,62.68,115.2,39,2,Loader,78.42,91.38,32,60.17,1,Clear,4637.64,1345.47,116.96,0,90.92,25.03,Optimized,Moderate Efficiency
4412,2024-02-07 22:17:00,FL7008,5.48,General,High,Arrival,T1,38,31.82,11.33,12,13,Loader,53.0,70.04,77,46.79,0,Fog,2807.57,984.1,24.5,0,70.98,22.48,Optimized,Low Efficiency
4413,2024-06-07 14:07:00,FL9396,82.1,Hazardous,Low,Departure,T2,30,173.12,31.84,16,13,Loader,92.78,61.68,45,52.05,0,Storm,911.53,709.86,108.57,0,100.71,14.15,Baseline,Low Efficiency
4414,2024-03-23 05:34:00,FL6138,78.81,Hazardous,Critical,Departure,T1,36,166.21,26.8,49,10,Loader,77.45,58.04,95,9.4,0,Fog,4849.34,1186.03,81.29,0,145.51,92.92,Adaptive,Low Efficiency
4415,2024-06-20 19:48:00,FL7122,52.24,Hazardous,Critical,Arrival,T1,38,168.22,82.42,47,5,Crane,48.16,72.19,57,53.28,1,Rain,2113.22,666.29,32.16,0,18.02,149.42,Baseline,Low Efficiency
4416,2024-11-12 03:31:00,FL2367,61.31,Hazardous,Critical,Arrival,T1,35,176.56,54.3,36,1,Forklift,74.24,88.92,21,75.28,1,Fog,2823.11,745.38,83.87,1,22.81,137.21,Adaptive,Low Efficiency
4417,2024-08-24 07:17:00,FL7769,52.78,Hazardous,Critical,Departure,T4,6,49.55,57.47,33,9,Loader,70.62,69.61,23,47.13,1,Rain,3343.8,690.83,99.25,1,88.98,74.54,Baseline,Moderate Efficiency
4418,2024-01-11 23:19:00,FL9289,7.76,Express,Critical,Departure,T4,3,45.24,23.06,49,7,Forklift,68.29,39.08,77,15.92,1,Rain,4245.96,1495.17,64.32,0,149.71,54.64,Baseline,Low Efficiency
4419,2024-05-01 20:50:00,FL8374,43.57,Perishable,Low,Arrival,T2,1,25.47,52.69,25,2,Loader,61.9,51.43,26,40.34,1,Clear,4429.05,1178.25,110.03,0,50.32,112.66,Adaptive,Moderate Efficiency
4420,2024-07-20 01:11:00,FL5306,25.36,Hazardous,High,Departure,T1,18,162.69,39.87,7,6,Conveyor,68.45,76.78,89,25.02,0,Storm,3438.91,1400.31,68.14,0,85.1,56.94,Optimized,Low Efficiency
4421,2024-03-28 03:01:00,FL1699,16.32,Express,High,Departure,T1,23,140.44,75.29,42,10,Forklift,75.16,75.28,72,32.38,0,Rain,4767.88,631.51,30.4,0,38.52,14.86,Baseline,Low Efficiency
4422,2024-10-15 05:15:00,FL1934,115.02,Perishable,Low,Arrival,T2,32,121.32,29.98,31,9,Conveyor,84.01,66.32,30,20.25,0,Storm,1485.58,786.24,88.02,1,84.16,82.43,Baseline,Low Efficiency
4423,2024-06-26 00:17:00,FL5011,73.93,General,Low,Arrival,T3,29,168.43,75.7,7,12,Crane,95.07,46.83,69,30.05,0,Fog,4571.75,381.9,84.46,0,35.67,54.9,Optimized,Low Efficiency
4424,2024-01-07 12:03:00,FL1130,88.8,Hazardous,Critical,Arrival,T1,23,112.01,48.44,5,5,Conveyor,42.66,48.94,24,73.95,0,Fog,1355.42,114.19,80.45,1,34.8,16.19,Adaptive,Low Efficiency
4425,2024-01-31 13:53:00,FL3532,41.27,Express,Low,Arrival,T4,36,40.76,44.82,24,3,Crane,74.16,63.9,74,68.19,0,Fog,4524.98,372.69,106.78,1,57.42,116.36,Baseline,Moderate Efficiency
4426,2024-12-12 01:57:00,FL2725,50.21,General,Critical,Departure,T3,6,48.3,40.14,11,11,Loader,85.12,57.61,83,44.15,0,Fog,1471.48,1400.5,68.07,0,141.55,90.24,Optimized,Moderate Efficiency
4427,2024-04-22 20:40:00,FL5762,32.25,Express,Low,Arrival,T3,17,41.15,82.49,45,10,Crane,46.93,52.12,64,70.43,0,Fog,3736.62,738.92,87.47,0,102.32,58.86,Optimized,Low Efficiency
4428,2024-09-27 10:39:00,FL7157,16.15,Perishable,Low,Departure,T3,18,69.23,69.68,5,11,Loader,94.69,88.06,35,87.8,0,Clear,4176.31,283.18,115.01,1,62.03,68.35,Optimized,Moderate Efficiency
4429,2024-03-06 03:46:00,FL3592,25.59,Perishable,Medium,Departure,T3,31,80.72,102.95,14,4,Loader,54.7,65.28,22,36.55,0,Clear,2257.38,733.6,25.15,0,99.41,20.95,Adaptive,Low Efficiency
4430,2024-06-30 02:44:00,FL7541,96.71,General,Low,Departure,T3,6,147.49,32.79,49,3,Loader,90.0,65.21,39,88.2,0,Rain,1010.74,1209.83,52.52,0,37.93,27.3,Baseline,Low Efficiency
4431,2024-04-24 19:58:00,FL2195,82.92,Express,High,Departure,T3,34,50.6,9.61,16,1,Crane,79.72,59.96,55,22.13,1,Storm,2131.3,801.11,34.07,0,99.25,68.67,Baseline,Low Efficiency
4432,2024-12-30 00:43:00,FL4654,67.9,Hazardous,Medium,Arrival,T2,44,136.06,25.93,8,10,Loader,73.57,77.66,7,85.91,1,Fog,777.3,1411.55,45.62,0,138.84,31.18,Optimized,Low Efficiency
4433,2024-03-07 13:21:00,FL7360,59.64,Hazardous,Low,Departure,T2,44,98.6,44.49,11,14,Conveyor,92.15,42.3,62,77.8,1,Storm,3466.89,1357.71,66.16,0,141.17,36.6,Optimized,Low Efficiency
4434,2024-09-03 10:21:00,FL8573,111.08,General,Low,Arrival,T3,27,179.95,25.66,14,11,Conveyor,98.15,96.05,39,17.92,0,Fog,3637.27,762.55,103.0,0,92.11,61.62,Optimized,Low Efficiency
4435,2024-02-13 17:29:00,FL2531,13.36,General,Medium,Departure,T4,36,144.25,14.6,26,13,Loader,99.83,37.32,20,31.49,1,Rain,1707.47,216.14,53.95,0,133.14,83.36,Adaptive,Low Efficiency
4436,2024-02-13 12:38:00,FL6716,37.27,General,Low,Arrival,T2,48,175.03,56.21,29,7,Loader,81.0,79.72,56,63.71,0,Clear,3432.17,1086.23,71.37,1,64.22,88.05,Baseline,Low Efficiency
4437,2024-09-15 21:07:00,FL8632,45.24,Express,High,Departure,T2,42,74.78,82.85,33,8,Forklift,60.35,79.3,96,17.25,0,Rain,763.3,598.93,99.35,0,133.98,78.53,Optimized,Low Efficiency
4438,2024-04-22 01:55:00,FL8675,94.98,Hazardous,Medium,Departure,T3,25,39.69,91.43,43,2,Crane,92.48,37.98,66,53.16,1,Storm,641.9,1200.02,112.09,0,56.78,20.21,Baseline,Moderate Efficiency
4439,2024-03-19 04:48:00,FL9767,119.14,Hazardous,Low,Arrival,T4,10,100.94,50.85,19,8,Forklift,79.26,99.51,15,48.13,1,Storm,2336.04,532.42,48.46,1,108.44,21.18,Adaptive,Low Efficiency
4440,2024-04-01 14:59:00,FL8616,32.68,Hazardous,Medium,Arrival,T3,39,39.88,59.98,23,12,Conveyor,59.4,32.4,74,26.27,0,Fog,2679.99,562.87,29.58,0,138.65,38.8,Adaptive,Low Efficiency
4441,2024-12-21 05:40:00,FL2787,105.55,General,Low,Arrival,T4,46,98.79,91.88,43,9,Crane,95.94,55.53,21,27.05,1,Clear,583.75,859.25,74.04,1,89.1,132.64,Optimized,Low Efficiency
4442,2024-06-18 10:17:00,FL2406,100.52,Hazardous,Low,Arrival,T4,39,63.19,45.56,22,7,Conveyor,84.86,59.73,79,46.47,1,Storm,3154.62,134.86,108.54,0,48.44,25.62,Baseline,Moderate Efficiency
4443,2024-08-18 15:25:00,FL3953,30.84,Perishable,Low,Departure,T1,12,98.57,95.25,46,11,Crane,67.17,86.2,34,26.99,1,Rain,4247.4,337.52,37.33,0,107.71,111.1,Optimized,Low Efficiency
4444,2024-09-09 21:49:00,FL2775,50.92,General,Critical,Departure,T2,11,171.94,116.25,7,1,Crane,67.27,32.09,35,16.22,1,Rain,2347.3,1291.98,64.94,1,25.79,124.71,Baseline,Low Efficiency
4445,2024-11-15 11:10:00,FL7503,52.11,Hazardous,Critical,Departure,T3,49,66.25,106.26,10,4,Crane,99.76,68.99,5,69.6,0,Fog,3861.73,1439.2,63.46,0,58.41,24.69,Baseline,Low Efficiency
4446,2024-05-20 12:18:00,FL8096,117.5,Express,High,Departure,T2,43,178.95,57.16,26,7,Conveyor,62.42,44.28,56,52.36,1,Fog,1180.06,368.92,111.98,0,135.42,93.54,Optimized,Low Efficiency
4447,2024-01-16 13:10:00,FL4268,25.8,General,Medium,Departure,T2,3,56.69,71.64,45,6,Loader,45.64,70.08,83,39.39,1,Clear,2883.13,1181.45,60.24,1,113.18,117.67,Adaptive,Low Efficiency
4448,2024-10-02 01:59:00,FL7578,96.9,Perishable,Low,Arrival,T4,22,53.3,87.39,35,11,Conveyor,72.31,75.24,7,16.31,1,Fog,4051.2,256.61,68.99,0,17.65,122.45,Baseline,Low Efficiency
4449,2024-09-17 19:25:00,FL6385,43.43,Perishable,Medium,Arrival,T2,4,107.17,45.17,25,14,Crane,93.09,32.39,53,53.49,0,Rain,3569.18,761.77,25.21,0,90.33,14.06,Baseline,Low Efficiency
4450,2024-04-08 02:36:00,FL2056,89.05,Express,High,Departure,T1,8,154.73,96.91,12,8,Conveyor,75.07,34.72,44,56.57,0,Fog,4008.43,811.86,60.41,0,44.75,84.93,Optimized,Low Efficiency
4451,2024-07-01 13:14:00,FL6198,53.3,Express,Critical,Arrival,T3,14,139.92,55.25,5,6,Conveyor,87.59,35.97,58,43.18,1,Rain,3745.11,889.22,47.6,1,11.89,36.09,Baseline,Low Efficiency
4452,2024-01-29 18:06:00,FL6610,71.51,General,Low,Departure,T2,20,135.77,102.39,7,10,Forklift,43.29,89.66,42,33.55,1,Storm,1044.63,606.01,34.38,0,47.43,134.5,Optimized,Low Efficiency
4453,2024-12-19 09:16:00,FL8967,100.75,General,Low,Departure,T3,24,65.22,34.29,33,6,Crane,80.4,94.87,18,78.05,0,Fog,962.01,1298.57,65.95,1,118.36,75.08,Optimized,Low Efficiency
4454,2024-11-14 13:52:00,FL4483,97.48,Perishable,High,Arrival,T2,14,23.6,6.31,10,10,Conveyor,44.75,60.64,6,63.43,1,Clear,4889.94,524.84,94.8,0,66.33,68.2,Adaptive,Moderate Efficiency
4455,2024-08-02 14:30:00,FL8802,104.64,Express,High,Departure,T3,28,45.88,77.76,37,6,Crane,73.38,91.24,4,32.06,0,Clear,2670.38,779.32,29.44,0,47.22,38.95,Optimized,Low Efficiency
4456,2024-12-22 20:58:00,FL2873,11.86,General,High,Arrival,T3,16,75.92,56.97,22,7,Conveyor,69.87,63.33,69,53.38,0,Clear,3795.78,371.37,25.57,0,149.85,37.47,Adaptive,Low Efficiency
4457,2024-05-18 04:34:00,FL5560,84.59,Perishable,High,Departure,T3,32,175.47,11.88,46,5,Forklift,96.74,58.08,14,21.04,0,Fog,3566.91,901.99,23.67,0,90.77,148.77,Baseline,Low Efficiency
4458,2024-05-15 21:32:00,FL8447,21.1,Express,Critical,Arrival,T2,47,167.16,61.08,5,12,Conveyor,47.95,67.19,41,1.03,0,Storm,699.32,376.04,93.94,0,41.07,19.47,Optimized,Low Efficiency
4459,2024-09-10 03:52:00,FL1627,52.82,Perishable,Medium,Departure,T1,12,52.1,24.39,26,11,Loader,40.57,85.31,47,78.2,0,Storm,2734.91,438.11,96.69,0,38.41,15.89,Optimized,Low Efficiency
4460,2024-08-23 16:43:00,FL9930,68.09,Hazardous,Critical,Departure,T3,16,136.1,77.42,35,9,Crane,48.24,45.66,97,73.7,1,Clear,2846.17,712.31,107.76,0,24.46,47.23,Baseline,Low Efficiency
4461,2024-12-07 01:47:00,FL3551,51.32,Express,Critical,Arrival,T4,19,112.64,56.18,27,7,Forklift,50.24,51.12,53,57.55,1,Storm,4138.66,488.86,116.05,0,95.64,61.31,Baseline,Low Efficiency
4462,2024-07-19 11:38:00,FL8699,64.76,General,High,Departure,T4,5,27.97,24.68,12,1,Conveyor,55.05,89.42,21,73.02,0,Rain,4829.81,156.18,51.52,1,133.1,64.35,Baseline,Low Efficiency
4463,2024-04-26 18:12:00,FL3384,119.6,General,Medium,Departure,T4,12,79.47,52.37,33,11,Forklift,88.91,94.12,13,70.27,0,Fog,1802.44,1215.0,47.45,1,130.39,36.85,Baseline,Low Efficiency
4464,2024-02-20 03:42:00,FL4497,20.55,Hazardous,Low,Arrival,T1,29,97.77,31.76,48,12,Conveyor,62.61,38.61,66,77.42,1,Storm,764.83,1248.2,119.06,0,141.59,141.47,Optimized,Moderate Efficiency
4465,2024-04-22 21:15:00,FL6245,82.68,Express,Medium,Arrival,T3,5,126.81,80.11,23,12,Crane,90.45,79.35,15,80.27,0,Storm,2638.87,1361.0,25.64,0,13.23,136.3,Adaptive,Low Efficiency
4466,2024-11-23 05:33:00,FL1513,50.54,Perishable,Medium,Arrival,T1,42,67.18,38.94,20,14,Conveyor,56.32,30.67,80,73.69,0,Storm,634.31,1471.84,14.59,0,88.58,79.62,Adaptive,Low Efficiency
4467,2024-08-03 07:15:00,FL7230,20.3,General,Critical,Departure,T3,17,169.41,99.53,23,9,Forklift,91.63,47.23,99,76.66,0,Clear,2234.39,258.54,52.37,0,138.36,115.51,Adaptive,Low Efficiency
4468,2024-07-10 18:21:00,FL2022,23.25,Hazardous,Low,Arrival,T1,47,92.3,6.63,41,11,Loader,40.49,34.8,45,45.15,1,Fog,1729.67,484.31,19.69,1,136.04,41.47,Baseline,Low Efficiency
4469,2024-09-24 07:45:00,FL6922,114.17,Hazardous,Low,Arrival,T3,8,59.76,51.39,26,6,Forklift,96.07,66.08,84,63.72,1,Storm,1593.39,982.87,52.16,1,47.94,129.67,Baseline,Low Efficiency
4470,2024-11-26 15:36:00,FL8046,106.15,Express,High,Arrival,T4,40,70.63,75.96,23,11,Loader,84.76,54.04,65,29.99,1,Fog,507.25,1326.92,55.28,1,80.27,67.67,Baseline,Low Efficiency
4471,2024-01-01 12:34:00,FL8756,109.31,Express,Low,Departure,T3,40,140.3,7.6,8,8,Loader,64.76,39.63,46,77.5,0,Storm,1627.82,327.24,80.26,0,23.43,28.69,Adaptive,Low Efficiency
4472,2024-10-03 00:15:00,FL4496,119.03,General,Medium,Arrival,T1,30,122.45,29.82,9,9,Crane,74.64,30.02,3,77.27,1,Rain,1939.63,776.96,91.86,0,48.39,121.03,Baseline,Low Efficiency
4473,2024-05-15 02:26:00,FL1886,28.96,Hazardous,Medium,Departure,T3,10,138.75,42.65,9,11,Forklift,95.98,57.19,17,5.95,1,Fog,4599.66,1470.3,81.26,0,148.88,77.3,Optimized,Low Efficiency
4474,2024-01-14 15:09:00,FL4465,45.88,Perishable,High,Departure,T2,20,66.77,7.51,29,11,Conveyor,74.95,50.61,17,31.23,0,Fog,897.16,563.44,87.79,0,91.91,94.99,Adaptive,Moderate Efficiency
4475,2024-09-22 02:40:00,FL1375,81.96,Hazardous,Low,Arrival,T3,45,72.3,67.87,28,14,Loader,53.71,33.27,84,15.43,0,Fog,3951.46,787.54,50.59,1,149.83,138.33,Optimized,Low Efficiency
4476,2024-06-22 21:05:00,FL7929,60.64,Perishable,Critical,Departure,T4,16,83.48,77.55,5,2,Forklift,74.37,89.62,20,12.22,1,Rain,3761.88,1071.32,60.22,0,12.32,90.13,Baseline,Low Efficiency
4477,2024-08-21 12:32:00,FL5421,53.11,Perishable,Medium,Departure,T3,41,50.17,31.17,32,2,Crane,92.29,58.75,4,37.34,0,Clear,1968.13,690.42,88.58,0,145.99,47.27,Baseline,Moderate Efficiency
4478,2024-02-16 02:58:00,FL5129,46.15,General,Critical,Departure,T2,16,130.57,67.5,25,5,Conveyor,99.25,84.23,75,56.31,0,Storm,4581.43,1104.56,26.21,0,59.55,58.01,Baseline,Low Efficiency
4479,2024-10-09 03:53:00,FL3885,73.28,Hazardous,Medium,Departure,T2,42,72.7,119.9,23,14,Conveyor,75.04,59.54,15,30.94,0,Clear,3448.9,306.72,88.33,1,21.61,129.9,Adaptive,Low Efficiency
4480,2024-05-18 06:12:00,FL2369,71.19,Perishable,Low,Departure,T2,3,72.2,107.0,27,5,Conveyor,49.34,34.73,57,27.83,0,Fog,936.49,422.84,114.67,0,22.54,123.81,Optimized,Low Efficiency
4481,2024-12-28 07:18:00,FL3322,23.57,Express,Low,Arrival,T1,23,63.1,11.75,18,12,Forklift,86.31,57.6,45,8.5,0,Clear,1418.06,641.65,29.32,0,58.15,113.55,Optimized,Low Efficiency
4482,2024-04-22 05:38:00,FL2134,59.25,Perishable,Low,Arrival,T2,22,92.45,19.71,10,10,Forklift,99.81,92.03,27,34.46,1,Fog,2305.1,1477.47,53.39,0,76.32,28.05,Adaptive,Low Efficiency
4483,2024-07-25 04:02:00,FL5487,68.65,Express,Medium,Arrival,T1,28,143.52,61.86,36,10,Conveyor,68.42,30.54,88,42.39,0,Storm,4852.82,588.28,73.95,0,21.94,37.21,Adaptive,Low Efficiency
4484,2024-08-22 21:50:00,FL7636,70.58,Express,Low,Departure,T2,46,153.7,33.2,36,2,Crane,63.02,92.67,20,35.88,0,Clear,1689.9,1381.76,89.0,0,129.22,108.42,Optimized,Low Efficiency
4485,2024-10-25 09:51:00,FL2338,29.16,Hazardous,Medium,Arrival,T1,45,148.72,14.31,12,10,Conveyor,73.15,75.97,79,61.21,1,Storm,2426.97,1324.82,37.72,0,78.04,48.93,Adaptive,Low Efficiency
4486,2024-08-22 11:46:00,FL5887,90.36,Express,Medium,Departure,T2,36,119.39,34.27,41,4,Conveyor,49.89,99.69,6,25.93,0,Storm,3023.02,1158.13,74.3,0,61.09,109.59,Adaptive,Low Efficiency
4487,2024-03-21 10:30:00,FL8396,7.9,Perishable,Low,Departure,T2,4,64.87,12.04,26,9,Crane,98.28,94.13,18,64.44,1,Clear,2099.82,618.48,112.86,1,83.01,107.08,Adaptive,Moderate Efficiency
4488,2024-03-11 02:12:00,FL7876,45.81,Express,Low,Departure,T3,38,137.58,65.94,12,4,Crane,90.3,90.83,86,79.45,1,Rain,3654.38,562.62,49.32,0,78.26,92.41,Baseline,Low Efficiency
4489,2024-02-18 13:18:00,FL9597,94.72,Hazardous,High,Departure,T2,24,26.3,61.38,42,1,Crane,46.78,32.63,49,53.21,0,Rain,3474.01,995.57,72.6,1,24.44,148.37,Baseline,Low Efficiency
4490,2024-02-01 21:03:00,FL4507,69.85,General,Critical,Arrival,T3,19,147.7,5.73,14,5,Conveyor,96.7,49.62,85,34.98,0,Rain,771.83,425.59,78.65,1,17.02,132.42,Baseline,Low Efficiency
4491,2024-04-04 11:58:00,FL5250,35.03,Perishable,Low,Departure,T2,11,144.84,60.49,7,2,Crane,96.57,56.23,24,16.17,0,Clear,2429.36,604.72,107.6,0,105.0,26.89,Optimized,Low Efficiency
4492,2024-05-10 01:56:00,FL4015,84.92,Perishable,Low,Arrival,T2,40,127.2,64.78,17,14,Forklift,58.98,78.99,81,83.92,1,Clear,4014.87,1241.19,44.2,0,78.27,112.66,Adaptive,Low Efficiency
4493,2024-01-23 18:32:00,FL1880,70.25,Hazardous,Critical,Arrival,T3,46,35.67,74.66,43,6,Crane,77.15,75.4,11,67.67,0,Clear,3379.6,395.0,106.02,0,13.43,128.8,Baseline,Moderate Efficiency
4494,2024-05-27 03:35:00,FL2514,96.57,Hazardous,Low,Departure,T3,40,179.57,116.56,34,1,Conveyor,46.65,42.02,18,22.18,0,Clear,2570.84,1259.37,84.08,0,103.35,132.07,Optimized,Low Efficiency
4495,2024-03-18 22:55:00,FL8021,89.53,Hazardous,Critical,Arrival,T1,46,141.03,118.01,8,7,Loader,45.05,81.58,35,13.56,1,Rain,3784.41,872.82,88.86,1,108.79,82.0,Baseline,Low Efficiency
4496,2024-12-19 10:27:00,FL6603,75.16,Hazardous,Low,Arrival,T4,39,137.57,65.6,49,7,Loader,70.11,40.89,55,4.44,0,Rain,3517.2,816.19,17.29,0,145.8,130.07,Optimized,Low Efficiency
4497,2024-05-19 12:44:00,FL5864,61.14,Perishable,Critical,Arrival,T3,18,30.24,102.2,10,4,Forklift,42.98,61.95,95,17.15,0,Clear,4269.24,959.07,49.22,0,98.2,129.61,Adaptive,Low Efficiency
4498,2024-03-12 21:50:00,FL3695,20.32,General,Medium,Departure,T1,12,83.79,14.79,20,9,Loader,92.49,70.51,28,65.91,1,Storm,729.48,983.98,22.98,0,48.5,87.55,Adaptive,Low Efficiency
4499,2024-01-24 04:02:00,FL4253,35.05,Express,Critical,Departure,T2,14,33.79,66.08,26,3,Loader,95.69,90.95,88,56.66,0,Storm,2908.76,881.67,71.77,1,43.42,85.77,Adaptive,Moderate Efficiency
4500,2024-10-09 23:15:00,FL6722,53.2,Express,Medium,Departure,T3,47,77.77,83.07,31,5,Loader,44.04,74.19,36,87.07,1,Storm,3471.45,1082.0,102.14,0,74.05,96.14,Baseline,Low Efficiency
4501,2024-12-22 17:47:00,FL7866,73.92,General,High,Arrival,T3,18,111.28,69.94,25,5,Forklift,42.84,96.84,24,28.98,1,Clear,3539.48,601.22,55.1,0,22.93,32.02,Optimized,Low Efficiency
4502,2024-07-05 08:51:00,FL8890,64.08,General,Low,Arrival,T2,44,160.62,31.53,33,8,Loader,53.29,99.61,33,70.79,0,Rain,4650.97,1235.02,34.82,0,79.44,113.45,Adaptive,Low Efficiency
4503,2024-02-05 17:50:00,FL8790,38.14,General,Low,Departure,T2,42,65.27,12.21,5,10,Conveyor,95.8,65.62,94,10.84,0,Clear,2352.27,409.69,43.51,0,55.9,134.66,Optimized,Low Efficiency
4504,2024-09-23 18:30:00,FL9773,5.74,Hazardous,High,Departure,T2,12,119.75,49.47,34,10,Loader,86.14,33.6,37,50.63,1,Fog,4078.02,1100.08,73.05,0,126.18,88.4,Optimized,Low Efficiency
4505,2024-06-09 17:24:00,FL3632,62.07,Perishable,Medium,Arrival,T2,40,46.34,79.48,28,4,Crane,80.59,31.98,13,42.01,0,Rain,4037.15,639.58,94.43,1,107.29,113.16,Optimized,Moderate Efficiency
4506,2024-02-21 14:36:00,FL8156,37.85,Perishable,Critical,Departure,T4,27,76.63,119.05,17,1,Loader,86.58,89.9,16,75.44,1,Rain,1709.88,1072.81,85.88,1,45.93,83.12,Adaptive,Low Efficiency
4507,2024-01-10 12:41:00,FL6811,89.48,Perishable,Medium,Departure,T3,6,171.56,32.2,34,11,Loader,51.97,64.99,43,63.14,0,Storm,1707.33,145.39,113.64,0,76.99,88.67,Adaptive,Low Efficiency
4508,2024-05-31 23:57:00,FL7375,7.75,Hazardous,Critical,Arrival,T2,24,139.62,110.55,30,5,Conveyor,55.4,55.68,73,17.49,0,Storm,4742.8,646.41,107.23,0,110.36,90.79,Adaptive,Low Efficiency
4509,2024-12-23 19:56:00,FL1162,72.26,Perishable,Medium,Arrival,T2,33,107.33,12.85,38,1,Forklift,59.06,49.91,50,88.55,0,Storm,1959.81,1448.37,21.54,0,34.23,45.79,Adaptive,Low Efficiency
4510,2024-02-28 05:20:00,FL4253,113.27,Hazardous,Critical,Departure,T4,45,60.27,112.06,24,3,Forklift,76.3,49.73,13,74.08,0,Clear,2364.81,902.01,87.41,1,145.66,117.14,Adaptive,Low Efficiency
4511,2024-12-06 19:55:00,FL2274,25.06,Perishable,Critical,Departure,T3,16,80.75,100.72,10,6,Loader,76.49,35.1,71,31.92,0,Fog,3217.78,799.04,53.3,1,22.84,68.36,Adaptive,Low Efficiency
4512,2024-02-14 04:48:00,FL3369,59.24,General,Medium,Departure,T1,12,45.07,7.41,47,1,Conveyor,52.52,51.21,35,74.34,1,Storm,1924.57,446.42,46.98,0,143.46,18.39,Adaptive,Low Efficiency
4513,2024-09-19 19:38:00,FL6304,15.51,Express,Critical,Departure,T3,31,76.55,39.29,13,10,Loader,66.2,75.14,90,86.12,0,Clear,3478.1,788.09,62.35,0,12.34,77.86,Adaptive,Low Efficiency
4514,2024-10-29 21:18:00,FL6185,76.95,Express,High,Arrival,T1,37,44.1,10.86,41,14,Forklift,81.4,56.96,73,80.13,0,Fog,1802.49,1252.77,94.29,1,77.68,27.4,Baseline,Moderate Efficiency
4515,2024-09-25 17:56:00,FL1232,68.31,Hazardous,Low,Departure,T4,13,147.25,119.48,41,14,Forklift,58.58,96.35,35,50.06,0,Clear,2872.98,573.81,55.85,1,50.34,121.89,Optimized,Low Efficiency
4516,2024-02-12 10:52:00,FL3465,51.85,Perishable,High,Departure,T2,8,32.92,54.2,20,13,Crane,44.53,76.77,24,51.94,0,Rain,3018.14,890.84,100.32,0,145.47,34.01,Optimized,Low Efficiency
4517,2024-07-12 13:27:00,FL8514,64.96,Express,Low,Arrival,T4,38,50.3,81.15,8,3,Crane,51.84,90.48,97,9.59,0,Rain,4102.54,1042.98,61.91,0,129.77,136.42,Baseline,Low Efficiency
4518,2024-01-30 14:27:00,FL3416,108.11,General,High,Arrival,T3,3,130.59,31.93,36,7,Conveyor,49.88,37.99,85,14.82,1,Fog,4370.32,661.22,16.64,0,136.36,134.36,Adaptive,Low Efficiency
4519,2024-02-21 06:07:00,FL9182,27.57,General,Low,Arrival,T2,20,164.4,112.38,24,2,Conveyor,77.92,61.54,53,88.43,0,Storm,3567.18,496.25,79.34,0,78.84,134.37,Adaptive,Low Efficiency
4520,2024-08-09 07:07:00,FL6184,7.59,General,Low,Arrival,T3,4,174.33,36.53,33,6,Forklift,44.11,32.9,86,69.28,0,Fog,1715.05,317.8,95.89,1,24.81,54.37,Baseline,Low Efficiency
4521,2024-02-26 18:01:00,FL2861,104.09,Hazardous,Medium,Arrival,T1,44,153.76,34.92,35,7,Forklift,93.08,92.65,39,2.3,0,Clear,2587.36,241.67,44.76,0,44.6,54.37,Optimized,Low Efficiency
4522,2024-06-06 05:07:00,FL7658,71.37,Hazardous,Medium,Arrival,T3,45,53.84,41.18,49,12,Forklift,45.06,40.28,19,49.28,0,Rain,3032.82,437.54,34.44,1,84.33,60.71,Baseline,Low Efficiency
4523,2024-03-11 17:16:00,FL5305,107.43,Perishable,Critical,Arrival,T4,2,65.71,58.19,21,12,Loader,75.87,86.38,44,31.08,0,Storm,1840.22,127.36,80.42,0,64.46,133.31,Adaptive,Low Efficiency
4524,2024-03-14 17:02:00,FL9531,73.65,General,Critical,Departure,T4,36,159.32,7.13,45,2,Crane,95.77,94.67,46,28.04,0,Clear,4730.0,1164.23,48.79,1,55.87,63.4,Optimized,Low Efficiency
4525,2024-06-17 05:19:00,FL1060,98.17,Perishable,Medium,Departure,T4,23,162.29,73.75,29,11,Crane,43.75,60.93,45,50.09,0,Clear,988.81,256.48,109.64,0,52.39,89.25,Baseline,Low Efficiency
4526,2024-10-07 14:08:00,FL8381,54.41,Perishable,Low,Arrival,T2,45,122.5,8.64,49,11,Forklift,62.99,57.26,32,28.81,1,Rain,4250.54,1358.57,94.35,0,42.78,145.96,Optimized,Low Efficiency
4527,2024-05-17 23:03:00,FL3059,91.23,General,High,Departure,T3,19,70.18,67.01,20,5,Forklift,59.68,72.01,5,22.64,1,Storm,2418.87,814.99,60.73,0,85.31,107.75,Adaptive,Low Efficiency
4528,2024-05-20 15:00:00,FL8361,110.0,Perishable,Medium,Departure,T2,40,55.85,57.66,24,10,Crane,60.65,81.82,76,84.4,1,Fog,4754.79,739.74,117.31,0,106.35,121.52,Adaptive,Moderate Efficiency
4529,2024-06-30 03:26:00,FL2596,70.79,Express,Medium,Arrival,T3,8,156.37,32.89,46,12,Conveyor,76.02,75.19,6,3.59,1,Rain,2896.44,190.69,47.9,0,106.75,74.27,Adaptive,Low Efficiency
4530,2024-05-10 06:28:00,FL1597,25.79,Hazardous,Medium,Arrival,T1,16,52.84,42.92,14,10,Forklift,55.73,30.08,82,39.26,1,Rain,3783.69,286.66,58.91,0,16.25,116.04,Baseline,Low Efficiency
4531,2024-10-29 07:52:00,FL4581,35.91,Perishable,Medium,Arrival,T3,43,125.89,86.15,27,1,Forklift,41.64,85.02,7,46.01,0,Storm,3805.17,1299.46,81.38,1,13.77,121.81,Adaptive,Low Efficiency
4532,2024-03-17 19:59:00,FL4074,27.84,General,Medium,Arrival,T3,18,174.87,6.1,37,3,Conveyor,97.74,40.32,83,39.6,1,Fog,3641.02,1041.88,66.32,0,22.21,105.64,Optimized,Low Efficiency
4533,2024-09-17 15:51:00,FL7884,33.39,Hazardous,High,Arrival,T3,36,132.85,41.41,47,14,Forklift,84.93,61.48,15,59.15,1,Rain,722.2,232.35,47.88,0,12.48,149.9,Optimized,Low Efficiency
4534,2024-11-30 00:43:00,FL9947,40.24,Hazardous,Medium,Departure,T3,24,61.23,83.23,17,1,Crane,48.11,49.76,73,2.31,0,Fog,3299.78,1053.64,55.96,0,71.66,21.04,Baseline,Low Efficiency
4535,2024-11-06 23:40:00,FL3721,68.84,Perishable,Critical,Departure,T1,1,65.2,22.51,29,12,Crane,67.31,94.95,20,79.65,1,Rain,4526.64,283.34,105.0,1,17.51,126.51,Baseline,Moderate Efficiency
4536,2024-03-16 19:19:00,FL7185,72.62,Express,Medium,Arrival,T2,1,34.86,69.44,41,3,Conveyor,43.76,65.15,59,45.02,1,Fog,4295.79,1125.66,31.8,0,70.99,40.37,Baseline,Low Efficiency
4537,2024-05-01 11:12:00,FL4541,54.05,Perishable,Low,Arrival,T4,46,129.8,24.43,40,4,Crane,41.67,66.55,84,49.83,0,Fog,4617.26,1422.39,44.94,1,57.17,97.81,Optimized,Low Efficiency
4538,2024-05-11 08:39:00,FL6703,75.77,Express,Critical,Departure,T3,36,102.95,22.8,28,12,Conveyor,42.85,35.33,4,41.65,1,Clear,2499.74,1161.69,31.84,1,18.21,124.4,Baseline,Low Efficiency
4539,2024-10-19 09:43:00,FL4436,14.38,Hazardous,Medium,Departure,T4,11,53.04,93.81,10,12,Conveyor,85.35,92.82,74,40.01,0,Rain,2545.7,1253.34,66.34,0,21.86,100.94,Baseline,Low Efficiency
4540,2024-09-02 18:27:00,FL4131,15.1,Perishable,Low,Departure,T4,18,56.43,35.65,19,5,Crane,66.7,46.73,40,16.8,1,Clear,4136.84,968.86,27.7,1,118.09,48.31,Optimized,Low Efficiency
4541,2024-04-25 04:20:00,FL1235,24.76,General,High,Arrival,T4,16,21.44,48.21,38,4,Conveyor,90.66,58.98,65,45.4,0,Rain,1865.61,105.2,28.83,0,111.42,52.95,Baseline,Low Efficiency
4542,2024-11-18 14:11:00,FL7066,64.58,Perishable,Medium,Arrival,T4,17,176.55,88.95,8,4,Crane,58.31,98.97,35,37.92,0,Clear,3942.83,1199.28,101.77,1,50.06,94.02,Adaptive,Low Efficiency
4543,2024-09-13 13:18:00,FL6960,29.61,Express,High,Departure,T3,24,152.48,25.64,18,9,Conveyor,86.52,37.97,88,42.13,1,Clear,2769.8,665.74,87.33,1,28.18,136.76,Optimized,Low Efficiency
4544,2024-08-17 11:43:00,FL1265,37.58,Express,Medium,Arrival,T4,34,83.07,66.15,8,9,Conveyor,44.68,80.3,44,1.24,0,Clear,1689.48,1322.26,30.74,1,59.89,101.98,Baseline,Low Efficiency
4545,2024-08-24 09:44:00,FL5947,51.04,Perishable,High,Departure,T3,4,171.37,110.55,32,9,Conveyor,78.11,48.21,7,11.78,1,Clear,3396.57,901.92,52.53,1,77.76,69.41,Optimized,Low Efficiency
4546,2024-09-27 16:16:00,FL6029,98.36,Express,Low,Arrival,T1,35,128.34,68.69,33,11,Crane,61.64,59.39,22,68.69,1,Clear,1831.08,368.19,110.86,0,82.44,131.08,Adaptive,Low Efficiency
4547,2024-10-27 06:13:00,FL9226,6.59,Hazardous,Medium,Arrival,T2,15,140.23,10.62,22,5,Forklift,56.6,59.27,23,37.72,1,Rain,3523.0,176.82,105.71,0,13.44,51.81,Optimized,Low Efficiency
4548,2024-11-09 13:04:00,FL3043,79.68,Perishable,Critical,Departure,T2,2,128.79,72.82,24,11,Loader,88.91,95.26,65,66.86,1,Storm,3061.88,877.13,81.99,0,94.14,83.74,Adaptive,Low Efficiency
4549,2024-08-23 12:42:00,FL9177,81.92,Express,High,Departure,T3,31,141.1,15.37,45,13,Forklift,43.12,30.73,88,15.4,1,Clear,3749.87,893.6,41.24,0,98.22,53.33,Baseline,Low Efficiency
4550,2024-06-24 06:55:00,FL8471,96.85,Perishable,Low,Arrival,T3,9,47.35,37.44,36,5,Conveyor,96.97,55.7,20,62.84,0,Storm,3195.77,1304.09,51.06,0,100.01,119.9,Adaptive,Low Efficiency
4551,2024-06-04 18:39:00,FL7783,112.27,Perishable,Low,Departure,T2,10,109.98,102.71,12,2,Crane,87.13,89.67,32,26.02,0,Clear,3912.28,154.25,81.86,0,97.69,38.08,Adaptive,Low Efficiency
4552,2024-09-30 02:42:00,FL7723,7.32,General,Medium,Arrival,T4,25,155.9,6.27,47,6,Conveyor,61.34,93.74,95,63.46,1,Rain,4982.95,1249.76,71.65,1,143.96,101.82,Adaptive,Low Efficiency
4553,2024-07-04 00:31:00,FL6762,22.69,Perishable,High,Departure,T3,5,23.13,13.86,17,2,Forklift,99.48,51.79,97,7.81,0,Fog,2604.95,667.89,71.67,0,109.37,102.36,Adaptive,Moderate Efficiency
4554,2024-09-19 03:36:00,FL6770,106.91,General,High,Departure,T4,14,39.75,46.79,44,10,Loader,52.15,46.94,36,30.03,1,Storm,3192.13,839.67,56.57,0,54.37,140.36,Optimized,Low Efficiency
4555,2024-11-25 10:19:00,FL9887,57.73,Express,High,Arrival,T3,42,59.3,119.93,47,13,Forklift,64.14,62.29,18,10.74,1,Storm,958.51,846.75,19.93,0,123.7,71.77,Optimized,Low Efficiency
4556,2024-11-21 20:37:00,FL7977,69.93,General,Medium,Arrival,T3,48,67.16,38.56,13,5,Crane,93.09,82.21,97,56.67,1,Rain,4776.84,635.26,23.37,0,70.44,79.49,Adaptive,Low Efficiency
4557,2024-10-16 03:39:00,FL9571,81.25,General,High,Arrival,T1,38,49.23,23.09,44,11,Crane,99.81,40.78,33,35.33,1,Fog,3183.52,360.4,101.89,0,18.46,93.82,Baseline,Moderate Efficiency
4558,2024-01-01 03:25:00,FL6502,83.09,General,Medium,Departure,T1,40,119.89,68.18,37,13,Forklift,54.35,84.91,69,6.68,1,Storm,962.61,210.35,107.25,0,100.84,27.77,Optimized,Low Efficiency
4559,2024-01-26 05:46:00,FL2857,112.15,Hazardous,Low,Departure,T2,2,67.04,64.71,16,12,Forklift,84.59,65.89,82,47.37,1,Rain,2300.05,389.79,108.31,0,63.52,73.71,Adaptive,Moderate Efficiency
4560,2024-07-26 03:41:00,FL3880,119.65,General,Medium,Arrival,T1,18,45.3,56.71,41,12,Loader,58.34,39.86,9,2.24,0,Clear,865.82,1099.97,62.2,1,140.25,31.01,Adaptive,Low Efficiency
4561,2024-01-12 20:54:00,FL8517,87.82,Perishable,Critical,Departure,T1,29,164.93,113.87,29,5,Conveyor,85.99,77.02,42,73.66,0,Storm,2737.4,1055.17,112.91,0,57.85,120.29,Optimized,Low Efficiency
4562,2024-04-08 08:47:00,FL8018,38.03,General,High,Arrival,T2,20,131.21,37.22,29,4,Crane,47.52,73.97,95,84.45,0,Fog,1746.74,1045.59,102.15,1,16.3,55.77,Baseline,Low Efficiency
4563,2024-08-07 19:03:00,FL7113,106.17,Perishable,Medium,Arrival,T4,8,59.37,38.73,20,5,Crane,60.17,73.57,71,72.91,0,Storm,2031.26,1370.77,52.26,0,142.55,71.16,Adaptive,Low Efficiency
4564,2024-01-05 18:47:00,FL3898,10.66,General,High,Arrival,T1,37,77.75,21.13,20,7,Loader,44.5,82.84,79,85.64,1,Clear,810.85,739.62,34.53,1,126.53,49.64,Baseline,Low Efficiency
4565,2024-08-06 16:42:00,FL3664,31.57,Hazardous,Critical,Arrival,T4,49,138.53,85.19,43,10,Crane,69.51,42.69,4,80.74,1,Fog,3930.84,1162.79,90.14,0,147.11,46.0,Adaptive,Low Efficiency
4566,2024-06-10 13:45:00,FL9892,108.2,Express,Medium,Arrival,T2,48,146.55,41.96,39,13,Crane,82.09,78.82,46,80.54,0,Clear,4285.07,1035.5,89.78,0,35.34,148.26,Adaptive,Low Efficiency
4567,2024-06-05 10:18:00,FL8141,34.46,General,Medium,Departure,T3,26,48.23,97.32,27,2,Forklift,62.72,92.11,72,22.09,0,Fog,1130.61,1411.85,107.92,1,12.97,126.61,Baseline,Moderate Efficiency
4568,2024-08-17 07:21:00,FL7251,30.37,General,Critical,Departure,T4,37,169.85,116.75,12,1,Forklift,76.88,67.12,24,20.81,0,Clear,3877.94,1037.72,15.55,0,143.15,72.88,Optimized,Low Efficiency
4569,2024-01-16 19:15:00,FL5669,20.88,Hazardous,Critical,Arrival,T2,49,145.64,10.02,7,4,Loader,74.15,64.02,72,72.85,0,Fog,1078.56,352.31,48.78,0,113.93,125.98,Baseline,Low Efficiency
4570,2024-07-19 22:42:00,FL8167,103.8,General,Medium,Departure,T4,4,157.09,119.21,28,7,Crane,57.68,85.85,69,44.22,1,Fog,884.94,1141.95,13.84,0,129.98,104.73,Baseline,Low Efficiency
4571,2024-04-22 15:50:00,FL5640,62.51,Perishable,Medium,Arrival,T2,33,43.02,34.22,47,1,Loader,69.21,40.24,23,84.81,1,Clear,1013.42,601.17,33.14,1,10.55,67.3,Adaptive,Low Efficiency
4572,2024-03-09 15:47:00,FL2625,82.61,General,Medium,Departure,T2,22,42.94,53.31,26,4,Conveyor,44.14,53.86,55,80.75,0,Storm,643.03,456.99,53.96,1,101.98,13.92,Optimized,Low Efficiency
4573,2024-01-28 11:29:00,FL2435,32.49,General,Low,Departure,T3,6,68.86,94.44,18,14,Conveyor,67.59,89.76,98,80.39,0,Rain,2192.34,489.42,23.54,0,109.59,137.89,Baseline,Low Efficiency
4574,2024-12-01 05:32:00,FL2700,92.17,Express,Critical,Arrival,T4,33,30.34,81.51,26,6,Loader,67.49,64.98,15,29.35,1,Storm,4788.15,1255.11,100.45,1,58.08,41.76,Optimized,Moderate Efficiency
4575,2024-09-15 23:32:00,FL2468,92.4,Express,Medium,Departure,T3,28,34.57,94.52,38,6,Crane,41.72,88.83,51,11.96,1,Rain,4546.65,733.99,32.32,0,76.28,111.46,Optimized,Low Efficiency
4576,2024-04-23 16:10:00,FL1269,40.95,General,Critical,Arrival,T3,24,42.91,58.63,40,1,Conveyor,70.83,47.63,50,61.01,0,Clear,1993.58,756.74,55.25,0,28.6,124.16,Optimized,Low Efficiency
4577,2024-04-10 18:51:00,FL7738,52.23,Hazardous,Low,Departure,T4,4,133.99,110.35,35,7,Crane,84.26,57.27,47,39.65,0,Storm,4075.91,114.96,98.18,0,21.2,92.15,Baseline,Low Efficiency
4578,2024-07-11 23:00:00,FL2698,29.11,Express,Medium,Arrival,T4,2,24.84,95.84,25,14,Forklift,67.14,87.65,83,84.05,0,Clear,4210.64,478.22,22.84,0,123.47,101.95,Adaptive,Low Efficiency
4579,2024-09-24 07:14:00,FL9133,117.3,General,Low,Arrival,T2,13,33.32,40.56,9,5,Loader,78.76,41.44,25,76.85,0,Rain,1184.26,1336.73,78.16,0,125.11,19.63,Optimized,Moderate Efficiency
4580,2024-06-30 22:33:00,FL9924,79.24,Express,High,Arrival,T4,46,171.07,114.08,23,6,Conveyor,71.95,92.63,39,83.59,0,Fog,1532.55,797.3,113.46,0,42.23,88.46,Adaptive,Low Efficiency
4581,2024-06-18 15:52:00,FL2633,112.47,General,Medium,Arrival,T2,49,33.39,115.52,46,1,Crane,87.11,51.69,68,51.11,1,Clear,3607.23,682.94,59.97,1,124.36,51.52,Adaptive,Low Efficiency
4582,2024-07-05 14:11:00,FL8276,39.89,Express,High,Arrival,T2,11,105.99,52.73,25,7,Forklift,70.87,98.09,46,47.36,0,Storm,1688.14,203.57,36.41,0,60.97,89.5,Baseline,Low Efficiency
4583,2024-08-06 16:09:00,FL9247,94.92,Express,Low,Arrival,T2,35,122.81,79.98,6,4,Loader,59.9,87.94,72,76.24,0,Clear,4721.69,510.77,113.75,1,50.46,94.59,Baseline,Low Efficiency
4584,2024-03-07 22:09:00,FL1534,93.07,Perishable,Low,Departure,T2,39,173.37,98.7,7,3,Conveyor,89.65,61.89,93,46.07,0,Clear,1538.21,283.69,15.96,0,120.9,20.26,Baseline,Low Efficiency
4585,2024-10-18 02:58:00,FL5749,84.54,General,Low,Arrival,T2,10,163.97,98.99,34,12,Forklift,44.06,81.96,13,81.0,0,Clear,4096.15,330.17,44.28,0,108.93,71.2,Baseline,Low Efficiency
4586,2024-06-07 07:59:00,FL7891,116.05,General,Low,Departure,T2,43,90.51,6.62,38,11,Loader,57.37,68.87,38,3.1,1,Rain,3911.45,574.35,99.91,0,98.92,128.58,Adaptive,Low Efficiency
4587,2024-02-26 05:11:00,FL4471,50.26,General,High,Arrival,T4,10,170.75,77.34,29,13,Conveyor,75.49,89.73,36,32.29,0,Storm,2766.91,193.93,26.93,1,121.37,26.94,Adaptive,Low Efficiency
4588,2024-08-24 10:24:00,FL4651,20.03,General,Medium,Departure,T4,8,89.16,116.98,39,4,Crane,91.36,66.27,37,75.14,1,Storm,1684.74,1189.59,19.25,1,130.84,114.89,Baseline,Low Efficiency
4589,2024-12-17 08:52:00,FL8448,82.25,Express,High,Arrival,T1,5,127.19,31.6,33,9,Forklift,44.33,99.16,42,18.9,0,Rain,652.37,970.6,60.38,0,142.81,87.27,Adaptive,Low Efficiency
4590,2024-05-05 21:41:00,FL7243,88.87,Perishable,Medium,Arrival,T4,23,61.54,96.5,16,5,Forklift,45.76,39.35,95,35.91,0,Storm,4227.73,1219.64,46.49,0,97.29,95.99,Baseline,Low Efficiency
4591,2024-12-21 13:14:00,FL2875,71.13,Perishable,Low,Departure,T3,34,121.86,66.44,27,12,Crane,56.94,77.35,19,0.9,0,Storm,2199.9,586.98,97.69,0,22.73,13.05,Adaptive,Low Efficiency
4592,2024-03-10 10:36:00,FL4204,28.78,Hazardous,Low,Arrival,T1,47,106.11,30.47,32,5,Forklift,60.67,47.2,37,27.15,1,Clear,2030.5,411.03,47.09,0,59.54,130.93,Adaptive,Low Efficiency
4593,2024-08-06 17:45:00,FL8693,63.01,General,Low,Arrival,T4,32,117.09,10.87,21,8,Forklift,90.61,43.39,89,28.68,1,Rain,700.22,926.0,83.68,1,28.43,136.37,Baseline,Low Efficiency
4594,2024-01-28 05:06:00,FL3038,40.9,Hazardous,High,Arrival,T3,16,129.22,92.39,20,7,Loader,97.53,58.58,65,65.93,1,Rain,1180.98,130.72,71.62,1,27.02,97.3,Baseline,Low Efficiency
4595,2024-10-04 20:00:00,FL6744,54.16,Express,High,Arrival,T4,4,47.75,41.39,13,3,Crane,41.03,55.72,85,60.96,1,Rain,2155.62,224.63,75.67,0,148.48,148.33,Adaptive,Low Efficiency
4596,2024-02-27 03:29:00,FL8601,79.2,Hazardous,Low,Departure,T2,28,68.2,48.19,7,13,Forklift,40.92,33.24,39,40.05,0,Fog,3608.73,1138.05,66.23,1,35.88,52.28,Adaptive,Low Efficiency
4597,2024-02-10 17:19:00,FL7765,90.7,General,Low,Arrival,T1,48,137.8,60.8,26,1,Crane,91.89,59.94,26,65.57,1,Storm,1432.98,1342.34,24.9,0,113.31,39.23,Baseline,Low Efficiency
4598,2024-08-31 11:52:00,FL7484,31.71,Perishable,Critical,Departure,T2,44,46.21,63.33,35,12,Loader,48.14,96.63,42,38.55,1,Clear,1236.25,387.67,16.82,1,119.45,30.56,Adaptive,Low Efficiency
4599,2024-09-10 08:31:00,FL1124,51.61,Perishable,High,Arrival,T1,14,75.08,28.71,18,11,Loader,60.36,62.68,62,39.11,0,Clear,1680.33,1207.39,69.83,1,78.8,35.3,Optimized,Low Efficiency
4600,2024-11-12 06:01:00,FL7138,35.95,General,High,Arrival,T1,12,126.64,82.12,7,13,Crane,56.51,51.13,53,58.1,0,Clear,1775.45,637.12,81.44,0,10.65,14.8,Optimized,Low Efficiency
4601,2024-10-30 07:14:00,FL4668,27.84,Express,Medium,Arrival,T2,21,170.02,84.64,42,2,Crane,56.91,96.44,67,65.06,0,Clear,2344.92,682.3,89.79,0,111.88,108.48,Optimized,Low Efficiency
4602,2024-03-28 18:35:00,FL9315,95.09,General,Low,Arrival,T1,48,32.05,21.36,27,3,Conveyor,59.72,65.4,50,76.22,0,Storm,2124.21,1337.63,89.44,0,143.29,118.25,Baseline,Moderate Efficiency
4603,2024-06-14 02:10:00,FL5646,109.56,Express,Critical,Departure,T1,16,102.65,66.28,25,11,Loader,60.16,50.1,69,67.63,0,Rain,832.66,969.46,91.43,1,117.76,11.64,Baseline,Low Efficiency
4604,2024-01-09 07:49:00,FL5384,47.58,Perishable,High,Arrival,T4,44,33.1,75.06,28,1,Forklift,77.21,84.81,29,60.33,0,Rain,3280.6,1236.7,12.24,0,84.0,42.72,Optimized,Low Efficiency
4605,2024-10-05 12:26:00,FL5333,91.4,Express,Medium,Arrival,T3,2,80.66,26.42,36,1,Loader,77.73,45.65,97,50.53,0,Fog,1087.08,1186.07,34.58,0,92.25,40.54,Adaptive,Low Efficiency
4606,2024-02-09 09:57:00,FL6036,108.15,General,High,Arrival,T2,23,48.06,107.86,49,8,Loader,71.37,47.34,2,27.73,0,Clear,4407.94,903.73,90.26,0,32.18,98.76,Adaptive,Low Efficiency
4607,2024-08-09 22:28:00,FL7794,102.3,General,High,Departure,T4,29,123.91,60.52,9,13,Conveyor,91.51,52.7,18,23.5,1,Fog,4367.81,1147.0,23.59,1,133.69,120.3,Baseline,Low Efficiency
4608,2024-01-30 23:42:00,FL4957,26.02,General,Low,Departure,T4,46,141.25,18.23,37,8,Crane,90.74,57.63,60,75.89,0,Storm,825.74,1091.49,30.52,1,93.58,110.6,Baseline,Low Efficiency
4609,2024-08-20 12:27:00,FL1068,114.97,Express,Medium,Departure,T2,43,59.57,43.46,48,2,Loader,53.03,70.8,14,64.56,1,Fog,2358.95,772.4,82.56,0,44.74,116.68,Baseline,Low Efficiency
4610,2024-04-18 22:06:00,FL7792,48.32,Express,Low,Departure,T1,9,134.06,59.85,23,8,Conveyor,72.62,66.07,40,59.89,1,Storm,2645.97,312.57,98.9,0,24.06,109.77,Optimized,Low Efficiency
4611,2024-08-25 23:47:00,FL1535,44.01,Express,Low,Arrival,T2,7,91.49,6.17,38,11,Crane,87.03,82.06,64,23.3,1,Fog,4981.41,472.93,27.87,0,47.47,116.46,Optimized,Low Efficiency
4612,2024-06-09 18:42:00,FL1254,12.18,Perishable,High,Arrival,T3,29,65.37,8.67,7,13,Loader,92.01,80.2,30,87.28,0,Storm,1630.67,626.92,70.59,0,117.26,88.66,Optimized,Moderate Efficiency
4613,2024-04-21 13:19:00,FL1430,60.91,Hazardous,Low,Departure,T3,44,103.74,11.38,43,14,Conveyor,55.31,33.19,29,7.32,1,Storm,3361.78,921.36,29.95,0,143.73,86.44,Baseline,Low Efficiency
4614,2024-02-06 18:53:00,FL3512,17.54,Hazardous,High,Arrival,T2,17,80.74,66.89,32,2,Loader,69.65,39.37,29,75.44,0,Fog,2556.9,516.89,32.94,0,42.68,125.12,Optimized,Low Efficiency
4615,2024-10-13 02:07:00,FL7134,33.58,General,Critical,Arrival,T4,9,56.8,43.65,15,13,Forklift,71.5,45.06,19,18.97,0,Rain,3958.67,387.51,63.02,1,53.36,95.71,Adaptive,Low Efficiency
4616,2024-11-20 11:42:00,FL9502,41.45,Perishable,Low,Departure,T2,6,141.1,107.71,14,11,Crane,81.98,71.84,90,35.3,1,Fog,1617.97,149.77,84.13,1,122.77,30.43,Optimized,Low Efficiency
4617,2024-03-06 14:18:00,FL6201,98.02,Express,Medium,Arrival,T3,44,147.6,69.31,44,5,Crane,59.82,92.67,58,38.51,1,Rain,3564.15,397.53,73.16,0,112.0,131.22,Baseline,Low Efficiency
4618,2024-06-10 17:13:00,FL6490,105.68,General,High,Departure,T2,20,148.05,92.39,6,1,Loader,57.61,52.74,40,59.64,0,Rain,1084.51,854.71,20.17,0,27.3,77.45,Optimized,Low Efficiency
4619,2024-11-10 12:37:00,FL3792,39.78,Perishable,High,Departure,T1,10,81.14,84.02,49,9,Conveyor,82.34,97.46,9,49.2,0,Fog,568.07,295.47,41.41,0,137.47,45.29,Optimized,Low Efficiency
4620,2024-07-30 00:19:00,FL8045,103.75,General,High,Departure,T2,9,47.12,64.84,43,4,Conveyor,63.96,42.1,77,16.75,0,Clear,582.0,141.1,113.2,0,42.77,62.58,Adaptive,Moderate Efficiency
4621,2024-10-14 03:17:00,FL4962,103.58,Perishable,Medium,Departure,T4,12,154.47,90.64,31,10,Forklift,40.24,94.73,31,2.7,1,Rain,2717.1,204.57,79.04,0,117.52,89.78,Optimized,Low Efficiency
4622,2024-04-17 18:42:00,FL7412,92.93,Perishable,Medium,Departure,T1,33,72.68,67.64,13,14,Forklift,96.27,86.07,78,64.55,1,Clear,3968.3,1432.95,82.39,1,101.16,65.13,Optimized,Moderate Efficiency
4623,2024-04-06 06:10:00,FL4156,21.87,Hazardous,Medium,Departure,T3,32,139.69,49.33,43,11,Conveyor,48.98,57.23,95,45.44,1,Storm,3099.32,149.66,33.23,0,75.55,92.93,Baseline,Low Efficiency
4624,2024-09-01 18:57:00,FL7444,84.39,General,Critical,Arrival,T2,34,150.79,55.12,5,2,Crane,48.92,44.44,15,32.56,0,Storm,663.45,761.27,115.41,0,22.24,88.54,Adaptive,Low Efficiency
4625,2024-03-01 02:34:00,FL1845,113.68,Express,Medium,Arrival,T4,19,142.9,101.43,37,1,Forklift,89.1,57.39,34,25.61,0,Storm,2984.35,1063.58,32.72,1,134.96,87.27,Adaptive,Low Efficiency
4626,2024-12-12 12:09:00,FL8030,83.49,Hazardous,Critical,Arrival,T4,33,82.37,69.78,42,6,Loader,60.13,44.96,62,74.07,0,Rain,1009.64,412.36,37.63,0,84.25,89.19,Optimized,Low Efficiency
4627,2024-02-05 21:46:00,FL3111,43.14,Hazardous,Low,Departure,T3,48,170.08,48.39,37,11,Loader,59.69,69.28,74,71.6,1,Rain,4844.29,1449.86,66.11,0,25.85,54.68,Adaptive,Low Efficiency
4628,2024-10-17 16:22:00,FL7396,62.57,Express,Critical,Departure,T2,16,125.63,25.67,7,8,Crane,77.34,70.24,57,74.34,1,Storm,2086.58,131.78,64.56,0,76.75,130.67,Baseline,Low Efficiency
4629,2024-07-10 04:31:00,FL3846,79.26,Perishable,High,Departure,T4,23,112.12,61.97,36,4,Crane,43.54,83.77,21,19.72,1,Fog,2765.37,1332.13,13.59,1,24.53,84.52,Adaptive,Low Efficiency
4630,2024-03-02 22:51:00,FL7604,63.72,Express,Medium,Arrival,T1,26,131.67,34.03,17,1,Forklift,54.22,66.95,54,76.68,0,Fog,2024.32,648.1,91.82,0,62.31,16.41,Optimized,Low Efficiency
4631,2024-10-17 04:45:00,FL6212,18.79,General,High,Arrival,T2,45,27.16,114.89,25,1,Loader,43.2,54.16,89,88.7,1,Storm,2601.92,637.37,20.61,1,26.56,51.23,Optimized,Low Efficiency
4632,2024-11-12 09:16:00,FL9475,40.89,Express,Low,Departure,T3,44,82.48,61.46,8,6,Crane,57.49,93.81,37,53.92,1,Clear,4813.07,761.09,15.94,1,46.7,110.39,Optimized,Low Efficiency
4633,2024-04-04 22:28:00,FL3595,97.28,Perishable,Low,Departure,T1,41,160.99,6.03,21,2,Loader,92.2,35.46,40,4.25,0,Storm,1672.37,1459.96,65.79,1,123.59,103.18,Baseline,Low Efficiency
4634,2024-04-08 05:02:00,FL8166,104.06,Express,Low,Departure,T2,37,45.77,15.68,46,5,Forklift,94.56,86.61,20,63.2,0,Rain,3731.37,979.32,15.31,0,42.56,37.25,Baseline,Low Efficiency
4635,2024-12-16 04:43:00,FL4784,20.79,Perishable,Low,Departure,T4,9,86.3,37.7,8,2,Crane,58.57,58.67,71,48.43,1,Clear,3898.79,1330.0,32.07,0,99.32,149.75,Adaptive,Low Efficiency
4636,2024-05-24 06:11:00,FL2631,114.52,Perishable,Medium,Departure,T3,30,84.84,15.6,24,9,Conveyor,51.26,42.68,18,64.08,0,Fog,1357.75,138.96,53.0,1,42.25,97.63,Optimized,Low Efficiency
4637,2024-12-21 05:59:00,FL3069,42.81,General,High,Arrival,T3,13,76.97,107.81,16,2,Loader,48.12,38.42,44,16.94,1,Fog,3781.17,1355.72,76.34,0,96.26,55.8,Baseline,Low Efficiency
4638,2024-10-14 20:41:00,FL9261,81.17,Express,High,Departure,T2,48,109.98,103.25,30,5,Crane,63.67,45.45,56,54.52,0,Clear,3415.98,398.85,96.1,0,114.19,64.96,Baseline,Low Efficiency
4639,2024-05-22 19:05:00,FL2939,91.46,Express,Low,Departure,T3,42,179.39,116.65,49,4,Forklift,89.58,38.54,90,48.53,0,Clear,1809.69,540.94,41.85,0,24.46,138.75,Adaptive,Low Efficiency
4640,2024-06-28 07:27:00,FL7422,98.37,General,Critical,Departure,T1,16,60.94,86.24,40,11,Conveyor,91.16,62.13,17,54.22,1,Rain,2852.1,203.05,61.83,0,128.69,70.36,Optimized,Low Efficiency
4641,2024-06-25 10:45:00,FL5263,113.76,Perishable,High,Departure,T2,46,132.79,79.23,20,1,Crane,42.76,54.48,42,65.5,1,Storm,3154.93,1381.11,114.95,1,137.91,43.75,Adaptive,Low Efficiency
4642,2024-02-22 04:04:00,FL3605,40.99,Express,Critical,Arrival,T1,2,141.28,111.2,11,10,Loader,52.55,54.96,71,48.98,1,Clear,4264.49,836.55,52.92,1,62.13,58.12,Optimized,Low Efficiency
4643,2024-07-12 21:10:00,FL6282,103.73,General,High,Departure,T3,31,113.52,113.84,37,9,Loader,52.19,40.98,28,28.96,0,Clear,1061.72,226.11,88.06,1,132.86,84.23,Optimized,Low Efficiency
4644,2024-11-09 03:56:00,FL4338,20.14,Perishable,Low,Departure,T3,43,35.6,105.91,6,3,Forklift,89.71,76.18,21,27.81,0,Fog,4873.89,656.41,39.85,0,26.25,32.08,Adaptive,Low Efficiency
4645,2024-08-23 12:01:00,FL2527,86.08,General,Medium,Departure,T3,19,111.58,104.07,37,10,Loader,67.38,72.55,37,62.55,0,Fog,3961.21,633.64,78.55,1,69.56,17.14,Baseline,Low Efficiency
4646,2024-03-06 05:46:00,FL2528,90.33,Express,High,Arrival,T1,11,172.55,82.25,18,8,Conveyor,62.1,98.76,23,59.75,1,Storm,2907.39,171.16,98.52,0,32.56,66.51,Optimized,Low Efficiency
4647,2024-03-22 22:36:00,FL1420,82.94,General,Low,Departure,T3,14,74.73,5.18,24,4,Forklift,97.4,41.74,48,37.98,1,Clear,3993.03,586.67,110.56,0,144.57,135.48,Optimized,Moderate Efficiency
4648,2024-10-28 03:52:00,FL8166,34.02,Hazardous,Low,Arrival,T2,47,122.35,54.39,41,11,Forklift,95.52,88.38,59,31.82,1,Fog,3799.22,510.06,113.13,1,118.4,139.79,Baseline,Moderate Efficiency
4649,2024-11-04 09:54:00,FL1189,105.4,Perishable,Low,Departure,T4,25,173.5,78.1,31,13,Crane,66.41,32.37,74,55.81,1,Storm,2570.58,1387.25,43.22,0,96.8,126.52,Baseline,Low Efficiency
4650,2024-09-22 23:30:00,FL3507,24.42,Hazardous,Low,Departure,T2,7,147.68,67.92,46,13,Forklift,47.7,35.13,52,28.09,0,Fog,2012.23,1229.5,32.1,1,19.96,33.86,Adaptive,Low Efficiency
4651,2024-09-10 15:07:00,FL1455,11.17,Hazardous,Medium,Departure,T4,15,130.13,99.43,25,9,Crane,50.26,75.36,17,86.69,1,Fog,4948.71,324.12,99.54,0,33.21,16.83,Baseline,Low Efficiency
4652,2024-05-18 17:02:00,FL9907,87.51,Perishable,Medium,Departure,T3,30,175.38,99.17,6,5,Forklift,46.73,58.45,38,53.68,1,Fog,4479.72,1404.18,79.26,0,59.07,83.9,Baseline,Low Efficiency
4653,2024-08-21 13:18:00,FL2290,59.68,Perishable,Low,Departure,T2,31,47.29,73.85,47,2,Crane,80.83,46.14,1,53.27,0,Rain,4779.14,1140.43,55.59,0,41.89,104.75,Adaptive,Low Efficiency
4654,2024-09-07 21:00:00,FL7265,102.65,General,High,Departure,T1,24,143.64,7.53,20,8,Crane,73.28,30.19,75,12.27,1,Rain,718.12,787.19,13.99,1,53.56,101.83,Adaptive,Low Efficiency
4655,2024-01-18 15:02:00,FL1414,49.09,Perishable,Medium,Departure,T4,25,85.09,47.47,23,13,Crane,73.4,76.42,33,54.87,0,Clear,4168.52,705.73,43.85,0,145.58,47.88,Adaptive,Low Efficiency
4656,2024-08-09 23:05:00,FL3138,24.35,Hazardous,Low,Departure,T1,8,77.67,31.31,8,4,Conveyor,45.9,60.86,95,26.54,0,Storm,4510.52,1397.58,22.25,0,122.23,57.34,Optimized,Low Efficiency
4657,2024-05-03 05:57:00,FL8433,101.19,Hazardous,Low,Departure,T4,30,103.31,43.96,14,14,Crane,87.6,41.96,44,40.66,0,Storm,2646.02,527.72,64.12,0,19.8,145.46,Optimized,Low Efficiency
4658,2024-09-11 15:44:00,FL6867,68.12,Express,Low,Arrival,T3,36,25.4,75.99,26,2,Conveyor,72.13,98.06,88,48.44,0,Rain,4509.21,618.83,101.01,0,17.85,69.74,Optimized,Moderate Efficiency
4659,2024-11-18 00:10:00,FL4056,26.76,Perishable,Medium,Arrival,T2,14,70.0,12.64,16,6,Crane,45.46,54.56,20,43.02,1,Storm,953.95,1067.63,44.39,1,16.42,100.75,Baseline,Low Efficiency
4660,2024-04-16 04:21:00,FL4927,87.84,Hazardous,Low,Arrival,T4,29,46.59,7.56,6,1,Crane,84.83,51.21,47,72.85,0,Clear,772.14,1163.0,49.34,1,110.73,80.09,Baseline,Low Efficiency
4661,2024-11-16 17:39:00,FL4633,63.78,Express,Medium,Arrival,T2,27,42.19,55.24,6,8,Conveyor,98.88,65.72,69,8.95,1,Storm,1812.01,558.03,96.15,1,81.91,129.67,Adaptive,Moderate Efficiency
4662,2024-02-02 16:17:00,FL5864,74.5,Express,High,Departure,T4,36,73.97,96.26,45,9,Conveyor,66.47,49.4,42,15.06,1,Storm,618.09,1390.81,60.17,0,30.72,127.28,Adaptive,Low Efficiency
4663,2024-06-19 00:31:00,FL4175,58.0,General,Medium,Departure,T4,34,148.36,8.53,48,7,Conveyor,46.94,49.09,26,14.13,1,Rain,3577.95,458.55,83.5,0,141.55,100.85,Optimized,Low Efficiency
4664,2024-05-25 09:45:00,FL9772,100.3,Hazardous,Low,Arrival,T3,21,52.18,102.64,38,13,Conveyor,46.08,97.64,49,73.52,0,Rain,4671.36,586.5,30.75,1,38.11,140.44,Optimized,Low Efficiency
4665,2024-09-29 04:59:00,FL5018,100.4,General,Medium,Arrival,T4,38,105.03,49.15,22,13,Crane,41.55,48.28,71,10.64,0,Storm,1827.76,375.2,37.6,0,111.06,39.08,Baseline,Low Efficiency
4666,2024-04-23 14:08:00,FL7194,86.58,Hazardous,High,Arrival,T1,11,139.78,18.6,20,9,Crane,86.22,72.38,91,87.43,0,Storm,3468.22,851.92,79.85,1,149.79,85.12,Optimized,Low Efficiency
4667,2024-03-03 11:42:00,FL5267,17.12,General,Critical,Arrival,T4,33,58.56,70.26,23,2,Forklift,81.64,32.62,18,87.22,1,Clear,2606.22,1498.98,22.31,0,148.68,42.83,Adaptive,Low Efficiency
4668,2024-03-22 19:50:00,FL1847,101.47,General,High,Departure,T4,15,167.87,114.52,29,11,Forklift,75.05,40.8,95,89.26,0,Clear,1647.76,1105.28,29.28,1,96.71,24.35,Optimized,Low Efficiency
4669,2024-02-09 17:07:00,FL5505,82.17,Perishable,Medium,Arrival,T4,12,158.64,67.39,34,1,Crane,85.94,31.55,9,88.17,0,Clear,4633.53,759.84,44.94,0,31.43,118.09,Adaptive,Low Efficiency
4670,2024-06-25 23:34:00,FL2359,85.16,General,Medium,Departure,T3,24,60.19,83.96,10,7,Forklift,99.96,67.41,66,13.41,0,Fog,4810.61,1476.1,29.85,1,148.99,95.78,Optimized,Low Efficiency
4671,2024-04-17 12:50:00,FL3355,46.74,Perishable,Medium,Departure,T2,37,178.34,98.89,31,4,Conveyor,64.11,64.41,60,59.17,1,Fog,1106.4,168.84,117.3,1,111.74,24.55,Adaptive,Low Efficiency
4672,2024-07-28 11:39:00,FL1379,106.12,Express,Critical,Departure,T2,11,127.07,96.92,19,10,Forklift,82.35,53.16,37,35.97,1,Fog,3951.37,500.26,38.17,0,125.77,148.44,Adaptive,Low Efficiency
4673,2024-01-11 00:00:00,FL2694,88.42,Hazardous,Low,Arrival,T3,19,65.78,13.41,35,8,Conveyor,62.63,79.02,47,65.86,0,Storm,1349.68,1273.36,115.01,0,147.39,21.72,Adaptive,Moderate Efficiency
4674,2024-09-06 23:06:00,FL2817,17.95,Express,Critical,Arrival,T1,1,128.97,90.21,48,3,Crane,61.12,73.81,29,36.53,0,Clear,2697.01,834.1,103.1,0,38.45,106.22,Baseline,Low Efficiency
4675,2024-03-22 00:43:00,FL8522,51.89,Hazardous,High,Departure,T1,17,126.6,114.19,26,7,Forklift,91.06,72.02,98,34.49,0,Fog,2124.43,106.58,46.59,0,55.11,94.57,Baseline,Low Efficiency
4676,2024-08-10 04:19:00,FL3010,106.93,Express,High,Arrival,T3,40,116.99,85.58,16,7,Conveyor,74.49,53.54,63,81.36,1,Rain,1597.95,739.45,70.37,0,44.43,67.99,Baseline,Low Efficiency
4677,2024-11-23 17:23:00,FL2754,10.43,Hazardous,Low,Arrival,T2,16,133.87,101.19,14,11,Crane,47.24,52.9,15,44.51,0,Rain,3541.14,130.54,47.18,0,148.73,130.52,Adaptive,Low Efficiency
4678,2024-12-09 02:38:00,FL3323,115.56,General,High,Departure,T1,26,62.93,60.84,25,10,Crane,64.21,91.14,9,66.58,0,Storm,4349.28,902.88,87.34,0,101.62,58.93,Optimized,Low Efficiency
4679,2024-01-17 13:33:00,FL5627,83.1,Hazardous,Medium,Departure,T3,43,176.64,41.69,35,9,Conveyor,87.79,68.08,80,58.49,1,Rain,4015.26,985.84,49.83,0,53.48,125.21,Baseline,Low Efficiency
4680,2024-08-29 15:57:00,FL5292,77.61,Hazardous,Low,Arrival,T2,43,157.26,82.77,40,11,Conveyor,96.4,49.06,66,59.19,0,Storm,3750.28,381.97,61.3,0,61.85,93.07,Optimized,Low Efficiency
4681,2024-06-01 04:42:00,FL3959,36.11,Express,Low,Departure,T1,15,139.32,61.6,14,4,Crane,76.87,68.03,1,31.42,1,Rain,798.16,1481.1,89.07,0,73.57,64.95,Baseline,Low Efficiency
4682,2024-06-03 06:47:00,FL2520,33.61,Express,Critical,Arrival,T1,8,24.21,107.96,23,14,Loader,63.65,48.67,9,22.72,0,Fog,938.42,1267.33,55.81,0,71.41,58.14,Optimized,Low Efficiency
4683,2024-05-28 09:41:00,FL2267,113.34,Express,Medium,Arrival,T3,30,114.46,117.05,27,10,Loader,55.12,42.97,57,79.69,1,Fog,2591.73,749.37,85.83,0,34.3,46.55,Optimized,Low Efficiency
4684,2024-07-07 08:22:00,FL9097,39.3,Perishable,Medium,Departure,T2,14,133.04,99.28,14,13,Conveyor,65.32,49.75,56,2.21,1,Storm,3000.93,533.37,50.72,1,129.91,12.41,Adaptive,Low Efficiency
4685,2024-12-17 17:29:00,FL6921,94.18,Perishable,Low,Departure,T1,33,156.66,119.16,31,14,Forklift,73.94,74.02,20,15.56,0,Storm,3755.24,117.27,53.93,0,118.13,96.91,Baseline,Low Efficiency
4686,2024-04-12 22:13:00,FL4407,50.21,Hazardous,High,Arrival,T3,42,171.39,45.06,47,1,Conveyor,40.27,66.11,2,11.95,1,Rain,2101.35,1070.57,45.35,1,137.91,73.62,Adaptive,Low Efficiency
4687,2024-01-14 09:21:00,FL7402,21.01,Hazardous,High,Departure,T1,7,166.54,108.01,6,7,Crane,56.12,41.52,1,85.44,1,Clear,603.17,468.04,118.84,0,83.57,57.21,Adaptive,Low Efficiency
4688,2024-10-01 05:40:00,FL2649,6.23,General,High,Arrival,T2,18,84.97,42.94,15,10,Conveyor,80.29,93.55,74,0.45,1,Rain,662.46,652.52,65.54,0,104.08,34.57,Optimized,Low Efficiency
4689,2024-02-01 15:54:00,FL9045,67.59,General,Medium,Departure,T4,12,163.44,18.57,12,12,Loader,80.39,64.88,87,0.72,1,Rain,4346.74,700.07,34.42,1,115.56,10.13,Optimized,Low Efficiency
4690,2024-07-05 00:25:00,FL1359,117.21,Hazardous,Medium,Arrival,T1,2,20.12,76.46,23,14,Conveyor,79.18,85.56,54,20.41,1,Storm,1078.49,1295.34,72.39,1,93.2,104.6,Optimized,Moderate Efficiency
4691,2024-05-04 00:33:00,FL7778,47.45,Perishable,Medium,Departure,T2,29,76.24,57.32,20,6,Loader,97.0,53.15,19,25.12,1,Clear,4716.02,1291.97,61.59,1,108.58,130.36,Adaptive,Low Efficiency
4692,2024-02-13 18:29:00,FL2205,46.08,Hazardous,Low,Arrival,T1,21,38.22,111.0,8,11,Forklift,74.11,97.03,18,50.38,1,Clear,1996.83,1186.71,95.68,0,84.77,59.22,Baseline,Moderate Efficiency
4693,2024-07-25 19:29:00,FL8971,44.57,General,Critical,Arrival,T4,7,161.29,61.6,18,1,Forklift,56.18,82.65,24,86.51,1,Storm,3126.44,1173.52,112.93,1,65.92,85.77,Adaptive,Low Efficiency
4694,2024-05-26 03:25:00,FL2250,64.86,Perishable,Medium,Departure,T4,27,168.48,111.68,26,9,Forklift,88.7,61.82,52,41.85,0,Fog,1258.78,792.64,22.18,0,147.6,93.74,Baseline,Low Efficiency
4695,2024-07-16 12:59:00,FL4445,55.68,Perishable,Medium,Arrival,T1,12,60.96,14.04,21,10,Conveyor,63.36,93.16,86,25.99,0,Storm,2543.17,1207.57,117.93,0,76.86,44.6,Adaptive,Moderate Efficiency
4696,2024-02-08 15:43:00,FL7879,106.19,General,Medium,Arrival,T3,20,78.77,100.51,47,8,Loader,54.36,80.22,20,73.53,0,Storm,4441.14,1301.4,28.14,0,127.31,78.32,Adaptive,Low Efficiency
4697,2024-12-04 13:46:00,FL7148,63.13,Hazardous,High,Arrival,T1,14,177.42,92.3,30,10,Conveyor,73.4,60.14,11,34.72,0,Storm,4928.6,797.81,40.06,0,93.72,103.21,Adaptive,Low Efficiency
4698,2024-01-07 01:39:00,FL6137,63.39,Express,Low,Arrival,T2,10,110.57,87.8,39,4,Forklift,57.34,98.19,73,12.76,1,Clear,3949.44,1360.55,95.29,0,48.13,132.68,Adaptive,Low Efficiency
4699,2024-02-18 11:52:00,FL8387,20.91,Hazardous,Low,Arrival,T3,41,99.53,45.84,40,5,Conveyor,63.77,50.9,79,71.51,0,Storm,3940.78,1486.53,27.1,0,25.81,122.95,Baseline,Low Efficiency
4700,2024-10-10 00:03:00,FL3639,118.02,Hazardous,High,Departure,T2,23,100.07,95.13,49,8,Loader,81.59,47.96,60,0.22,0,Clear,4483.91,345.39,99.92,1,138.11,131.71,Optimized,Low Efficiency
4701,2024-07-16 13:29:00,FL3945,33.75,General,Medium,Arrival,T2,30,131.39,60.58,34,2,Crane,99.76,92.63,16,18.46,0,Storm,1602.02,1470.65,84.08,1,57.22,149.56,Adaptive,Low Efficiency
4702,2024-09-19 07:17:00,FL5894,13.44,Perishable,High,Arrival,T3,47,172.73,87.25,25,6,Loader,78.68,79.52,13,57.16,0,Fog,3813.2,444.04,98.58,1,51.35,46.72,Optimized,Low Efficiency
4703,2024-03-19 13:32:00,FL1166,81.26,General,Low,Arrival,T4,31,78.66,68.51,24,10,Forklift,56.59,54.19,53,9.22,0,Fog,3012.51,1407.64,71.98,1,114.61,111.72,Baseline,Low Efficiency
4704,2024-01-14 21:25:00,FL3927,73.47,Hazardous,High,Departure,T2,10,47.63,23.11,46,2,Forklift,45.43,46.23,6,23.02,1,Rain,1677.57,1291.55,118.26,1,100.44,88.59,Optimized,Moderate Efficiency
4705,2024-07-31 23:43:00,FL1515,52.74,Express,Low,Departure,T1,19,49.6,12.42,30,12,Forklift,61.72,42.46,25,35.4,1,Rain,749.63,1382.48,75.22,0,102.5,92.04,Optimized,Low Efficiency
4706,2024-10-08 10:58:00,FL2920,53.55,Express,Low,Arrival,T4,19,23.26,47.11,16,11,Conveyor,41.16,51.94,63,35.68,0,Clear,1403.69,745.44,53.51,0,28.44,50.53,Adaptive,Low Efficiency
4707,2024-06-17 07:57:00,FL6616,95.28,Express,Critical,Arrival,T4,44,108.87,112.27,12,8,Loader,67.89,38.79,47,87.55,1,Fog,3425.86,311.49,116.31,1,44.73,128.83,Adaptive,Low Efficiency
4708,2024-10-04 05:14:00,FL6681,27.51,General,Medium,Departure,T3,23,168.66,65.92,39,5,Conveyor,79.6,40.17,15,60.8,0,Clear,3064.31,411.67,18.1,0,79.42,120.49,Adaptive,Low Efficiency
4709,2024-03-13 12:42:00,FL8928,99.33,Perishable,Medium,Departure,T1,44,134.09,97.25,33,12,Forklift,70.71,84.36,54,3.33,1,Storm,811.72,526.57,66.61,1,131.63,125.0,Optimized,Low Efficiency
4710,2024-08-17 16:59:00,FL9953,79.61,General,Low,Arrival,T1,41,178.87,71.23,46,10,Loader,91.92,34.46,82,19.92,1,Storm,3030.4,449.61,79.53,1,69.56,149.58,Optimized,Low Efficiency
4711,2024-12-18 22:05:00,FL1082,53.18,Express,High,Departure,T4,32,165.52,115.16,11,3,Crane,69.64,60.75,43,55.48,1,Clear,2257.92,1454.34,48.0,1,29.85,53.25,Adaptive,Low Efficiency
4712,2024-03-05 02:16:00,FL3595,57.67,Hazardous,Medium,Arrival,T2,20,98.7,47.49,14,2,Forklift,67.74,58.35,97,64.21,0,Rain,567.19,318.5,20.12,1,66.04,146.46,Optimized,Low Efficiency
4713,2024-05-15 17:52:00,FL9548,34.51,Perishable,Critical,Arrival,T2,4,97.85,11.56,43,4,Loader,58.58,97.21,14,34.25,0,Clear,4592.71,1060.11,55.1,0,50.82,39.34,Baseline,Low Efficiency
4714,2024-05-24 19:35:00,FL5169,91.49,General,Critical,Arrival,T1,33,120.54,94.78,24,8,Loader,90.26,62.59,34,77.09,1,Clear,1662.69,816.24,99.16,1,149.24,22.69,Adaptive,Low Efficiency
4715,2024-12-30 13:30:00,FL2992,63.98,General,High,Departure,T4,48,37.75,86.13,32,1,Forklift,94.22,41.26,2,84.91,0,Rain,2990.28,147.89,72.83,0,62.62,11.44,Optimized,Moderate Efficiency
4716,2024-11-29 11:53:00,FL4159,41.9,Perishable,Medium,Arrival,T4,1,117.23,65.67,18,10,Crane,98.68,36.19,20,55.27,1,Storm,3151.15,396.22,93.37,0,96.18,42.8,Baseline,Low Efficiency
4717,2024-01-16 15:32:00,FL1484,73.55,Perishable,Medium,Arrival,T4,13,94.25,42.53,16,3,Loader,98.87,81.27,16,50.62,0,Rain,2744.64,1407.0,88.94,0,90.46,53.76,Baseline,Moderate Efficiency
4718,2024-01-29 22:43:00,FL9781,119.51,Hazardous,High,Departure,T3,3,122.84,26.65,12,13,Loader,98.83,40.34,67,67.57,1,Fog,1578.12,1243.55,41.52,0,33.81,53.28,Baseline,Low Efficiency
4719,2024-06-29 03:29:00,FL1377,55.06,Perishable,Low,Arrival,T1,12,110.43,60.46,11,1,Crane,82.72,95.66,30,70.38,0,Rain,2333.15,920.34,37.89,1,28.22,140.19,Baseline,Low Efficiency
4720,2024-08-10 00:59:00,FL9486,110.88,Hazardous,Medium,Arrival,T1,29,69.66,81.61,9,2,Forklift,73.76,69.14,87,19.39,0,Fog,1806.49,207.42,97.01,0,12.47,53.83,Baseline,Low Efficiency
4721,2024-08-30 21:33:00,FL9384,44.68,Express,Low,Arrival,T2,31,117.24,71.57,5,10,Loader,50.34,58.12,51,43.52,1,Fog,2451.0,293.95,28.72,0,29.24,102.3,Adaptive,Low Efficiency
4722,2024-12-22 18:11:00,FL3496,11.29,Express,Low,Departure,T2,41,78.56,55.31,13,11,Forklift,86.02,77.9,87,40.27,0,Rain,871.97,1122.84,72.19,1,111.73,147.95,Baseline,Low Efficiency
4723,2024-10-13 11:09:00,FL4543,28.49,General,Low,Departure,T1,36,51.14,67.06,48,7,Conveyor,84.09,43.92,3,84.73,0,Rain,1246.77,1159.88,115.21,0,98.57,51.15,Optimized,Moderate Efficiency
4724,2024-04-24 07:51:00,FL6978,53.15,Express,Medium,Arrival,T1,2,128.01,17.41,22,1,Conveyor,90.54,56.76,77,10.06,1,Rain,1118.83,1441.34,67.8,0,49.77,146.54,Optimized,Low Efficiency
4725,2024-01-14 09:04:00,FL2880,30.26,Express,High,Departure,T2,22,69.02,85.02,47,9,Crane,67.75,32.34,51,84.91,0,Clear,3177.51,387.83,98.74,0,40.13,116.77,Baseline,Low Efficiency
4726,2024-09-09 12:25:00,FL4554,5.03,Hazardous,Medium,Arrival,T1,22,162.24,89.44,46,8,Forklift,93.55,91.44,46,51.53,1,Rain,3451.53,1008.69,38.18,1,14.4,123.75,Baseline,Low Efficiency
4727,2024-09-13 06:07:00,FL1483,110.23,General,Medium,Arrival,T2,41,51.89,6.32,14,1,Loader,83.12,59.77,40,25.92,1,Fog,4612.8,703.18,16.38,1,49.63,89.62,Adaptive,Low Efficiency
4728,2024-09-15 18:40:00,FL6366,102.05,Perishable,Low,Departure,T1,31,116.02,36.11,5,10,Crane,50.27,83.12,29,78.24,0,Fog,1679.73,259.39,48.31,0,57.09,118.87,Baseline,Low Efficiency
4729,2024-08-08 03:32:00,FL3270,90.36,General,Medium,Departure,T3,45,111.45,15.59,24,1,Conveyor,52.41,94.18,23,4.54,1,Fog,2270.7,570.62,73.24,0,131.11,95.4,Optimized,Low Efficiency
4730,2024-06-20 23:58:00,FL4600,24.3,Express,Low,Arrival,T3,14,51.64,119.8,47,2,Forklift,88.86,75.7,17,28.7,1,Rain,3300.94,614.42,80.39,1,11.91,77.87,Adaptive,Low Efficiency
4731,2024-12-31 00:00:00,FL2367,18.84,Perishable,High,Departure,T4,29,90.38,73.23,33,2,Crane,65.54,56.3,85,67.73,0,Storm,4872.9,734.83,68.98,1,46.95,129.59,Optimized,Low Efficiency
4732,2024-07-19 21:19:00,FL3073,12.77,General,Critical,Departure,T1,35,128.09,58.56,6,6,Crane,54.94,73.37,93,74.49,1,Storm,2261.83,510.25,57.62,0,143.41,124.9,Baseline,Low Efficiency
4733,2024-02-15 03:41:00,FL5384,88.26,General,Low,Departure,T2,9,70.96,58.25,30,1,Forklift,65.35,55.22,69,15.07,0,Fog,1803.27,873.73,118.39,0,129.27,65.43,Baseline,Moderate Efficiency
4734,2024-07-06 15:16:00,FL5483,111.81,General,Low,Arrival,T1,47,38.21,115.95,15,4,Loader,49.68,69.71,85,84.76,0,Fog,2245.08,949.04,85.74,0,133.45,15.81,Optimized,Low Efficiency
4735,2024-10-08 22:17:00,FL8890,54.51,General,Medium,Arrival,T1,32,118.44,80.88,29,7,Loader,93.5,60.25,66,4.84,1,Clear,1891.85,677.91,114.92,0,10.4,139.65,Adaptive,Low Efficiency
4736,2024-01-22 10:57:00,FL4264,18.7,Hazardous,Critical,Departure,T4,27,55.86,24.4,38,13,Loader,44.29,40.49,23,39.02,0,Rain,882.9,622.75,29.42,0,60.72,119.53,Adaptive,Low Efficiency
4737,2024-07-23 00:44:00,FL2506,63.93,General,High,Arrival,T2,10,129.04,56.54,45,13,Forklift,61.19,84.61,75,8.77,0,Rain,2056.93,1017.71,119.95,1,77.33,130.09,Adaptive,Low Efficiency
4738,2024-06-13 06:20:00,FL6710,45.12,Express,Critical,Arrival,T1,25,154.31,94.03,5,12,Conveyor,73.42,64.75,79,8.79,0,Fog,3133.96,175.89,87.33,0,25.08,13.32,Adaptive,Low Efficiency
4739,2024-04-20 11:17:00,FL5822,48.1,Express,Medium,Departure,T2,49,39.74,53.69,35,9,Crane,92.42,43.31,23,82.25,0,Clear,1322.57,1312.97,116.91,0,21.25,132.37,Adaptive,Moderate Efficiency
4740,2024-09-05 21:08:00,FL8652,76.45,Hazardous,Critical,Arrival,T1,45,90.02,40.6,42,10,Forklift,86.89,92.43,7,81.36,0,Fog,4251.48,1464.49,76.66,0,60.02,75.64,Adaptive,Low Efficiency
4741,2024-10-13 01:29:00,FL9123,87.65,Perishable,Low,Departure,T4,33,91.19,118.99,26,3,Loader,41.35,89.73,43,55.37,0,Clear,3809.12,177.43,26.94,0,138.91,137.45,Baseline,Low Efficiency
4742,2024-04-09 22:48:00,FL8144,17.72,Perishable,Low,Arrival,T2,11,121.21,112.6,6,4,Loader,89.51,69.12,62,86.97,0,Fog,3013.63,1092.85,48.29,0,66.06,106.9,Adaptive,Low Efficiency
4743,2024-03-04 22:19:00,FL9399,9.09,Express,Critical,Arrival,T1,37,73.51,113.28,5,5,Crane,78.29,97.92,34,44.19,0,Fog,3818.72,453.13,15.83,0,115.94,69.59,Optimized,Low Efficiency
4744,2024-10-05 07:33:00,FL7552,119.35,Express,Critical,Departure,T3,9,86.97,20.14,28,5,Crane,48.0,94.9,51,70.46,1,Rain,1925.0,702.03,26.66,0,93.73,27.32,Baseline,Low Efficiency
4745,2024-06-14 14:35:00,FL4163,31.76,Hazardous,Low,Arrival,T2,7,21.92,31.94,40,2,Crane,77.05,92.79,44,8.75,0,Clear,1400.61,478.9,119.82,0,134.24,88.07,Optimized,High Efficiency
4746,2024-10-30 21:25:00,FL5097,11.19,Perishable,Low,Departure,T4,7,39.59,55.84,49,13,Crane,89.07,39.33,70,35.61,0,Storm,4290.23,399.95,110.74,0,56.68,109.25,Adaptive,Moderate Efficiency
4747,2024-06-24 00:36:00,FL3833,26.84,Perishable,Low,Arrival,T3,34,111.18,100.69,40,5,Crane,76.13,50.62,80,46.36,0,Clear,4184.57,717.38,109.2,0,28.64,136.57,Adaptive,Low Efficiency
4748,2024-04-21 05:29:00,FL4242,9.48,General,Low,Arrival,T2,19,54.54,89.74,38,10,Forklift,99.95,58.71,55,70.03,1,Clear,3811.79,620.25,10.22,1,29.16,133.94,Baseline,Low Efficiency
4749,2024-11-06 13:00:00,FL5605,50.06,General,Low,Arrival,T2,20,43.13,102.71,13,1,Loader,70.42,88.23,66,30.1,1,Rain,1653.39,696.11,59.56,0,36.35,46.21,Adaptive,Low Efficiency
4750,2024-08-15 11:17:00,FL7436,97.28,General,Critical,Departure,T2,42,71.91,110.89,16,7,Loader,80.39,90.99,96,88.23,0,Storm,2046.46,1231.32,96.02,0,123.22,20.51,Baseline,Low Efficiency
4751,2024-08-27 18:40:00,FL2685,44.24,Hazardous,High,Arrival,T2,25,46.17,94.79,24,14,Forklift,44.22,82.6,58,66.13,0,Storm,2212.59,1470.11,34.93,0,89.97,75.76,Baseline,Low Efficiency
4752,2024-11-23 01:48:00,FL6105,56.08,Express,High,Arrival,T1,5,29.54,35.1,8,5,Conveyor,88.79,63.07,43,47.97,0,Rain,1329.07,300.66,56.21,1,86.39,48.7,Adaptive,Moderate Efficiency
4753,2024-04-05 22:53:00,FL3714,82.69,Hazardous,High,Departure,T1,48,65.42,37.83,19,6,Loader,77.45,41.33,61,29.77,0,Fog,3920.17,1141.74,32.54,1,27.22,54.44,Baseline,Low Efficiency
4754,2024-05-30 13:20:00,FL4372,63.52,Perishable,Medium,Departure,T2,29,46.3,45.54,8,14,Conveyor,73.67,32.46,38,57.78,1,Clear,1331.13,868.74,86.19,1,34.87,103.44,Baseline,Moderate Efficiency
4755,2024-04-10 21:48:00,FL8992,104.07,Express,High,Arrival,T4,27,147.9,39.85,9,9,Conveyor,82.53,78.95,28,60.58,1,Clear,1497.88,622.23,87.44,0,38.74,114.52,Optimized,Low Efficiency
4756,2024-05-27 07:37:00,FL8101,104.59,General,Medium,Departure,T1,25,30.03,33.65,14,3,Conveyor,73.63,99.59,57,61.13,0,Fog,716.78,1024.8,41.1,0,115.38,112.69,Optimized,Low Efficiency
4757,2024-04-10 13:38:00,FL8309,6.14,Hazardous,Medium,Departure,T2,37,139.59,91.54,48,1,Conveyor,85.99,54.18,41,52.76,1,Storm,3485.07,1334.14,62.5,1,107.38,124.41,Adaptive,Low Efficiency
4758,2024-08-13 00:08:00,FL7942,94.48,Hazardous,Medium,Departure,T2,15,81.25,8.91,48,8,Loader,75.01,69.81,73,36.04,1,Fog,4680.49,998.11,59.69,1,91.69,16.08,Optimized,Low Efficiency
4759,2024-04-08 11:42:00,FL5451,57.98,General,Medium,Departure,T4,48,128.05,88.77,44,2,Loader,71.2,86.74,89,73.5,1,Storm,2676.94,1085.09,95.58,1,24.24,145.15,Adaptive,Low Efficiency
4760,2024-11-09 03:55:00,FL6222,118.72,Hazardous,High,Arrival,T4,4,28.43,99.71,40,2,Forklift,48.1,43.05,50,23.24,1,Fog,4540.08,307.54,84.27,0,31.58,57.39,Adaptive,Low Efficiency
4761,2024-04-15 16:43:00,FL2762,60.57,General,Critical,Departure,T4,14,167.31,12.6,39,10,Loader,68.31,88.07,90,56.28,1,Fog,4284.5,1098.09,17.5,0,46.02,61.39,Baseline,Low Efficiency
4762,2024-04-25 02:05:00,FL7275,118.49,Perishable,Medium,Arrival,T3,49,142.78,12.11,5,13,Forklift,72.29,73.77,90,42.45,0,Storm,4076.16,1480.58,26.62,0,126.32,98.49,Baseline,Low Efficiency
4763,2024-08-19 04:38:00,FL8033,91.78,Express,High,Arrival,T2,17,42.42,37.83,22,4,Conveyor,77.47,69.89,61,80.36,1,Clear,1254.38,1443.44,102.4,0,111.12,41.56,Adaptive,Moderate Efficiency
4764,2024-02-19 09:08:00,FL4272,33.59,Perishable,Low,Arrival,T4,21,55.01,28.96,35,5,Forklift,67.35,83.36,69,53.15,0,Fog,2197.94,672.87,116.21,0,138.07,104.9,Optimized,Moderate Efficiency
4765,2024-03-27 04:58:00,FL6782,66.92,Perishable,High,Departure,T2,16,123.04,71.83,10,1,Forklift,48.8,46.87,63,77.01,0,Storm,3487.28,1335.16,80.0,0,14.77,46.74,Adaptive,Low Efficiency
4766,2024-05-14 01:59:00,FL7126,119.1,General,Medium,Departure,T1,26,167.45,82.68,10,11,Loader,49.02,73.03,81,85.8,0,Clear,2049.6,927.91,50.12,1,124.97,108.25,Adaptive,Low Efficiency
4767,2024-08-19 06:25:00,FL2052,103.62,Hazardous,Low,Arrival,T2,9,91.33,77.93,46,3,Forklift,83.26,46.83,26,11.43,0,Clear,3699.01,265.61,34.32,0,13.36,124.49,Baseline,Low Efficiency
4768,2024-04-15 23:11:00,FL8363,16.2,Perishable,Medium,Arrival,T2,2,97.7,46.09,23,11,Conveyor,79.69,42.57,26,49.97,1,Clear,1792.81,1469.48,91.79,1,103.17,136.03,Baseline,Low Efficiency
4769,2024-01-22 11:15:00,FL3740,86.23,Perishable,High,Departure,T3,43,58.05,62.32,36,8,Loader,55.57,73.63,73,79.56,0,Storm,2266.77,958.46,80.22,0,100.99,67.15,Baseline,Low Efficiency
4770,2024-08-20 01:28:00,FL1553,44.74,Perishable,Low,Departure,T1,15,81.28,78.6,46,6,Loader,66.75,48.85,23,78.49,0,Storm,3791.8,248.22,109.98,0,47.51,122.99,Optimized,Low Efficiency
4771,2024-10-28 11:52:00,FL9378,5.8,Hazardous,Critical,Arrival,T1,35,65.76,18.73,34,3,Loader,58.42,80.01,52,17.63,0,Fog,1030.48,901.15,109.34,0,114.84,75.11,Adaptive,Moderate Efficiency
4772,2024-10-26 11:08:00,FL5146,51.4,Hazardous,Low,Departure,T3,24,76.09,31.39,30,14,Crane,50.86,66.01,88,43.32,0,Fog,4040.52,1110.03,43.79,1,69.12,44.42,Optimized,Low Efficiency
4773,2024-08-08 21:23:00,FL7714,32.0,General,Critical,Departure,T4,48,23.3,107.41,7,12,Conveyor,59.57,78.65,73,20.08,1,Fog,3706.58,432.16,98.32,0,98.67,112.42,Baseline,Moderate Efficiency
4774,2024-11-18 14:03:00,FL5808,99.17,Perishable,High,Arrival,T4,38,26.57,44.37,37,7,Forklift,55.76,92.41,74,80.71,1,Fog,2523.33,1055.42,37.9,0,98.23,51.23,Optimized,Low Efficiency
4775,2024-07-18 08:56:00,FL9691,43.79,Express,Medium,Departure,T2,14,128.91,97.13,35,11,Crane,44.95,39.68,70,0.29,1,Storm,2468.86,1452.31,96.02,1,133.41,33.9,Optimized,Low Efficiency
4776,2024-04-20 15:38:00,FL6771,100.17,Hazardous,Medium,Departure,T3,37,129.09,33.86,24,6,Loader,70.27,34.67,4,19.66,0,Storm,4579.99,424.31,28.49,1,104.38,26.97,Baseline,Low Efficiency
4777,2024-05-16 20:22:00,FL7525,5.07,General,High,Arrival,T4,37,72.84,9.79,8,5,Crane,67.05,57.99,1,36.81,1,Rain,3723.23,787.18,48.25,0,103.89,65.68,Adaptive,Low Efficiency
4778,2024-03-18 17:57:00,FL1490,40.4,Perishable,High,Departure,T1,6,161.67,62.55,36,8,Crane,82.88,80.17,6,19.9,1,Fog,3290.75,539.61,19.45,0,93.5,114.44,Optimized,Low Efficiency
4779,2024-04-05 18:55:00,FL2878,32.73,Express,High,Arrival,T3,18,62.58,107.64,22,8,Forklift,77.22,92.03,56,87.62,0,Storm,4388.8,643.06,42.54,0,24.02,123.95,Optimized,Low Efficiency
4780,2024-05-14 12:40:00,FL3947,31.86,Hazardous,Medium,Departure,T4,22,83.33,99.22,14,3,Conveyor,60.6,32.44,29,21.96,0,Rain,1992.26,1271.95,45.0,1,52.14,126.85,Adaptive,Low Efficiency
4781,2024-01-20 01:50:00,FL6286,12.84,Express,Medium,Arrival,T1,18,137.02,34.09,26,8,Crane,69.78,85.51,3,32.61,0,Fog,1790.15,1252.95,83.55,0,74.32,69.92,Optimized,Low Efficiency
4782,2024-07-13 07:45:00,FL8035,26.52,Hazardous,Critical,Departure,T3,2,138.97,109.64,21,10,Conveyor,72.16,35.28,88,15.67,0,Rain,1444.15,111.69,88.68,1,45.05,15.29,Optimized,Low Efficiency
4783,2024-06-17 03:28:00,FL4046,68.89,General,Low,Arrival,T2,32,157.79,60.17,46,9,Conveyor,95.05,70.64,42,83.4,1,Fog,2841.05,270.91,74.68,0,33.18,34.97,Adaptive,Low Efficiency
4784,2024-06-18 01:41:00,FL6861,38.51,Express,Medium,Departure,T2,17,24.65,10.63,8,13,Loader,98.9,54.09,9,37.01,1,Fog,4946.43,588.61,94.71,1,81.64,37.35,Adaptive,Moderate Efficiency
4785,2024-06-17 03:29:00,FL5019,53.0,Perishable,Low,Departure,T1,1,49.4,8.21,41,12,Loader,88.93,31.24,81,23.57,0,Clear,4678.06,524.25,59.67,1,126.92,80.53,Optimized,Moderate Efficiency
4786,2024-01-19 23:51:00,FL2190,48.34,Perishable,High,Departure,T4,9,122.49,60.79,11,13,Forklift,73.73,36.8,59,22.15,0,Storm,2548.87,231.02,79.07,0,98.77,138.22,Adaptive,Low Efficiency
4787,2024-09-18 14:32:00,FL4525,105.73,Hazardous,High,Arrival,T4,13,74.11,67.83,12,10,Forklift,95.69,54.76,38,52.71,0,Rain,1001.03,1062.72,49.52,0,107.25,28.24,Adaptive,Low Efficiency
4788,2024-02-27 20:56:00,FL7089,109.11,Perishable,Low,Departure,T3,36,26.97,14.19,5,3,Crane,50.69,96.76,42,87.99,1,Fog,4435.66,999.78,67.35,1,29.8,14.71,Optimized,Low Efficiency
4789,2024-12-13 01:13:00,FL7094,61.69,Express,Low,Arrival,T1,37,113.83,111.06,12,11,Loader,81.79,40.84,50,87.68,1,Storm,4651.72,447.37,25.52,1,121.65,10.06,Baseline,Low Efficiency
4790,2024-04-07 15:20:00,FL3376,42.97,General,Low,Departure,T4,30,82.89,87.59,23,8,Conveyor,67.63,49.04,14,88.35,1,Rain,1271.15,606.33,77.21,0,25.54,136.08,Optimized,Low Efficiency
4791,2024-12-07 08:14:00,FL6151,17.28,Hazardous,Medium,Departure,T2,31,78.26,97.15,21,8,Conveyor,48.68,99.59,45,34.8,1,Clear,4475.56,783.15,32.54,0,49.48,125.1,Optimized,Low Efficiency
4792,2024-09-29 07:24:00,FL3003,114.64,Express,Medium,Departure,T1,23,62.3,72.16,45,12,Crane,44.51,63.64,33,82.3,0,Storm,2508.26,163.41,60.7,1,132.77,144.82,Adaptive,Low Efficiency
4793,2024-05-13 23:13:00,FL1157,11.93,Hazardous,Critical,Departure,T2,28,20.96,81.31,13,7,Loader,68.84,48.36,20,40.0,0,Rain,552.49,316.72,83.2,0,139.05,108.05,Baseline,Moderate Efficiency
4794,2024-10-09 03:21:00,FL6219,39.23,General,Medium,Departure,T1,10,49.18,49.6,20,8,Forklift,54.34,73.12,34,45.95,0,Fog,4744.06,1005.55,57.06,0,22.28,95.49,Baseline,Low Efficiency
4795,2024-12-23 20:38:00,FL1178,39.28,Hazardous,Low,Departure,T3,25,95.88,83.12,49,1,Crane,55.03,60.52,67,46.79,1,Clear,692.61,779.92,34.55,1,32.7,27.25,Baseline,Low Efficiency
4796,2024-12-11 01:04:00,FL6388,41.85,Perishable,Critical,Arrival,T4,36,64.12,117.49,41,3,Conveyor,59.21,90.08,84,5.72,1,Storm,655.74,940.66,83.28,0,60.18,90.59,Adaptive,Low Efficiency
4797,2024-04-10 03:12:00,FL4502,23.89,Perishable,Medium,Arrival,T4,26,159.9,79.49,31,6,Loader,83.1,30.56,67,15.94,0,Fog,4835.65,1462.63,103.78,1,110.31,120.71,Adaptive,Low Efficiency
4798,2024-04-29 06:22:00,FL8624,95.06,Hazardous,Medium,Departure,T4,26,42.88,44.29,6,12,Forklift,49.85,99.77,70,79.75,0,Clear,1465.64,1157.71,65.04,1,30.87,131.71,Baseline,Low Efficiency
4799,2024-05-20 17:27:00,FL6268,19.09,General,Low,Departure,T2,45,160.05,37.8,40,7,Forklift,83.05,34.64,93,80.67,0,Clear,3000.34,1455.53,71.34,1,31.66,131.81,Baseline,Low Efficiency
4800,2024-06-13 18:24:00,FL4811,78.01,General,Medium,Departure,T4,13,84.77,115.78,16,7,Conveyor,86.96,67.6,39,18.18,0,Rain,4742.15,927.33,53.0,0,86.36,52.49,Adaptive,Low Efficiency
4801,2024-01-24 11:15:00,FL2085,19.24,Perishable,Critical,Departure,T1,17,64.13,26.28,39,11,Conveyor,75.67,78.82,43,27.24,1,Fog,4730.04,102.05,74.15,0,92.62,36.6,Adaptive,Low Efficiency
4802,2024-10-24 12:36:00,FL7317,13.11,General,Medium,Departure,T2,40,68.69,97.71,35,6,Conveyor,54.85,68.49,95,74.68,1,Fog,1283.52,231.29,64.48,1,22.31,30.78,Optimized,Low Efficiency
4803,2024-01-11 22:23:00,FL5646,109.58,Hazardous,Medium,Arrival,T3,4,72.81,58.51,23,13,Conveyor,43.09,51.05,39,18.38,1,Storm,2810.96,1075.77,92.12,1,66.71,100.17,Optimized,Low Efficiency
4804,2024-07-15 12:07:00,FL4476,26.86,Express,High,Departure,T2,23,101.05,56.03,30,12,Forklift,64.48,89.88,85,79.27,0,Storm,531.29,527.1,36.43,0,112.51,19.8,Adaptive,Low Efficiency
4805,2024-10-27 18:28:00,FL9638,99.44,Hazardous,Critical,Departure,T3,35,76.62,90.97,40,12,Loader,90.85,60.13,44,74.09,1,Storm,906.72,679.28,63.48,0,57.82,131.88,Baseline,Low Efficiency
4806,2024-06-11 01:25:00,FL4562,67.63,Perishable,Low,Arrival,T2,11,123.55,22.02,8,12,Forklift,46.11,51.05,1,72.68,0,Storm,4766.67,1045.59,44.79,0,43.91,123.09,Adaptive,Low Efficiency
4807,2024-05-27 16:46:00,FL2686,13.95,Perishable,Medium,Arrival,T4,12,88.03,58.62,47,11,Conveyor,84.69,83.78,97,80.26,0,Clear,2368.22,566.81,20.39,0,26.01,10.97,Baseline,Low Efficiency
4808,2024-05-28 22:58:00,FL5555,114.88,Perishable,Critical,Arrival,T3,9,127.46,9.12,35,4,Loader,68.07,40.21,50,79.82,0,Storm,1175.86,1323.12,52.52,0,75.05,92.25,Adaptive,Low Efficiency
4809,2024-02-18 03:48:00,FL2225,33.4,General,Low,Departure,T4,15,116.71,82.1,17,5,Forklift,93.93,44.35,74,82.55,1,Fog,3341.32,642.4,114.85,0,141.61,98.64,Optimized,Low Efficiency
4810,2024-05-08 22:39:00,FL7909,103.86,Hazardous,High,Departure,T2,45,59.11,11.71,47,9,Loader,61.37,47.69,62,79.16,0,Clear,1279.99,162.05,60.65,1,95.97,136.86,Optimized,Low Efficiency
4811,2024-11-15 21:03:00,FL8130,24.41,Express,High,Departure,T3,37,150.04,15.04,43,1,Forklift,82.28,60.44,90,54.62,1,Storm,4910.64,1477.89,70.02,1,19.32,84.88,Optimized,Low Efficiency
4812,2024-12-22 18:22:00,FL6206,103.2,Hazardous,High,Departure,T1,5,147.84,102.16,8,2,Loader,84.41,31.42,3,14.2,1,Storm,3518.82,785.61,91.65,0,46.18,17.24,Adaptive,Low Efficiency
4813,2024-08-24 13:57:00,FL6244,6.52,Express,Medium,Departure,T1,19,178.24,55.94,44,5,Forklift,51.92,99.42,78,54.82,1,Rain,2159.05,590.76,118.33,1,113.7,105.68,Adaptive,Low Efficiency
4814,2024-11-29 04:10:00,FL4246,63.85,Hazardous,Medium,Arrival,T2,11,48.01,28.11,48,5,Forklift,49.49,72.01,8,84.8,0,Clear,2215.18,1358.83,55.3,0,115.95,58.93,Baseline,Low Efficiency
4815,2024-06-28 16:51:00,FL4229,93.49,Perishable,High,Departure,T3,9,155.65,73.15,17,12,Crane,45.56,97.95,48,87.09,0,Fog,4626.2,1305.22,66.94,0,62.61,81.34,Adaptive,Low Efficiency
4816,2024-11-07 08:04:00,FL1813,112.5,Express,Low,Departure,T1,35,159.52,64.72,45,7,Conveyor,82.09,86.52,96,65.56,0,Storm,4527.61,152.94,116.54,0,19.38,43.5,Adaptive,Low Efficiency
4817,2024-10-21 19:33:00,FL9092,109.56,Hazardous,Medium,Departure,T4,27,122.75,52.25,13,8,Crane,72.89,39.4,41,62.45,0,Clear,4774.92,1231.82,57.17,0,85.16,130.46,Optimized,Low Efficiency
4818,2024-01-31 10:58:00,FL9169,99.26,General,Low,Arrival,T4,13,101.02,109.12,6,10,Forklift,45.2,44.63,36,84.46,1,Fog,2541.42,785.96,96.94,1,112.56,92.33,Baseline,Low Efficiency
4819,2024-10-03 23:31:00,FL1766,107.14,General,Low,Departure,T2,12,173.16,91.19,39,6,Conveyor,58.5,32.41,91,26.21,0,Storm,4328.37,1042.83,58.82,0,56.45,114.33,Optimized,Low Efficiency
4820,2024-08-15 20:16:00,FL5496,27.91,Hazardous,Critical,Departure,T4,9,175.63,22.43,16,6,Forklift,48.54,88.37,57,13.59,1,Storm,2681.76,304.34,35.04,0,120.41,31.06,Adaptive,Low Efficiency
4821,2024-10-14 00:16:00,FL7901,37.68,Perishable,Medium,Departure,T4,42,122.67,70.64,21,5,Crane,45.56,71.54,97,26.1,0,Rain,3348.36,1034.46,113.0,0,56.11,89.11,Optimized,Low Efficiency
4822,2024-01-29 01:02:00,FL2953,38.23,Express,Critical,Departure,T4,28,77.53,15.21,8,5,Loader,57.93,45.05,85,85.41,1,Rain,2783.34,422.13,88.33,0,33.64,52.21,Optimized,Low Efficiency
4823,2024-03-20 14:26:00,FL3033,48.36,Hazardous,Low,Arrival,T1,13,150.75,33.14,18,13,Loader,45.78,97.91,90,19.11,1,Clear,3237.01,264.29,104.99,0,121.85,13.58,Baseline,Low Efficiency
4824,2024-11-24 20:26:00,FL8418,50.23,General,Medium,Arrival,T3,20,34.28,109.63,25,11,Conveyor,55.61,81.57,78,20.23,0,Rain,2792.62,288.53,22.77,0,28.71,112.0,Adaptive,Low Efficiency
4825,2024-11-28 16:54:00,FL3803,67.62,Express,Low,Arrival,T2,13,66.5,58.14,45,8,Crane,73.16,79.39,43,17.37,1,Rain,1196.79,519.91,87.54,1,44.2,147.08,Baseline,Low Efficiency
4826,2024-01-31 21:16:00,FL6355,23.39,General,High,Departure,T3,27,177.69,107.59,12,5,Crane,73.65,48.69,28,43.63,0,Clear,987.74,1488.31,80.44,0,129.48,111.9,Optimized,Low Efficiency
4827,2024-06-27 22:17:00,FL7272,84.49,General,High,Arrival,T3,26,150.29,24.09,37,6,Forklift,50.08,51.94,92,71.67,1,Storm,4734.93,176.0,63.24,1,83.2,21.77,Baseline,Low Efficiency
4828,2024-10-15 01:48:00,FL4873,24.27,Hazardous,Low,Arrival,T3,29,170.33,28.61,49,3,Conveyor,51.46,76.76,85,34.37,1,Fog,2793.8,563.28,25.63,0,31.59,98.2,Baseline,Low Efficiency
4829,2024-01-29 13:58:00,FL1348,40.69,General,Critical,Departure,T1,29,115.17,45.57,32,14,Loader,91.3,71.55,59,9.01,0,Clear,4738.34,835.08,55.63,1,96.19,126.02,Adaptive,Low Efficiency
4830,2024-10-09 02:16:00,FL5670,62.88,Express,Low,Departure,T4,22,85.23,47.13,7,5,Crane,50.02,75.31,29,66.62,0,Clear,3586.17,389.66,77.95,0,92.03,32.58,Baseline,Low Efficiency
4831,2024-02-05 21:30:00,FL1292,96.59,Perishable,High,Arrival,T2,9,176.75,90.71,18,14,Forklift,42.74,91.52,38,54.88,0,Fog,900.38,1446.25,84.52,0,87.18,147.32,Optimized,Low Efficiency
4832,2024-05-18 05:52:00,FL1076,90.04,Hazardous,Critical,Arrival,T3,24,69.51,73.93,23,9,Conveyor,54.69,41.23,34,43.12,1,Rain,1407.03,744.79,22.87,0,57.68,97.31,Baseline,Low Efficiency
4833,2024-07-31 00:43:00,FL8565,79.24,Express,Critical,Arrival,T4,42,141.19,68.62,10,3,Crane,74.59,38.14,65,86.77,0,Clear,3954.83,1069.8,58.82,0,66.93,147.49,Optimized,Low Efficiency
4834,2024-11-16 01:45:00,FL5659,22.91,Hazardous,Critical,Arrival,T1,19,109.31,74.27,40,8,Crane,40.43,69.52,20,42.34,0,Storm,1300.19,603.95,56.81,0,116.53,98.22,Baseline,Low Efficiency
4835,2024-10-16 20:15:00,FL3147,67.91,General,Medium,Departure,T3,38,56.56,89.2,24,11,Loader,99.1,65.01,26,65.93,0,Clear,534.76,371.88,96.49,1,139.68,103.62,Baseline,Moderate Efficiency
4836,2024-08-09 18:28:00,FL7599,15.06,General,Low,Departure,T4,31,22.8,107.67,5,7,Crane,53.82,58.2,27,14.27,1,Fog,1002.95,525.06,14.53,0,90.91,116.34,Baseline,Low Efficiency
4837,2024-07-27 04:43:00,FL1606,48.4,Express,Low,Arrival,T1,39,81.4,52.7,14,4,Loader,54.29,93.33,23,37.49,1,Storm,2645.34,491.55,96.4,0,140.54,122.53,Adaptive,Low Efficiency
4838,2024-12-01 22:37:00,FL9740,52.55,Express,Medium,Arrival,T4,15,107.63,97.34,17,5,Crane,84.32,69.09,71,19.1,0,Clear,1234.68,1286.57,96.19,0,34.61,132.98,Baseline,Low Efficiency
4839,2024-05-01 05:33:00,FL9642,9.58,Perishable,High,Arrival,T2,32,49.31,61.94,16,8,Forklift,54.89,69.71,22,31.33,0,Storm,702.57,120.67,86.68,0,50.61,115.29,Optimized,Low Efficiency
4840,2024-11-03 15:03:00,FL1640,36.51,Express,Low,Departure,T4,46,86.33,88.04,15,10,Forklift,63.77,55.65,47,43.17,1,Fog,3846.17,1351.1,108.97,0,127.03,74.32,Optimized,Low Efficiency
4841,2024-08-02 09:21:00,FL6527,114.9,Express,High,Departure,T4,48,118.43,105.6,40,7,Forklift,72.64,54.09,99,15.7,1,Clear,4874.51,650.05,61.17,0,144.85,45.54,Adaptive,Low Efficiency
4842,2024-02-09 17:16:00,FL1266,114.67,Hazardous,Medium,Departure,T2,46,134.39,8.7,21,10,Conveyor,41.31,99.13,68,72.27,0,Clear,4903.17,963.56,20.57,0,134.66,65.6,Baseline,Low Efficiency
4843,2024-04-13 13:49:00,FL2137,45.52,General,Medium,Arrival,T2,29,28.44,67.86,33,10,Conveyor,90.24,73.62,93,33.84,1,Fog,4549.93,1227.79,46.47,1,78.8,138.78,Optimized,Low Efficiency
4844,2024-12-03 13:37:00,FL8698,9.96,Express,High,Departure,T4,34,126.27,118.78,7,2,Forklift,70.72,87.76,67,80.69,0,Storm,586.33,745.38,77.24,0,123.52,130.83,Baseline,Low Efficiency
4845,2024-11-24 21:59:00,FL2558,25.6,Perishable,Medium,Arrival,T2,9,29.07,62.07,33,8,Forklift,58.78,61.32,66,60.72,0,Storm,1580.49,229.66,45.52,0,38.16,60.72,Adaptive,Low Efficiency
4846,2024-03-06 20:34:00,FL7800,50.11,Express,High,Arrival,T4,35,24.51,104.39,14,8,Forklift,63.99,43.43,69,15.89,1,Fog,1119.62,858.38,79.62,0,54.42,69.26,Baseline,Low Efficiency
4847,2024-12-30 13:37:00,FL5931,113.99,General,Low,Departure,T3,6,44.39,26.38,23,9,Loader,43.35,52.74,82,57.78,1,Storm,3380.95,270.21,14.8,0,149.8,51.19,Baseline,Low Efficiency
4848,2024-03-23 09:49:00,FL5500,21.24,Express,High,Arrival,T4,37,124.58,74.49,8,2,Forklift,83.08,54.23,98,2.09,0,Storm,4323.11,1254.54,17.74,0,35.01,97.09,Optimized,Low Efficiency
4849,2024-05-10 21:43:00,FL6196,92.8,Hazardous,Low,Departure,T1,14,28.45,105.09,42,14,Conveyor,72.37,69.54,15,72.66,1,Clear,3073.56,1007.05,11.16,0,43.96,60.41,Adaptive,Low Efficiency
4850,2024-04-08 12:39:00,FL6665,17.5,General,Low,Departure,T2,47,23.34,54.63,16,4,Loader,94.84,40.82,44,87.68,1,Storm,2060.03,929.0,117.36,0,111.2,122.49,Adaptive,High Efficiency
4851,2024-10-13 05:20:00,FL7559,117.84,Express,High,Arrival,T3,49,38.87,60.97,35,2,Forklift,67.85,57.09,51,61.0,1,Fog,4603.58,100.54,38.78,1,103.67,76.65,Adaptive,Low Efficiency
4852,2024-10-28 03:28:00,FL2306,48.89,Hazardous,Critical,Arrival,T2,9,171.96,14.43,6,4,Conveyor,89.7,37.04,65,83.38,0,Storm,2773.32,1444.1,97.51,0,110.53,40.82,Baseline,Low Efficiency
4853,2024-08-23 12:53:00,FL6131,94.15,General,Low,Departure,T2,19,165.16,9.85,5,3,Loader,51.3,64.76,86,26.53,1,Clear,1286.08,282.46,107.55,1,143.02,72.41,Adaptive,Low Efficiency
4854,2024-11-24 07:48:00,FL9090,44.4,Express,Medium,Departure,T2,23,33.83,58.9,21,7,Loader,43.39,96.32,25,38.12,1,Storm,2900.18,356.85,27.34,1,26.77,112.93,Optimized,Low Efficiency
4855,2024-01-19 03:22:00,FL1771,77.18,Hazardous,Medium,Departure,T1,41,68.64,102.0,29,14,Conveyor,96.91,53.73,61,38.21,1,Fog,581.59,1480.62,31.9,0,90.9,73.52,Optimized,Low Efficiency
4856,2024-05-10 06:07:00,FL7444,27.08,Perishable,Low,Departure,T1,28,171.57,112.1,9,5,Conveyor,55.42,33.48,17,10.08,0,Rain,673.31,225.34,52.06,0,45.99,90.09,Baseline,Low Efficiency
4857,2024-11-26 08:38:00,FL5889,21.79,Hazardous,High,Departure,T4,16,35.63,80.75,18,7,Loader,90.02,72.61,97,71.68,0,Rain,3324.17,1138.3,65.45,0,65.2,137.97,Adaptive,Low Efficiency
4858,2024-05-27 01:01:00,FL8447,112.88,Perishable,High,Departure,T1,26,35.14,100.04,14,2,Conveyor,55.44,74.43,52,44.56,1,Rain,3754.71,232.95,68.82,0,55.4,109.82,Adaptive,Low Efficiency
4859,2024-11-27 02:09:00,FL9082,110.53,Express,Low,Departure,T2,38,33.76,89.51,25,4,Loader,49.35,63.57,58,44.14,0,Rain,1122.44,1125.94,52.43,0,140.3,149.56,Optimized,Low Efficiency
4860,2024-03-06 16:00:00,FL2989,107.06,Hazardous,Medium,Arrival,T3,40,176.24,85.67,29,6,Loader,83.95,57.78,81,60.16,1,Clear,2900.37,1345.14,74.49,1,142.49,20.72,Optimized,Low Efficiency
4861,2024-07-01 02:30:00,FL7126,76.92,Perishable,High,Departure,T3,25,138.9,93.44,39,12,Loader,86.7,92.49,57,15.39,0,Storm,3976.84,589.57,90.97,0,79.75,115.05,Baseline,Low Efficiency
4862,2024-08-23 23:37:00,FL2683,97.95,General,Medium,Arrival,T3,35,54.32,63.11,7,5,Loader,90.62,95.69,38,72.91,0,Clear,4470.52,537.32,87.01,1,112.03,112.58,Baseline,Moderate Efficiency
4863,2024-04-29 10:00:00,FL1479,12.94,Hazardous,High,Arrival,T2,5,27.35,57.66,22,11,Forklift,91.89,77.12,69,32.93,0,Rain,2633.1,1406.2,13.32,0,39.6,25.24,Optimized,Low Efficiency
4864,2024-03-30 23:05:00,FL4670,43.5,Express,Low,Departure,T1,7,174.44,23.3,40,2,Conveyor,68.99,65.09,37,7.17,0,Storm,1049.74,204.51,75.26,0,57.32,145.23,Adaptive,Low Efficiency
4865,2024-03-07 09:40:00,FL1783,41.08,General,High,Departure,T3,23,88.08,102.04,43,12,Forklift,64.01,34.73,75,17.13,0,Rain,811.35,586.57,88.39,0,102.15,128.33,Adaptive,Low Efficiency
4866,2024-03-24 03:10:00,FL1170,78.1,Perishable,Low,Departure,T2,25,115.74,10.13,37,7,Forklift,85.06,51.07,76,22.76,1,Rain,4354.62,1014.1,32.07,0,104.15,81.63,Baseline,Low Efficiency
4867,2024-11-23 05:48:00,FL3273,45.94,Hazardous,High,Departure,T2,1,64.67,35.76,21,2,Forklift,74.16,49.96,34,16.02,0,Fog,849.32,1062.49,76.4,0,137.25,40.86,Optimized,Low Efficiency
4868,2024-09-21 06:53:00,FL2722,22.08,Hazardous,Medium,Departure,T3,22,141.34,64.79,44,14,Forklift,97.92,34.08,35,21.8,0,Clear,4180.09,734.23,22.19,0,115.62,36.1,Optimized,Low Efficiency
4869,2024-03-03 02:50:00,FL6289,73.59,Express,Low,Arrival,T3,4,51.49,116.73,10,9,Loader,62.55,89.04,60,89.63,1,Rain,2465.99,1295.11,83.14,0,127.97,27.87,Optimized,Low Efficiency
4870,2024-10-06 16:24:00,FL8138,98.65,General,High,Arrival,T4,28,145.91,95.39,38,7,Loader,42.57,90.69,39,48.4,0,Rain,2463.97,1288.56,78.24,0,125.27,37.09,Adaptive,Low Efficiency
4871,2024-04-26 10:26:00,FL4708,48.94,Hazardous,Low,Departure,T4,48,56.9,47.4,30,12,Loader,75.36,93.87,46,54.26,1,Clear,2833.65,1243.89,36.51,0,47.98,139.46,Adaptive,Low Efficiency
4872,2024-10-02 17:53:00,FL3788,20.21,Hazardous,Medium,Departure,T2,14,35.67,87.1,46,3,Crane,61.21,81.93,16,14.94,1,Rain,1111.02,339.08,106.29,0,123.91,98.89,Baseline,Moderate Efficiency
4873,2024-10-04 03:35:00,FL2442,27.62,General,Medium,Departure,T4,33,96.61,112.11,35,6,Loader,60.56,79.74,88,3.96,0,Rain,3841.45,1005.36,98.72,0,38.89,27.46,Optimized,Low Efficiency
4874,2024-02-01 23:18:00,FL4131,32.31,Hazardous,Low,Departure,T4,4,150.11,66.97,32,5,Forklift,73.87,63.45,31,27.93,0,Storm,1850.02,1291.38,91.29,1,11.76,139.03,Adaptive,Low Efficiency
4875,2024-05-04 10:25:00,FL7043,39.49,General,Critical,Arrival,T3,42,81.58,58.12,40,12,Crane,95.31,90.02,14,69.28,0,Clear,3190.01,231.98,60.55,0,96.21,17.53,Adaptive,Low Efficiency
4876,2024-09-01 01:55:00,FL9807,78.92,General,High,Arrival,T4,11,24.62,68.59,17,9,Crane,56.02,65.71,47,50.29,1,Clear,524.0,442.42,34.96,1,61.01,67.27,Baseline,Low Efficiency
4877,2024-04-19 07:00:00,FL1080,74.11,General,Low,Arrival,T2,39,108.53,40.83,25,13,Crane,62.78,32.07,32,0.97,0,Fog,1766.83,1469.17,96.04,0,103.8,113.97,Optimized,Low Efficiency
4878,2024-04-28 01:19:00,FL1860,85.05,Express,High,Departure,T3,32,128.88,109.35,30,3,Loader,93.47,70.94,77,70.99,1,Storm,682.16,746.63,33.6,0,41.12,125.08,Baseline,Low Efficiency
4879,2024-04-15 07:11:00,FL5254,46.69,General,Medium,Departure,T4,4,138.51,96.69,35,2,Forklift,93.71,57.33,17,9.36,0,Clear,1911.25,842.28,63.56,0,45.07,128.03,Adaptive,Low Efficiency
4880,2024-05-10 05:55:00,FL1705,99.76,General,Critical,Departure,T4,1,84.31,86.13,20,2,Loader,54.08,66.49,56,39.63,0,Rain,1067.84,590.38,51.66,1,135.94,142.33,Adaptive,Low Efficiency
4881,2024-02-07 08:42:00,FL2815,28.47,Perishable,Medium,Arrival,T4,26,35.52,72.75,35,4,Conveyor,82.38,60.85,36,89.95,0,Clear,815.19,649.07,32.22,1,103.07,47.5,Baseline,Low Efficiency
4882,2024-11-01 12:43:00,FL1786,58.94,Perishable,Medium,Arrival,T1,33,113.49,116.49,17,13,Crane,64.93,64.78,42,10.92,0,Clear,4315.9,1352.33,77.61,1,22.49,63.55,Baseline,Low Efficiency
4883,2024-08-12 07:46:00,FL5985,97.11,Express,Medium,Arrival,T4,17,72.73,39.24,34,1,Conveyor,96.16,37.6,82,73.35,0,Rain,2142.05,392.93,118.03,0,59.05,98.75,Baseline,Moderate Efficiency
4884,2024-08-13 09:13:00,FL2229,25.72,General,Medium,Departure,T4,27,171.5,37.56,36,9,Crane,83.93,31.02,19,71.93,0,Storm,4214.01,490.81,62.39,0,101.04,132.73,Optimized,Low Efficiency
4885,2024-11-20 22:55:00,FL5320,17.63,Perishable,Medium,Arrival,T2,42,100.43,32.85,9,3,Crane,69.66,53.81,7,40.05,0,Clear,4516.97,800.92,64.95,0,110.31,94.14,Baseline,Low Efficiency
4886,2024-07-29 06:48:00,FL6395,106.62,Perishable,Low,Departure,T4,5,95.56,90.3,16,14,Conveyor,89.04,47.82,55,88.94,0,Fog,2777.24,534.8,51.0,0,79.58,48.09,Baseline,Low Efficiency
4887,2024-05-11 13:53:00,FL7218,44.44,Hazardous,High,Arrival,T1,7,69.47,96.69,43,13,Conveyor,99.87,47.5,30,27.72,1,Clear,3055.25,1349.69,35.11,0,45.27,122.28,Baseline,Low Efficiency
4888,2024-03-26 14:24:00,FL5422,83.65,General,Medium,Departure,T3,25,74.21,73.67,45,5,Loader,66.82,95.6,76,28.42,0,Clear,3409.51,986.18,41.08,0,103.68,136.28,Adaptive,Low Efficiency
4889,2024-04-05 19:22:00,FL3790,7.92,Perishable,Critical,Departure,T4,8,102.04,79.98,41,2,Conveyor,62.41,87.33,75,13.72,0,Rain,3401.19,805.24,106.34,0,21.75,11.17,Adaptive,Low Efficiency
4890,2024-05-27 17:05:00,FL3257,84.36,Express,Low,Departure,T4,34,69.07,45.13,8,8,Conveyor,76.42,30.94,29,33.28,0,Storm,2885.79,945.7,114.29,0,120.89,10.71,Baseline,Moderate Efficiency
4891,2024-01-03 13:44:00,FL8548,41.35,Hazardous,High,Departure,T2,41,162.77,9.57,46,11,Forklift,80.98,30.61,67,26.68,1,Fog,3174.57,127.76,100.89,0,115.82,143.56,Adaptive,Low Efficiency
4892,2024-07-03 07:26:00,FL2964,11.41,Hazardous,Critical,Arrival,T4,4,90.24,34.17,47,11,Conveyor,82.27,84.38,34,54.4,1,Fog,2484.96,1138.46,12.91,0,50.28,87.91,Baseline,Low Efficiency
4893,2024-01-09 21:20:00,FL3069,75.13,General,High,Arrival,T4,12,66.72,72.19,33,14,Loader,68.41,98.94,34,3.67,0,Storm,4622.65,569.6,76.86,0,18.5,22.36,Baseline,Low Efficiency
4894,2024-11-29 23:21:00,FL6231,32.69,General,Critical,Arrival,T4,31,44.86,98.49,45,3,Crane,59.94,62.56,95,27.92,0,Clear,3745.86,951.47,70.42,0,22.51,59.9,Baseline,Low Efficiency
4895,2024-12-28 08:40:00,FL3424,49.48,Hazardous,High,Departure,T4,11,127.58,94.38,9,5,Crane,89.32,60.32,86,0.42,1,Fog,1917.15,1265.05,95.22,1,69.73,89.42,Adaptive,Low Efficiency
4896,2024-12-29 02:24:00,FL7771,14.27,Express,Medium,Arrival,T3,37,24.13,25.64,15,7,Forklift,97.5,49.31,2,0.57,0,Rain,2007.62,583.68,95.86,0,35.71,97.53,Optimized,Moderate Efficiency
4897,2024-01-05 04:29:00,FL8320,21.92,General,High,Departure,T2,44,92.0,10.92,34,2,Loader,91.84,76.66,27,73.83,0,Clear,2548.52,151.75,58.19,0,71.11,32.84,Optimized,Low Efficiency
4898,2024-12-25 07:57:00,FL3004,39.27,General,Low,Arrival,T3,36,108.02,102.81,13,3,Crane,80.94,63.02,47,67.48,0,Fog,642.45,101.36,41.63,1,18.0,127.61,Adaptive,Low Efficiency
4899,2024-06-22 05:13:00,FL9548,15.32,Hazardous,Medium,Arrival,T1,45,74.37,13.69,32,8,Forklift,61.61,41.73,96,66.97,1,Rain,4961.21,1303.76,20.7,1,72.02,86.29,Optimized,Low Efficiency
4900,2024-06-06 22:08:00,FL9644,109.75,Hazardous,Low,Departure,T4,22,139.97,50.23,26,10,Crane,77.35,63.7,57,31.83,0,Storm,2605.29,865.14,77.25,0,136.38,83.53,Optimized,Low Efficiency
4901,2024-12-12 09:40:00,FL4940,5.7,General,High,Departure,T1,1,128.11,15.84,15,14,Loader,46.07,56.35,99,62.93,0,Storm,3987.77,1010.63,40.1,1,104.96,85.73,Optimized,Low Efficiency
4902,2024-11-26 09:39:00,FL8830,60.64,Perishable,Medium,Departure,T3,4,175.42,69.87,25,8,Conveyor,72.03,92.29,17,23.09,1,Storm,1211.83,935.51,116.11,0,19.07,18.72,Baseline,Low Efficiency
4903,2024-10-25 15:54:00,FL9029,19.17,General,Medium,Arrival,T1,36,101.4,46.78,10,3,Forklift,86.87,84.01,98,27.85,0,Storm,3241.45,336.61,15.14,0,21.81,115.3,Baseline,Low Efficiency
4904,2024-11-17 18:19:00,FL5596,40.38,Perishable,Low,Departure,T4,8,106.05,28.29,30,13,Conveyor,55.06,79.09,26,50.62,1,Rain,2217.68,153.54,116.07,1,81.08,21.28,Optimized,Low Efficiency
4905,2024-02-27 19:42:00,FL6274,111.5,Hazardous,Critical,Arrival,T1,25,59.33,73.44,20,10,Loader,70.09,52.9,10,62.97,1,Rain,4504.67,440.48,64.53,0,46.91,74.86,Baseline,Low Efficiency
4906,2024-01-05 18:52:00,FL8908,23.59,Perishable,Low,Arrival,T3,28,81.68,46.79,18,12,Loader,44.4,39.77,39,23.92,1,Clear,4696.42,1487.25,76.72,0,71.83,92.47,Adaptive,Low Efficiency
4907,2024-06-27 04:40:00,FL4700,116.07,Express,Low,Arrival,T4,38,24.3,24.18,39,7,Crane,90.31,90.53,9,61.14,1,Storm,3311.68,684.91,74.19,1,117.53,39.61,Baseline,Moderate Efficiency
4908,2024-07-21 12:22:00,FL2504,28.67,Hazardous,Low,Departure,T2,36,130.28,85.51,46,14,Crane,61.01,53.99,25,86.62,1,Storm,774.22,1395.11,92.8,0,65.06,77.5,Baseline,Low Efficiency
4909,2024-05-31 04:43:00,FL5322,90.28,General,Critical,Arrival,T3,36,69.86,101.23,40,11,Forklift,74.93,71.51,20,44.45,0,Storm,2599.74,464.36,20.0,0,52.07,50.1,Baseline,Low Efficiency
4910,2024-02-05 14:55:00,FL5853,67.87,General,Critical,Departure,T4,43,106.46,36.48,26,13,Crane,62.71,71.36,15,36.64,1,Rain,576.18,1101.55,107.66,0,135.34,109.35,Baseline,Low Efficiency
4911,2024-05-14 14:18:00,FL2356,106.72,Hazardous,High,Departure,T2,41,60.8,26.44,6,2,Crane,75.86,94.96,91,20.92,0,Storm,2831.05,136.46,97.02,0,109.9,84.71,Baseline,Moderate Efficiency
4912,2024-04-17 22:57:00,FL6783,68.71,Hazardous,Critical,Arrival,T1,46,119.37,13.65,17,9,Loader,84.65,42.02,11,32.05,1,Rain,2756.38,118.36,103.52,0,98.82,22.97,Baseline,Low Efficiency
4913,2024-02-10 02:18:00,FL4971,66.47,Express,Low,Arrival,T1,4,91.61,65.71,15,13,Loader,59.61,84.02,16,47.59,1,Clear,2377.68,752.24,63.39,0,20.06,93.98,Optimized,Low Efficiency
4914,2024-09-11 03:33:00,FL4373,27.48,Hazardous,Critical,Arrival,T1,13,97.1,100.6,16,13,Forklift,71.16,62.38,94,84.97,0,Storm,2016.53,1008.72,86.76,1,80.12,29.08,Optimized,Low Efficiency
4915,2024-01-27 17:44:00,FL2278,24.12,General,Low,Arrival,T4,38,170.82,33.84,37,8,Conveyor,87.69,42.23,22,23.47,1,Clear,3105.34,1447.14,60.3,0,135.27,10.38,Baseline,Low Efficiency
4916,2024-04-15 20:36:00,FL2231,110.4,Express,Low,Departure,T1,45,132.99,57.97,26,9,Forklift,81.27,88.49,62,20.83,1,Rain,1295.55,141.58,24.34,1,125.13,30.48,Baseline,Low Efficiency
4917,2024-01-24 14:47:00,FL9103,42.7,General,Low,Departure,T1,25,61.9,23.49,13,9,Loader,43.42,87.41,24,86.45,1,Clear,618.46,1483.02,43.22,1,19.01,10.6,Baseline,Low Efficiency
4918,2024-08-05 07:38:00,FL1987,47.79,Perishable,Medium,Departure,T2,3,100.63,51.48,48,7,Loader,74.13,32.81,88,54.53,1,Fog,4040.13,760.54,40.63,0,115.14,148.32,Adaptive,Low Efficiency
4919,2024-08-29 02:35:00,FL4481,92.38,Hazardous,High,Departure,T2,32,94.67,6.78,11,4,Forklift,62.58,79.66,36,66.17,0,Clear,4035.17,1172.94,28.26,1,132.33,98.73,Baseline,Low Efficiency
4920,2024-03-04 20:42:00,FL1215,43.96,Perishable,Medium,Departure,T2,39,147.21,109.73,21,12,Forklift,82.53,40.75,18,74.67,1,Rain,3107.31,1004.8,36.54,0,44.16,97.57,Adaptive,Low Efficiency
4921,2024-02-05 16:53:00,FL4541,114.49,General,Critical,Departure,T4,1,153.34,82.81,14,12,Conveyor,41.0,72.73,20,7.36,0,Clear,4235.4,446.9,64.84,0,82.94,140.65,Baseline,Low Efficiency
4922,2024-03-20 06:56:00,FL8670,89.86,Perishable,Medium,Departure,T3,11,65.35,43.27,42,5,Loader,59.84,75.07,8,43.63,1,Clear,2808.25,565.55,56.44,1,133.98,27.86,Baseline,Low Efficiency
4923,2024-10-30 14:51:00,FL7308,73.7,Perishable,Low,Departure,T1,2,151.38,106.34,43,7,Crane,45.19,76.57,15,12.61,1,Rain,529.46,927.56,46.21,0,133.29,13.87,Optimized,Low Efficiency
4924,2024-05-09 19:06:00,FL4078,106.3,General,Medium,Departure,T1,5,48.72,26.04,29,13,Loader,95.23,38.41,77,56.19,0,Rain,1167.25,234.92,109.74,1,67.79,105.56,Adaptive,Moderate Efficiency
4925,2024-04-27 11:32:00,FL8989,10.7,General,High,Arrival,T4,22,142.04,14.05,31,5,Crane,92.59,71.88,78,85.84,0,Storm,2568.06,1184.61,95.66,0,81.0,96.5,Baseline,Low Efficiency
4926,2024-07-26 01:54:00,FL2712,34.56,Hazardous,High,Arrival,T1,46,59.81,113.4,34,12,Crane,98.09,36.99,47,5.06,0,Clear,4380.24,1219.42,10.28,1,24.87,136.66,Baseline,Low Efficiency
4927,2024-05-09 04:37:00,FL6577,58.48,Perishable,Medium,Departure,T4,13,67.67,40.54,34,10,Crane,78.61,82.19,88,24.67,0,Storm,1515.12,1248.89,72.74,0,84.81,55.25,Optimized,Low Efficiency
4928,2024-11-27 13:36:00,FL4418,31.1,Express,Medium,Departure,T4,48,156.39,112.64,47,8,Conveyor,88.42,34.46,24,89.97,0,Fog,653.2,1288.02,86.99,1,130.55,87.35,Optimized,Low Efficiency
4929,2024-09-19 06:45:00,FL9644,90.55,Express,Low,Arrival,T4,23,87.21,78.33,38,5,Forklift,76.71,83.05,47,0.49,0,Fog,2356.26,1064.73,15.87,0,34.19,89.05,Baseline,Low Efficiency
4930,2024-01-27 02:21:00,FL9420,110.71,General,High,Arrival,T3,47,178.49,117.7,37,5,Crane,69.52,91.84,18,12.56,1,Rain,800.25,1141.52,22.54,0,74.16,45.92,Adaptive,Low Efficiency
4931,2024-03-08 19:29:00,FL6134,53.73,General,Critical,Arrival,T4,31,44.31,91.64,36,5,Forklift,90.03,50.9,32,7.27,0,Storm,2976.92,924.16,40.64,0,100.05,60.41,Optimized,Low Efficiency
4932,2024-08-05 22:33:00,FL6108,44.35,Perishable,Low,Departure,T3,35,94.14,17.13,46,4,Crane,86.57,84.48,99,68.77,0,Fog,750.3,417.34,77.52,0,16.8,58.78,Baseline,Low Efficiency
4933,2024-08-23 01:43:00,FL8438,115.58,General,Critical,Arrival,T3,38,137.19,103.01,16,11,Conveyor,84.0,59.23,84,67.58,0,Clear,574.82,216.26,111.54,0,15.12,128.22,Baseline,Low Efficiency
4934,2024-09-25 09:13:00,FL3523,56.16,Express,Medium,Arrival,T1,41,20.86,22.01,45,12,Crane,93.63,85.84,42,69.98,0,Rain,4744.62,349.98,63.44,1,128.86,62.57,Adaptive,Moderate Efficiency
4935,2024-10-02 22:26:00,FL9265,61.24,Hazardous,Low,Arrival,T2,35,44.3,84.6,27,11,Forklift,95.72,78.04,96,69.74,0,Clear,3493.83,370.35,118.05,0,145.11,97.24,Optimized,Moderate Efficiency
4936,2024-02-19 06:33:00,FL2731,45.44,Hazardous,Critical,Arrival,T3,45,23.26,62.55,33,12,Conveyor,66.72,50.24,37,75.17,0,Storm,1037.7,1161.05,113.04,0,116.51,62.34,Adaptive,Moderate Efficiency
4937,2024-11-07 04:01:00,FL3130,109.6,Perishable,Medium,Arrival,T3,13,178.86,86.39,47,7,Forklift,56.97,43.56,33,69.56,0,Storm,3002.95,1426.85,80.11,1,144.85,21.88,Baseline,Low Efficiency
4938,2024-02-17 06:39:00,FL4584,70.43,Hazardous,Medium,Departure,T2,7,141.7,92.97,5,2,Forklift,70.71,94.03,1,43.52,0,Fog,1662.73,1240.21,60.38,1,31.48,139.61,Optimized,Low Efficiency
4939,2024-08-01 05:37:00,FL6957,92.65,General,Low,Arrival,T3,5,79.77,97.42,24,10,Forklift,45.58,88.73,92,67.09,0,Storm,3924.88,1489.09,84.97,0,131.83,21.02,Baseline,Low Efficiency
4940,2024-12-08 20:07:00,FL7317,98.36,General,Low,Departure,T2,29,45.01,101.02,14,13,Crane,96.29,76.19,27,53.79,1,Fog,4163.89,161.12,97.03,0,136.82,11.41,Baseline,Moderate Efficiency
4941,2024-04-07 23:21:00,FL8412,44.31,General,High,Arrival,T1,8,34.46,102.43,23,4,Conveyor,99.03,54.46,17,32.99,0,Fog,2784.23,144.92,113.74,0,50.62,47.96,Baseline,Moderate Efficiency
4942,2024-03-29 20:30:00,FL9412,54.87,General,High,Arrival,T4,8,105.11,52.45,27,11,Conveyor,79.16,65.73,46,75.29,0,Rain,2342.73,1056.97,92.89,0,100.74,48.87,Adaptive,Low Efficiency
4943,2024-07-18 19:48:00,FL4326,102.57,Perishable,Critical,Arrival,T2,7,176.14,107.26,25,3,Conveyor,84.77,69.05,79,70.92,0,Fog,1927.38,135.85,53.07,0,52.82,50.64,Optimized,Low Efficiency
4944,2024-08-27 17:20:00,FL7556,46.77,Hazardous,Low,Arrival,T4,19,127.94,87.75,47,10,Loader,59.42,36.02,78,15.61,0,Storm,647.78,1347.02,64.26,0,25.3,122.22,Optimized,Low Efficiency
4945,2024-10-28 06:56:00,FL4079,96.3,Express,Low,Arrival,T2,39,78.42,101.48,39,13,Loader,91.98,98.06,95,2.2,1,Storm,3023.26,761.04,15.17,0,123.83,50.17,Adaptive,Low Efficiency
4946,2024-06-01 19:18:00,FL2124,113.21,Hazardous,Low,Departure,T4,23,100.14,118.76,36,8,Conveyor,94.02,36.43,34,28.44,0,Rain,2790.17,1394.17,13.16,0,136.83,98.35,Baseline,Low Efficiency
4947,2024-06-01 05:25:00,FL5552,76.67,General,Medium,Departure,T1,36,179.82,18.39,14,7,Crane,44.61,80.52,3,36.34,0,Storm,1458.61,449.79,40.97,0,25.41,11.04,Optimized,Low Efficiency
4948,2024-02-12 08:50:00,FL7931,90.29,Express,Critical,Departure,T3,42,103.0,47.62,6,3,Loader,47.89,64.5,56,15.69,1,Rain,2894.23,999.37,98.67,0,100.75,134.94,Adaptive,Low Efficiency
4949,2024-03-20 14:11:00,FL3690,97.59,Perishable,High,Departure,T1,32,174.27,97.75,40,4,Crane,55.65,83.19,12,76.96,0,Rain,2604.34,1078.68,45.12,0,145.95,46.39,Adaptive,Low Efficiency
4950,2024-03-04 20:08:00,FL6032,102.18,General,Medium,Departure,T3,45,22.62,14.92,10,13,Crane,82.22,48.27,26,3.02,1,Rain,1673.05,502.17,22.86,0,48.24,85.26,Baseline,Low Efficiency
4951,2024-12-18 04:37:00,FL2672,50.43,General,Critical,Departure,T4,4,135.35,67.19,47,14,Loader,51.0,57.66,24,43.53,1,Rain,3843.94,614.16,49.17,1,115.14,89.56,Optimized,Low Efficiency
4952,2024-07-28 02:57:00,FL3413,10.9,Express,High,Departure,T4,30,120.35,103.72,21,4,Forklift,53.2,66.79,60,4.99,0,Rain,1606.46,872.03,43.61,0,67.72,43.59,Optimized,Low Efficiency
4953,2024-11-06 23:18:00,FL8552,51.22,Perishable,Low,Arrival,T3,42,129.65,7.18,19,12,Forklift,62.91,38.45,58,48.3,0,Fog,2529.68,637.1,118.82,1,18.92,92.74,Adaptive,Low Efficiency
4954,2024-08-18 11:02:00,FL2755,82.48,Express,High,Departure,T2,39,111.29,113.04,40,10,Forklift,76.7,89.63,63,41.73,0,Storm,2900.39,788.13,116.85,0,107.96,131.37,Optimized,Low Efficiency
4955,2024-07-08 01:53:00,FL2805,56.79,Perishable,Medium,Arrival,T1,5,27.07,117.49,28,7,Loader,98.58,99.41,98,70.21,0,Rain,4151.07,738.41,91.06,0,44.43,56.36,Adaptive,Moderate Efficiency
4956,2024-09-14 16:02:00,FL4941,91.13,General,Low,Arrival,T2,3,43.93,42.06,44,8,Crane,87.03,59.23,8,62.07,1,Clear,2392.47,1032.39,101.18,1,93.5,140.72,Baseline,Moderate Efficiency
4957,2024-04-04 10:54:00,FL1271,46.05,Hazardous,Low,Departure,T4,22,167.56,93.18,33,4,Loader,73.5,56.38,76,75.96,0,Clear,1431.49,213.86,37.92,0,19.9,42.84,Baseline,Low Efficiency
4958,2024-12-27 11:09:00,FL8550,78.0,General,Medium,Arrival,T1,28,57.27,19.63,18,8,Conveyor,42.96,71.59,73,48.99,1,Clear,566.68,1439.27,69.14,0,26.83,26.51,Optimized,Low Efficiency
4959,2024-12-28 10:39:00,FL4064,26.44,Hazardous,Medium,Arrival,T1,22,178.87,93.88,6,1,Crane,71.01,78.21,26,74.02,1,Storm,1634.27,243.99,119.83,0,10.81,58.95,Baseline,Low Efficiency
4960,2024-12-24 15:08:00,FL5370,91.18,Hazardous,Low,Departure,T2,22,128.73,60.37,26,13,Loader,52.25,90.8,58,64.72,1,Storm,3877.37,573.35,45.55,0,40.5,134.96,Optimized,Low Efficiency
4961,2024-05-11 00:06:00,FL1468,67.76,Perishable,Low,Arrival,T3,34,91.1,103.93,10,9,Crane,58.0,56.1,38,70.16,0,Fog,4192.13,112.18,118.48,0,28.3,32.59,Adaptive,Low Efficiency
4962,2024-06-18 11:06:00,FL8802,28.47,Express,High,Departure,T3,29,167.21,29.45,13,7,Loader,55.05,83.54,49,54.06,0,Rain,3203.1,1242.43,30.71,0,51.11,68.22,Optimized,Low Efficiency
4963,2024-07-30 12:38:00,FL9698,38.57,Perishable,Critical,Arrival,T1,43,147.2,82.36,16,4,Conveyor,60.85,46.81,43,64.76,1,Fog,4767.48,257.52,78.22,0,38.58,97.4,Baseline,Low Efficiency
4964,2024-05-20 22:37:00,FL8416,91.09,General,High,Departure,T3,42,88.63,95.4,46,8,Conveyor,43.74,77.63,59,36.15,0,Fog,2849.81,489.89,96.01,0,46.9,124.19,Baseline,Low Efficiency
4965,2024-01-02 03:37:00,FL6766,60.5,Express,Low,Arrival,T4,13,30.97,28.29,43,12,Conveyor,74.61,62.67,83,7.65,0,Rain,2656.96,732.47,75.25,0,28.02,136.71,Optimized,Moderate Efficiency
4966,2024-03-27 01:49:00,FL5351,29.84,Hazardous,Low,Departure,T2,7,158.93,99.1,9,10,Forklift,42.75,76.32,21,37.49,0,Fog,4247.77,1281.57,43.98,1,34.86,148.86,Baseline,Low Efficiency
4967,2024-01-18 11:11:00,FL2938,116.24,Hazardous,Low,Arrival,T2,10,142.41,115.17,44,2,Conveyor,79.64,56.59,13,15.61,0,Rain,1251.48,1174.15,99.54,0,49.48,128.34,Optimized,Low Efficiency
4968,2024-12-04 12:27:00,FL2377,87.24,General,Low,Departure,T2,28,146.52,75.85,48,14,Forklift,83.85,50.6,99,56.64,0,Rain,568.13,309.9,32.19,1,71.08,11.33,Optimized,Low Efficiency
4969,2024-03-26 20:54:00,FL6806,115.07,Express,Medium,Arrival,T1,4,139.18,95.26,5,8,Crane,69.16,64.02,3,23.69,0,Rain,4468.09,725.33,57.33,1,46.79,65.01,Adaptive,Low Efficiency
4970,2024-05-30 23:22:00,FL8069,54.12,General,High,Arrival,T1,32,64.12,66.25,14,10,Crane,86.88,92.66,89,86.23,0,Clear,2903.5,565.83,40.77,0,36.24,129.6,Baseline,Low Efficiency
4971,2024-10-28 22:13:00,FL4474,59.64,General,High,Departure,T3,22,157.42,73.78,15,6,Crane,98.04,77.24,32,24.41,1,Storm,3852.04,1427.89,64.49,0,99.11,146.65,Baseline,Low Efficiency
4972,2024-10-28 11:53:00,FL3467,108.26,Perishable,High,Arrival,T2,20,20.36,6.54,31,7,Loader,60.4,72.82,21,8.83,0,Rain,3330.15,1298.04,52.62,0,60.76,18.33,Baseline,Low Efficiency
4973,2024-02-03 03:02:00,FL7503,65.38,General,Low,Departure,T4,48,57.96,65.29,27,7,Loader,77.13,80.39,14,79.26,0,Rain,3487.49,310.59,29.7,0,94.47,57.58,Optimized,Low Efficiency
4974,2024-08-31 01:26:00,FL9227,86.34,Express,Medium,Arrival,T4,20,27.45,71.19,24,2,Forklift,59.42,81.04,95,37.3,0,Fog,3143.02,701.49,91.61,0,65.93,101.12,Adaptive,Moderate Efficiency
4975,2024-09-11 14:34:00,FL8059,34.0,General,High,Arrival,T2,6,37.7,82.06,9,14,Forklift,66.6,50.63,8,32.02,1,Clear,3763.4,722.56,29.43,0,67.92,67.22,Optimized,Low Efficiency
4976,2024-06-03 14:52:00,FL9321,56.37,Express,Medium,Departure,T1,9,105.18,24.48,17,11,Forklift,41.25,46.29,7,79.68,0,Fog,1010.71,1445.28,70.02,0,62.66,31.94,Baseline,Low Efficiency
4977,2024-01-09 05:26:00,FL6467,19.2,Hazardous,Low,Arrival,T1,28,25.96,32.76,14,2,Loader,44.46,65.64,99,58.81,1,Fog,1629.16,1213.36,98.5,0,129.36,135.93,Optimized,Moderate Efficiency
4978,2024-05-26 12:00:00,FL1870,28.69,General,Medium,Departure,T1,13,49.02,91.94,40,4,Loader,87.85,40.35,83,47.9,1,Clear,2656.11,1232.66,63.16,0,63.72,52.59,Baseline,Low Efficiency
4979,2024-07-24 01:47:00,FL8230,5.11,Express,Low,Arrival,T4,31,57.24,24.28,45,6,Crane,48.39,63.23,59,29.44,0,Fog,3724.07,615.35,107.55,1,94.2,45.81,Optimized,Moderate Efficiency
4980,2024-07-04 06:16:00,FL5466,9.52,Hazardous,Low,Arrival,T2,39,124.85,52.84,20,4,Conveyor,81.95,78.51,2,26.32,0,Fog,1888.24,1073.74,57.17,0,75.35,90.03,Optimized,Low Efficiency
4981,2024-02-19 09:31:00,FL7058,117.39,Express,High,Arrival,T4,14,95.01,33.81,11,6,Conveyor,82.53,30.52,69,52.16,1,Rain,4132.49,548.33,116.78,0,92.94,128.26,Baseline,Moderate Efficiency
4982,2024-08-12 02:42:00,FL2602,32.87,Hazardous,Critical,Arrival,T2,22,93.35,67.7,36,5,Loader,99.77,37.78,44,45.13,0,Clear,794.03,1254.35,12.74,0,37.41,76.73,Optimized,Low Efficiency
4983,2024-08-06 15:50:00,FL1805,81.28,Perishable,Low,Departure,T4,37,142.95,118.49,29,6,Conveyor,81.74,97.35,66,24.84,0,Clear,4059.05,1444.12,97.02,0,26.63,25.7,Baseline,Low Efficiency
4984,2024-08-23 20:58:00,FL7267,101.5,General,Low,Departure,T4,45,93.08,102.98,48,9,Crane,47.72,94.96,18,16.56,0,Clear,3645.77,954.18,87.86,1,92.68,72.72,Optimized,Low Efficiency
4985,2024-01-05 11:09:00,FL7923,68.33,General,High,Arrival,T3,24,75.76,35.99,30,6,Conveyor,77.59,59.25,79,73.62,0,Fog,793.68,840.22,77.22,0,147.64,23.86,Optimized,Low Efficiency
4986,2024-03-23 21:26:00,FL4177,22.61,Hazardous,Low,Arrival,T4,8,173.99,47.39,40,6,Forklift,71.45,71.3,16,61.9,1,Storm,642.36,1321.49,42.57,0,46.11,34.34,Baseline,Low Efficiency
4987,2024-08-30 16:32:00,FL5816,88.73,Perishable,Medium,Departure,T2,15,21.33,110.64,32,11,Crane,95.04,40.87,12,89.4,0,Fog,4279.58,1367.03,77.18,0,10.21,71.09,Baseline,Moderate Efficiency
4988,2024-09-05 13:43:00,FL4103,74.03,Express,Low,Arrival,T4,41,68.86,108.3,48,11,Loader,81.41,53.17,60,46.42,0,Storm,1151.57,226.27,75.4,1,137.8,26.02,Baseline,Low Efficiency
4989,2024-10-15 09:27:00,FL7597,89.09,Perishable,Low,Departure,T3,6,117.5,23.46,16,8,Forklift,71.11,85.51,86,89.49,1,Clear,1639.87,1076.24,26.43,0,28.42,103.81,Baseline,Low Efficiency
4990,2024-01-22 04:51:00,FL3894,93.52,Express,High,Arrival,T3,23,145.25,100.37,30,5,Loader,77.45,89.92,92,41.47,0,Fog,4533.31,979.85,106.78,0,131.41,86.14,Baseline,Low Efficiency
4991,2024-05-07 21:20:00,FL5520,117.17,Express,High,Arrival,T2,25,150.63,39.22,8,5,Loader,66.61,58.37,54,48.15,0,Storm,2042.94,394.24,68.81,0,82.0,58.06,Optimized,Low Efficiency
4992,2024-05-21 06:40:00,FL9676,70.96,General,Low,Departure,T3,31,27.37,67.54,48,10,Forklift,70.5,51.77,40,18.82,1,Clear,2886.96,274.8,19.8,1,35.03,32.27,Optimized,Low Efficiency
4993,2024-08-28 16:09:00,FL9087,44.29,Hazardous,Medium,Arrival,T3,46,133.46,5.59,27,13,Crane,83.34,77.72,43,13.46,0,Fog,639.57,499.36,53.07,1,37.56,81.82,Adaptive,Low Efficiency
4994,2024-09-03 01:52:00,FL9497,79.57,General,Low,Departure,T1,29,135.24,119.84,44,11,Loader,44.7,80.25,22,84.62,0,Clear,3060.55,336.58,33.82,0,83.8,121.77,Adaptive,Low Efficiency
4995,2024-12-14 21:01:00,FL8103,12.87,General,Low,Departure,T2,23,54.25,92.53,28,1,Forklift,76.92,98.87,4,88.31,0,Storm,3710.86,439.61,28.55,1,121.25,114.9,Adaptive,Low Efficiency
4996,2024-12-11 12:29:00,FL2788,108.2,General,Critical,Departure,T3,10,38.04,32.8,35,6,Forklift,45.29,78.81,76,49.28,0,Clear,3042.99,1384.65,114.1,1,123.49,146.14,Baseline,Moderate Efficiency
4997,2024-01-26 21:25:00,FL1817,18.73,Express,High,Departure,T3,9,139.95,83.64,34,1,Loader,91.3,46.81,21,24.5,1,Storm,4139.06,1382.7,84.23,0,43.32,80.05,Baseline,Low Efficiency
4998,2024-04-08 20:28:00,FL5078,42.7,General,Medium,Departure,T3,49,59.92,38.73,7,11,Loader,96.55,34.2,91,85.63,1,Fog,3994.5,454.96,43.17,0,109.54,98.41,Optimized,Low Efficiency
4999,2024-12-16 14:44:00,FL2819,98.81,Express,High,Departure,T2,13,20.27,15.29,20,8,Crane,86.81,48.03,23,71.71,0,Storm,2655.99,382.97,84.62,1,77.14,44.1,Optimized,Moderate Efficiency
5000,2024-04-23 03:34:00,FL4597,73.69,Hazardous,High,Arrival,T1,32,55.77,53.91,38,10,Forklift,83.08,45.87,42,16.18,0,Clear,3402.98,736.36,98.33,1,96.85,118.07,Optimized,Moderate Efficiency
